{"type":"FeatureCollection","generatedAt":"2026-09-25T22:24:06.289468+00:00","features":[{"type":"Feature","properties":{"kind":"service","name":""},"geometry":{"type":"LineString","coordinates":[[-117.841336,33.649847],[-117.841265,33.6498]]}},{"type":"Feature","properties":{"kind":"service","name":"Brandywine Service Road"},"geometry":{"type":"LineString","coordinates":[[-117.837383,33.645581],[-117.838769,33.645901],[-117.83941,33.645904]]}},{"type":"Feature","properties":{"kind":"service","name":"Engineering Service Road"},"geometry":{"type":"LineString","coordinates":[[-117.839057,33.642736],[-117.839048,33.642806]]}},{"type":"Feature","properties":{"kind":"service","name":""},"geometry":{"type":"LineString","coordinates":[[-117.833942,33.644273],[-117.833858,33.643861],[-117.833628,33.643711],[-117.83309,33.643693],[-117.83264,33.643604],[-117.83208,33.643604],[-117.831379,33.643452],[-117.830798,33.643668],[-117.830341,33.643756],[-117.830184,33.643851],[-117.829955,33.644596]]}},{"type":"Feature","properties":{"kind":"residential","name":"Oakley Terrace"},"geometry":{"type":"LineString","coordinates":[[-117.817033,33.634755],[-117.817259,33.634801],[-117.819332,33.636037],[-117.819601,33.636354],[-117.819737,33.636635],[-117.819786,33.636906],[-117.819702,33.6375]]}},{"type":"Feature","properties":{"kind":"residential","name":"Hiram Lane"},"geometry":{"type":"LineString","coordinates":[[-117.821062,33.643888],[-117.820116,33.643922]]}},{"type":"Feature","properties":{"kind":"service","name":"Vassar Aisle"},"geometry":{"type":"LineString","coordinates":[[-117.838341,33.655268],[-117.838615,33.654738],[-117.838497,33.654223],[-117.838203,33.653744],[-117.837393,33.652998],[-117.836572,33.652903]]}},{"type":"Feature","properties":{"kind":"residential","name":"Cornell"},"geometry":{"type":"LineString","coordinates":[[-117.832325,33.648463],[-117.832475,33.648916],[-117.832777,33.649277],[-117.833181,33.649102],[-117.833551,33.649023],[-117.834459,33.649105]]}},{"type":"Feature","properties":{"kind":"residential","name":"Giffin Lane"},"geometry":{"type":"LineString","coordinates":[[-117.821096,33.642388],[-117.820234,33.642314]]}},{"type":"Feature","properties":{"kind":"residential","name":"Racine Drive"},"geometry":{"type":"LineString","coordinates":[[-117.820234,33.642314],[-117.820069,33.643001],[-117.820116,33.643922]]}},{"type":"Feature","properties":{"kind":"residential","name":"Schubert Court"},"geometry":{"type":"LineString","coordinates":[[-117.838699,33.641801],[-117.838897,33.641979],[-117.83946,33.642113],[-117.839536,33.642103],[-117.839599,33.641957],[-117.839533,33.641762],[-117.838829,33.641753],[-117.838699,33.641801]]}},{"type":"Feature","properties":{"kind":"residential","name":"Schubert Court"},"geometry":{"type":"LineString","coordinates":[[-117.838141,33.640418],[-117.838035,33.640611],[-117.838066,33.641054],[-117.837974,33.641865],[-117.838036,33.641922],[-117.838336,33.641975],[-117.838699,33.641801]]}},{"type":"Feature","properties":{"kind":"residential","name":"Schubert Court"},"geometry":{"type":"LineString","coordinates":[[-117.838141,33.640418],[-117.837799,33.640203]]}},{"type":"Feature","properties":{"kind":"service","name":"Lehigh Aisle"},"geometry":{"type":"LineString","coordinates":[[-117.835755,33.652989],[-117.835809,33.653176],[-117.836091,33.653454],[-117.837403,33.653926],[-117.837533,33.654717],[-117.838805,33.655211]]}},{"type":"Feature","properties":{"kind":"residential","name":"Norwood Terrace"},"geometry":{"type":"LineString","coordinates":[[-117.817439,33.640119],[-117.817831,33.639588],[-117.818704,33.639043],[-117.819008,33.638442],[-117.819028,33.637849]]}},{"type":"Feature","properties":{"kind":"residential","name":"Urey Court"},"geometry":{"type":"LineString","coordinates":[[-117.840951,33.63774],[-117.839225,33.638042],[-117.838769,33.638058],[-117.838334,33.637983],[-117.837958,33.637636],[-117.837661,33.637016],[-117.837422,33.636712],[-117.837188,33.636755],[-117.836515,33.637157],[-117.835989,33.637264],[-117.835809,33.637355]]}},{"type":"Feature","properties":{"kind":"residential","name":"Virgil Court"},"geometry":{"type":"LineString","coordinates":[[-117.838334,33.637983],[-117.838019,33.638378],[-117.836851,33.638809]]}},{"type":"Feature","properties":{"kind":"residential","name":"Chaffey Lane"},"geometry":{"type":"LineString","coordinates":[[-117.820501,33.641199],[-117.821302,33.641384]]}},{"type":"Feature","properties":{"kind":"residential","name":"Grinnell Lane"},"geometry":{"type":"LineString","coordinates":[[-117.820145,33.644757],[-117.821155,33.644627]]}},{"type":"Feature","properties":{"kind":"residential","name":"Via Siena"},"geometry":{"type":"LineString","coordinates":[[-117.819294,33.646967],[-117.819411,33.646697]]}},{"type":"Feature","properties":{"kind":"service","name":"Rice Aisle"},"geometry":{"type":"LineString","coordinates":[[-117.835787,33.653146],[-117.835607,33.653262],[-117.835488,33.653526]]}},{"type":"Feature","properties":{"kind":"service","name":""},"geometry":{"type":"LineString","coordinates":[[-117.845904,33.643853],[-117.846446,33.644298]]}},{"type":"Feature","properties":{"kind":"residential","name":"Paseo de Vega"},"geometry":{"type":"LineString","coordinates":[[-117.819372,33.649398],[-117.819812,33.649744],[-117.820473,33.650011],[-117.820945,33.650094],[-117.821871,33.650087],[-117.822383,33.649963],[-117.823294,33.649227]]}},{"type":"Feature","properties":{"kind":"residential","name":"Croyden Terrace"},"geometry":{"type":"LineString","coordinates":[[-117.817857,33.640808],[-117.818249,33.640079],[-117.818509,33.639924],[-117.818851,33.639845],[-117.819041,33.639734],[-117.819577,33.638712],[-117.819721,33.638058]]}},{"type":"Feature","properties":{"kind":"residential","name":"Bethany Drive"},"geometry":{"type":"LineString","coordinates":[[-117.821715,33.636308],[-117.821779,33.637548],[-117.821625,33.638411],[-117.821318,33.63938],[-117.820589,33.640885],[-117.820501,33.641199]]}},{"type":"Feature","properties":{"kind":"service","name":"Cobblestone Way"},"geometry":{"type":"LineString","coordinates":[[-117.820098,33.652054],[-117.820653,33.65183],[-117.820771,33.651642],[-117.820829,33.651039],[-117.820528,33.650922],[-117.820537,33.650699]]}},{"type":"Feature","properties":{"kind":"residential","name":"Thompson Court"},"geometry":{"type":"LineString","coordinates":[[-117.838573,33.641199],[-117.838762,33.640588],[-117.839569,33.640528]]}},{"type":"Feature","properties":{"kind":"residential","name":"Curie Court"},"geometry":{"type":"LineString","coordinates":[[-117.841897,33.639178],[-117.84269,33.639488],[-117.843327,33.640042]]}},{"type":"Feature","properties":{"kind":"residential","name":"Harcum Lane"},"geometry":{"type":"LineString","coordinates":[[-117.820608,33.646309],[-117.821526,33.646121]]}},{"type":"Feature","properties":{"kind":"service","name":"Pereira Drive"},"geometry":{"type":"LineString","coordinates":[[-117.842139,33.649691],[-117.841546,33.649176],[-117.840007,33.64818]]}},{"type":"Feature","properties":{"kind":"service","name":""},"geometry":{"type":"LineString","coordinates":[[-117.84278,33.65121],[-117.842717,33.651601],[-117.842806,33.652115],[-117.842956,33.652492],[-117.84317,33.652731],[-117.84315,33.652799],[-117.842961,33.652897]]}},{"type":"Feature","properties":{"kind":"unclassified","name":"Pereira Drive"},"geometry":{"type":"LineString","coordinates":[[-117.836079,33.645968],[-117.835299,33.645974]]}},{"type":"Feature","properties":{"kind":"service","name":"Rockview"},"geometry":{"type":"LineString","coordinates":[[-117.821192,33.6542],[-117.820721,33.65348],[-117.820595,33.653084],[-117.820172,33.652335],[-117.820098,33.652054]]}},{"type":"Feature","properties":{"kind":"service","name":""},"geometry":{"type":"LineString","coordinates":[[-117.846582,33.647275],[-117.845994,33.646925],[-117.845313,33.646687]]}},{"type":"Feature","properties":{"kind":"secondary","name":"East Peltason Drive"},"geometry":{"type":"LineString","coordinates":[[-117.841925,33.642393],[-117.842749,33.642248],[-117.843409,33.64199]]}},{"type":"Feature","properties":{"kind":"residential","name":"Oxford"},"geometry":{"type":"LineString","coordinates":[[-117.827149,33.652338],[-117.827043,33.652252],[-117.826598,33.65073],[-117.826628,33.650654],[-117.829245,33.650051]]}},{"type":"Feature","properties":{"kind":"residential","name":"Paseo Dali"},"geometry":{"type":"LineString","coordinates":[[-117.819791,33.648796],[-117.820428,33.649175],[-117.821077,33.649322]]}},{"type":"Feature","properties":{"kind":"residential","name":"Saginaw Drive"},"geometry":{"type":"LineString","coordinates":[[-117.820145,33.644757],[-117.820608,33.646309],[-117.820652,33.646658],[-117.820576,33.647379],[-117.82038,33.647979]]}},{"type":"Feature","properties":{"kind":"tertiary","name":"California Avenue"},"geometry":{"type":"LineString","coordinates":[[-117.830982,33.651295],[-117.830678,33.650703],[-117.830306,33.649543]]}},{"type":"Feature","properties":{"kind":"service","name":"Wellesley"},"geometry":{"type":"LineString","coordinates":[[-117.826272,33.651087],[-117.826713,33.652493]]}},{"type":"Feature","properties":{"kind":"service","name":"Wellesley"},"geometry":{"type":"LineString","coordinates":[[-117.826666,33.650981],[-117.826272,33.651087]]}},{"type":"Feature","properties":{"kind":"service","name":"Auburn Aisle"},"geometry":{"type":"LineString","coordinates":[[-117.83527,33.653457],[-117.836192,33.65378],[-117.836523,33.653696],[-117.836613,33.653612]]}},{"type":"Feature","properties":{"kind":"service","name":"Menlo Aisle"},"geometry":{"type":"LineString","coordinates":[[-117.836911,33.652571],[-117.836572,33.652903],[-117.83637,33.653248],[-117.836091,33.653454]]}},{"type":"Feature","properties":{"kind":"residential","name":"Alcorn Lane"},"geometry":{"type":"LineString","coordinates":[[-117.820494,33.647709],[-117.820731,33.647748],[-117.821163,33.647705],[-117.822173,33.647423]]}},{"type":"Feature","properties":{"kind":"residential","name":"Newton Court"},"geometry":{"type":"LineString","coordinates":[[-117.84076,33.638896],[-117.83983,33.638872],[-117.839621,33.63878]]}},{"type":"Feature","properties":{"kind":"residential","name":"Perkins Court"},"geometry":{"type":"LineString","coordinates":[[-117.837986,33.63941],[-117.83819,33.63973],[-117.838402,33.639895],[-117.838793,33.640001],[-117.839128,33.639965]]}},{"type":"Feature","properties":{"kind":"residential","name":"Alcott Court"},"geometry":{"type":"LineString","coordinates":[[-117.841551,33.640338],[-117.841358,33.640125],[-117.841281,33.63993],[-117.841308,33.639814],[-117.841418,33.63975],[-117.841494,33.639847],[-117.841347,33.640058]]}},{"type":"Feature","properties":{"kind":"residential","name":"Tabor Drive"},"geometry":{"type":"LineString","coordinates":[[-117.821526,33.646121],[-117.821816,33.646771],[-117.822298,33.647605]]}},{"type":"Feature","properties":{"kind":"tertiary","name":"Bridge Road"},"geometry":{"type":"LineString","coordinates":[[-117.839367,33.652906],[-117.838609,33.653433]]}},{"type":"Feature","properties":{"kind":"tertiary","name":"Adobe Circle South"},"geometry":{"type":"LineString","coordinates":[[-117.833942,33.644273],[-117.832606,33.644397],[-117.831344,33.644788],[-117.830892,33.64484],[-117.830339,33.644763],[-117.829571,33.644401],[-117.829157,33.644358]]}},{"type":"Feature","properties":{"kind":"residential","name":"Stanford Court"},"geometry":{"type":"LineString","coordinates":[[-117.839148,33.6552],[-117.840542,33.655443],[-117.84186,33.655815],[-117.841953,33.655745],[-117.842349,33.654802],[-117.84231,33.654631],[-117.841763,33.654159],[-117.840927,33.652685],[-117.84072,33.65248],[-117.840048,33.652049]]}},{"type":"Feature","properties":{"kind":"residential","name":"Blake Court"},"geometry":{"type":"LineString","coordinates":[[-117.841907,33.640143],[-117.842086,33.640278],[-117.842536,33.640248],[-117.842751,33.640437]]}},{"type":"Feature","properties":{"kind":"tertiary","name":"Vista Bonita Drive"},"geometry":{"type":"LineString","coordinates":[[-117.843214,33.638616],[-117.842779,33.638439],[-117.842149,33.638315],[-117.839593,33.638479],[-117.838343,33.638786],[-117.837602,33.639066],[-117.836698,33.639522]]}},{"type":"Feature","properties":{"kind":"residential","name":"Antioch Drive"},"geometry":{"type":"LineString","coordinates":[[-117.821096,33.642388],[-117.821033,33.643343],[-117.821155,33.644627]]}},{"type":"Feature","properties":{"kind":"residential","name":"Marquette"},"geometry":{"type":"LineString","coordinates":[[-117.836871,33.651982],[-117.836165,33.652841],[-117.835755,33.652989]]}},{"type":"Feature","properties":{"kind":"residential","name":"Mountain View"},"geometry":{"type":"LineString","coordinates":[[-117.821549,33.638692],[-117.82263,33.639024],[-117.82309,33.638396],[-117.823078,33.638341],[-117.822552,33.638116],[-117.821713,33.638007]]}},{"type":"Feature","properties":{"kind":"tertiary","name":"Turtle Rock Drive"},"geometry":{"type":"LineString","coordinates":[[-117.804549,33.634777],[-117.808486,33.63267],[-117.809015,33.632512],[-117.8098,33.632425],[-117.814848,33.632993],[-117.8164,33.633226],[-117.817139,33.633446],[-117.817978,33.63382],[-117.820047,33.635086],[-117.820405,33.635392],[-117.820893,33.636062],[-117.821103,33.636609],[-117.821163,33.637147],[-117.82113,33.637857],[-117.820986,33.638597],[-117.82073,33.639274],[-117.819908,33.640922],[-117.819534,33.642429],[-117.819435,33.643146],[-117.819413,33.643679],[-117.819521,33.64475],[-117.820007,33.646351]]}},{"type":"Feature","properties":{"kind":"residential","name":"Blinn Lane"},"geometry":{"type":"LineString","coordinates":[[-117.821318,33.63938],[-117.82213,33.639712],[-117.822141,33.639777]]}},{"type":"Feature","properties":{"kind":"residential","name":"Beckwith Terrace"},"geometry":{"type":"LineString","coordinates":[[-117.819156,33.640518],[-117.819548,33.640063],[-117.820176,33.63879],[-117.82032,33.638384],[-117.820417,33.637797]]}},{"type":"Feature","properties":{"kind":"residential","name":"Zola Court"},"geometry":{"type":"LineString","coordinates":[[-117.837816,33.637374],[-117.837446,33.637517],[-117.8372,33.637884]]}},{"type":"Feature","properties":{"kind":"residential","name":"Owen Court"},"geometry":{"type":"LineString","coordinates":[[-117.837297,33.639762],[-117.837986,33.63941],[-117.838795,33.639125],[-117.838943,33.638957],[-117.838769,33.638058],[-117.838943,33.637581],[-117.839362,33.636782],[-117.839423,33.63646],[-117.83928,33.635952],[-117.8389,33.635517]]}},{"type":"Feature","properties":{"kind":"residential","name":"Via San Marco"},"geometry":{"type":"LineString","coordinates":[[-117.817641,33.645542],[-117.818033,33.645449],[-117.819131,33.644954]]}},{"type":"Feature","properties":{"kind":"residential","name":"Harvey Court"},"geometry":{"type":"LineString","coordinates":[[-117.842923,33.636724],[-117.842722,33.636766],[-117.842467,33.636722],[-117.842234,33.636602],[-117.842044,33.636393],[-117.842284,33.636199],[-117.842397,33.63594],[-117.842842,33.635629],[-117.842986,33.6356],[-117.843245,33.635944],[-117.843336,33.636288],[-117.843184,33.636535],[-117.842923,33.636724]]}},{"type":"Feature","properties":{"kind":"residential","name":"Dickens Court"},"geometry":{"type":"LineString","coordinates":[[-117.842183,33.638595],[-117.842448,33.638838],[-117.84303,33.639087],[-117.843541,33.639479]]}},{"type":"Feature","properties":{"kind":"service","name":"Steinhaus Hall"},"geometry":{"type":"LineString","coordinates":[[-117.846846,33.648366],[-117.847294,33.648617],[-117.847263,33.648866]]}},{"type":"Feature","properties":{"kind":"residential","name":"Russell Place"},"geometry":{"type":"LineString","coordinates":[[-117.837479,33.641116],[-117.836111,33.641303],[-117.835822,33.641404],[-117.835466,33.641629]]}},{"type":"Feature","properties":{"kind":"residential","name":"Russell Court"},"geometry":{"type":"LineString","coordinates":[[-117.837479,33.641116],[-117.838241,33.641122],[-117.839073,33.641327],[-117.839811,33.641279]]}},{"type":"Feature","properties":{"kind":"residential","name":"Paseo Pizarro"},"geometry":{"type":"LineString","coordinates":[[-117.819372,33.649398],[-117.819373,33.649275],[-117.820206,33.648257]]}},{"type":"Feature","properties":{"kind":"residential","name":"Via Messina"},"geometry":{"type":"LineString","coordinates":[[-117.818843,33.642444],[-117.818743,33.643225],[-117.817935,33.643544]]}},{"type":"Feature","properties":{"kind":"residential","name":"Whitman Court"},"geometry":{"type":"LineString","coordinates":[[-117.840864,33.636219],[-117.840902,33.636415],[-117.840404,33.63672],[-117.840025,33.636862],[-117.839738,33.636872],[-117.83889,33.636672]]}},{"type":"Feature","properties":{"kind":"residential","name":"Whitman Court"},"geometry":{"type":"LineString","coordinates":[[-117.838729,33.63686],[-117.83889,33.636672],[-117.838871,33.636367],[-117.838653,33.636334],[-117.838176,33.636589],[-117.838168,33.636756],[-117.838384,33.636888],[-117.838585,33.636946],[-117.838729,33.63686]]}},{"type":"Feature","properties":{"kind":"residential","name":"Exeter"},"geometry":{"type":"LineString","coordinates":[[-117.830678,33.650703],[-117.829739,33.650931],[-117.829396,33.650086],[-117.829245,33.650051]]}},{"type":"Feature","properties":{"kind":"residential","name":"Edgehill Drive"},"geometry":{"type":"LineString","coordinates":[[-117.819123,33.634512],[-117.818097,33.635975],[-117.817799,33.636474],[-117.817725,33.636845],[-117.817781,33.63703],[-117.818207,33.637705],[-117.818272,33.638874],[-117.81859,33.639432],[-117.81886,33.640198],[-117.819366,33.640706],[-117.819908,33.640922]]}},{"type":"Feature","properties":{"kind":"service","name":"Mesa Road"},"geometry":{"type":"LineString","coordinates":[[-117.846582,33.647275],[-117.846204,33.6477],[-117.845957,33.648142]]}},{"type":"Feature","properties":{"kind":"service","name":"Medical Plaza Drive"},"geometry":{"type":"LineString","coordinates":[[-117.850999,33.647811],[-117.851516,33.64711],[-117.851628,33.646763]]}},{"type":"Feature","properties":{"kind":"service","name":"Dartmouth"},"geometry":{"type":"LineString","coordinates":[[-117.829116,33.64973],[-117.829074,33.649597],[-117.82933,33.649542],[-117.829375,33.649677],[-117.826715,33.650241]]}},{"type":"Feature","properties":{"kind":"tertiary","name":"Arroyo Drive"},"geometry":{"type":"LineString","coordinates":[[-117.829491,33.647025],[-117.828914,33.647178],[-117.827904,33.647792],[-117.827299,33.647961],[-117.826789,33.647993],[-117.826276,33.64793],[-117.825783,33.647771],[-117.825423,33.647566],[-117.82487,33.647013],[-117.824392,33.646254],[-117.824023,33.645468],[-117.823763,33.643952],[-117.823841,33.643061]]}},{"type":"Feature","properties":{"kind":"residential","name":"Gibbs Court"},"geometry":{"type":"LineString","coordinates":[[-117.842669,33.637852],[-117.842735,33.637926],[-117.842947,33.637981],[-117.843869,33.637999],[-117.843971,33.638188],[-117.843921,33.638337]]}},{"type":"Feature","properties":{"kind":"residential","name":"South Verano Road"},"geometry":{"type":"LineString","coordinates":[[-117.831609,33.646946],[-117.83184,33.647793]]}},{"type":"Feature","properties":{"kind":"residential","name":"Berean Lane"},"geometry":{"type":"LineString","coordinates":[[-117.820646,33.647029],[-117.821267,33.646934],[-117.821816,33.646771]]}},{"type":"Feature","properties":{"kind":"residential","name":"Hillgate"},"geometry":{"type":"LineString","coordinates":[[-117.818649,33.651682],[-117.818217,33.651319],[-117.817597,33.651052],[-117.817302,33.65084],[-117.817037,33.650314],[-117.817004,33.649723]]}},{"type":"Feature","properties":{"kind":"service","name":"Amherst Aisle"},"geometry":{"type":"LineString","coordinates":[[-117.835755,33.652989],[-117.83535,33.653018],[-117.835015,33.653247],[-117.834658,33.653186],[-117.834431,33.65309],[-117.834181,33.652641],[-117.834199,33.652549],[-117.834333,33.652369],[-117.834669,33.652252],[-117.835635,33.652542],[-117.835941,33.652665],[-117.836165,33.652841]]}},{"type":"Feature","properties":{"kind":"residential","name":"Kingsford Terrace"},"geometry":{"type":"LineString","coordinates":[[-117.816865,33.635334],[-117.817169,33.635402],[-117.818889,33.636417],[-117.819117,33.636817],[-117.819138,33.637047],[-117.818958,33.637411]]}},{"type":"Feature","properties":{"kind":"tertiary","name":"Adobe Circle North"},"geometry":{"type":"LineString","coordinates":[[-117.829853,33.647867],[-117.830167,33.647834],[-117.830904,33.647935],[-117.831337,33.647909],[-117.833381,33.647447],[-117.833789,33.647276],[-117.834091,33.647044],[-117.834333,33.646748],[-117.834468,33.646417],[-117.834534,33.644738],[-117.834347,33.644407],[-117.834206,33.644321],[-117.833942,33.644273]]}},{"type":"Feature","properties":{"kind":"residential","name":"Paseo Picasso"},"geometry":{"type":"LineString","coordinates":[[-117.821774,33.648447],[-117.822258,33.648021],[-117.822344,33.647979],[-117.822528,33.648025],[-117.823623,33.649833]]}},{"type":"Feature","properties":{"kind":"service","name":"Scripps Aisle"},"geometry":{"type":"LineString","coordinates":[[-117.837085,33.652971],[-117.837124,33.652688],[-117.8367,33.652412]]}},{"type":"Feature","properties":{"kind":"tertiary","name":"Academy Way"},"geometry":{"type":"LineString","coordinates":[[-117.851413,33.648105],[-117.85204,33.648644]]}},{"type":"Feature","properties":{"kind":"residential","name":"Kenosha Lane"},"geometry":{"type":"LineString","coordinates":[[-117.821784,33.637242],[-117.822661,33.637366],[-117.82352,33.637658]]}},{"type":"Feature","properties":{"kind":"residential","name":"Amalfi Drive"},"geometry":{"type":"LineString","coordinates":[[-117.820047,33.647105],[-117.819545,33.647034],[-117.818968,33.646858],[-117.818446,33.646562],[-117.818021,33.646172],[-117.817674,33.645624],[-117.81741,33.644679],[-117.816875,33.643534],[-117.81691,33.643268],[-117.817042,33.64305],[-117.817725,33.642668],[-117.818615,33.642454],[-117.81952,33.642503]]}},{"type":"Feature","properties":{"kind":"residential","name":"Paseo Segovia"},"geometry":{"type":"LineString","coordinates":[[-117.819605,33.648091],[-117.820062,33.648259],[-117.820206,33.648257]]}},{"type":"Feature","properties":{"kind":"residential","name":"Glenmont Terrace"},"geometry":{"type":"LineString","coordinates":[[-117.819366,33.640706],[-117.818937,33.641801],[-117.81793,33.641908],[-117.817668,33.642102]]}},{"type":"Feature","properties":{"kind":"residential","name":"Catowba Lane"},"geometry":{"type":"LineString","coordinates":[[-117.821764,33.63652],[-117.822322,33.636558],[-117.822942,33.636679],[-117.823935,33.637058]]}},{"type":"Feature","properties":{"kind":"residential","name":"Edington Terrace"},"geometry":{"type":"LineString","coordinates":[[-117.818948,33.640324],[-117.818706,33.640516],[-117.8184,33.6413]]}},{"type":"Feature","properties":{"kind":"tertiary","name":"West Peltason Drive"},"geometry":{"type":"LineString","coordinates":[[-117.842325,33.650775],[-117.841926,33.650961],[-117.841858,33.651048]]}},{"type":"Feature","properties":{"kind":"tertiary","name":"West Peltason Drive"},"geometry":{"type":"LineString","coordinates":[[-117.849243,33.643562],[-117.849154,33.644625],[-117.848776,33.645773],[-117.848783,33.646062],[-117.848913,33.646493]]}},{"type":"Feature","properties":{"kind":"service","name":"Georgetown"},"geometry":{"type":"LineString","coordinates":[[-117.829281,33.65229],[-117.828862,33.65239],[-117.828785,33.652465],[-117.828051,33.652699],[-117.827197,33.652879]]}},{"type":"Feature","properties":{"kind":"service","name":"Georgetown"},"geometry":{"type":"LineString","coordinates":[[-117.828178,33.652629],[-117.82804,33.652197]]}},{"type":"Feature","properties":{"kind":"residential","name":"Columbia"},"geometry":{"type":"LineString","coordinates":[[-117.827149,33.652338],[-117.827361,33.652347],[-117.829742,33.651841],[-117.830167,33.652319]]}},{"type":"Feature","properties":{"kind":"residential","name":"Biddle Drive"},"geometry":{"type":"LineString","coordinates":[[-117.821302,33.641384],[-117.822141,33.639777]]}},{"type":"Feature","properties":{"kind":"residential","name":"Young Court"},"geometry":{"type":"LineString","coordinates":[[-117.839038,33.637394],[-117.839377,33.637496],[-117.839861,33.637382],[-117.840403,33.637336],[-117.841071,33.636986]]}},{"type":"Feature","properties":{"kind":"residential","name":"Via Palatino"},"geometry":{"type":"LineString","coordinates":[[-117.818982,33.644052],[-117.818104,33.644457],[-117.817157,33.644766],[-117.816983,33.644935],[-117.81675,33.64543],[-117.816234,33.645793]]}},{"type":"Feature","properties":{"kind":"residential","name":"Mendel Court"},"geometry":{"type":"LineString","coordinates":[[-117.840787,33.638372],[-117.840803,33.638634],[-117.840699,33.639076],[-117.840223,33.639554]]}},{"type":"Feature","properties":{"kind":"residential","name":"Paseo Cortez"},"geometry":{"type":"LineString","coordinates":[[-117.822875,33.648557],[-117.821953,33.649267]]}},{"type":"Feature","properties":{"kind":"residential","name":"Via Verona"},"geometry":{"type":"LineString","coordinates":[[-117.818263,33.646425],[-117.818799,33.646014],[-117.819374,33.645835]]}},{"type":"Feature","properties":{"kind":"secondary","name":"Michael Drake Drive"},"geometry":{"type":"LineString","coordinates":[[-117.851734,33.641375],[-117.851,33.641898]]}},{"type":"Feature","properties":{"kind":"service","name":""},"geometry":{"type":"LineString","coordinates":[[-117.825665,33.646752],[-117.826261,33.646147]]}},{"type":"Feature","properties":{"kind":"service","name":""},"geometry":{"type":"LineString","coordinates":[[-117.826281,33.646042],[-117.826191,33.645916],[-117.825676,33.645687],[-117.824804,33.646493],[-117.825192,33.64713]]}},{"type":"Feature","properties":{"kind":"service","name":""},"geometry":{"type":"LineString","coordinates":[[-117.825658,33.646887],[-117.826137,33.647357],[-117.826755,33.647607],[-117.827424,33.647626],[-117.828151,33.647382]]}},{"type":"Feature","properties":{"kind":"cycleway","name":""},"geometry":{"type":"LineString","coordinates":[[-117.82671,33.645687],[-117.82729,33.646043],[-117.827552,33.645916],[-117.827625,33.645752]]}},{"type":"Feature","properties":{"kind":"cycleway","name":""},"geometry":{"type":"LineString","coordinates":[[-117.827258,33.646038],[-117.827198,33.646793],[-117.826796,33.646842]]}},{"type":"Feature","properties":{"kind":"cycleway","name":""},"geometry":{"type":"LineString","coordinates":[[-117.827198,33.646793],[-117.827593,33.646889]]}},{"type":"Feature","properties":{"kind":"cycleway","name":""},"geometry":{"type":"LineString","coordinates":[[-117.827183,33.646508],[-117.826793,33.64648]]}},{"type":"Feature","properties":{"kind":"service","name":""},"geometry":{"type":"LineString","coordinates":[[-117.828151,33.647382],[-117.828324,33.647552]]}},{"type":"Feature","properties":{"kind":"tertiary","name":"Vista del Campo"},"geometry":{"type":"LineString","coordinates":[[-117.823841,33.643061],[-117.823424,33.64298],[-117.822516,33.642585],[-117.822057,33.642513]]}},{"type":"Feature","properties":{"kind":"tertiary","name":"California Avenue"},"geometry":{"type":"LineString","coordinates":[[-117.83527,33.636961],[-117.836315,33.636641],[-117.837341,33.636184],[-117.83809,33.635988],[-117.838516,33.635802],[-117.8389,33.635517],[-117.840053,33.634237],[-117.840625,33.633913],[-117.841093,33.633807],[-117.841517,33.633803],[-117.842086,33.633926],[-117.84312,33.634634],[-117.844056,33.63493],[-117.844325,33.635175],[-117.844413,33.635584]]}},{"type":"Feature","properties":{"kind":"residential","name":"Murasaki Street"},"geometry":{"type":"LineString","coordinates":[[-117.836111,33.641303],[-117.835941,33.641095],[-117.835247,33.640812],[-117.834682,33.640405],[-117.83353,33.639862],[-117.832889,33.639443],[-117.831263,33.638986],[-117.831175,33.638913],[-117.831143,33.638718],[-117.831443,33.638344],[-117.832025,33.637962],[-117.832876,33.637599],[-117.833746,33.637402]]}},{"type":"Feature","properties":{"kind":"service","name":"Palo Verde Road"},"geometry":{"type":"LineString","coordinates":[[-117.833813,33.64058],[-117.833275,33.641478],[-117.833293,33.641743],[-117.833415,33.641974],[-117.83325,33.642398],[-117.833196,33.642876]]}},{"type":"Feature","properties":{"kind":"primary","name":"Culver Drive"},"geometry":{"type":"LineString","coordinates":[[-117.827463,33.655247],[-117.827656,33.656023]]}},{"type":"Feature","properties":{"kind":"service","name":"Palo Verde Road"},"geometry":{"type":"LineString","coordinates":[[-117.832902,33.642743],[-117.831771,33.642404],[-117.830707,33.642169],[-117.830099,33.6419],[-117.830069,33.641764],[-117.830351,33.64112]]}},{"type":"Feature","properties":{"kind":"service","name":""},"geometry":{"type":"LineString","coordinates":[[-117.831686,33.650474],[-117.831436,33.650539],[-117.830826,33.650402],[-117.830595,33.650455]]}},{"type":"Feature","properties":{"kind":"tertiary","name":"California Avenue"},"geometry":{"type":"LineString","coordinates":[[-117.851244,33.638943],[-117.851786,33.639511],[-117.852871,33.640216]]}},{"type":"Feature","properties":{"kind":"unclassified","name":"Health Sciences Road"},"geometry":{"type":"LineString","coordinates":[[-117.851244,33.638943],[-117.850976,33.639143],[-117.85062,33.639581],[-117.850397,33.640085],[-117.850317,33.640519],[-117.850349,33.640911],[-117.850476,33.64131],[-117.851072,33.641973]]}},{"type":"Feature","properties":{"kind":"footway","name":""},"geometry":{"type":"LineString","coordinates":[[-117.845767,33.656388],[-117.845665,33.656335],[-117.845424,33.656354],[-117.845258,33.656479]]}},{"type":"Feature","properties":{"kind":"footway","name":""},"geometry":{"type":"LineString","coordinates":[[-117.845715,33.656348],[-117.845956,33.656331],[-117.84646,33.656462]]}},{"type":"Feature","properties":{"kind":"path","name":"South Loop Trail"},"geometry":{"type":"LineString","coordinates":[[-117.846484,33.662921],[-117.846409,33.663153],[-117.846586,33.663376],[-117.846881,33.663461],[-117.847201,33.663823],[-117.847372,33.663897],[-117.847826,33.66392],[-117.848297,33.663497],[-117.848367,33.663189],[-117.848914,33.662774],[-117.848957,33.662528],[-117.848465,33.661768],[-117.848442,33.661552],[-117.847935,33.660345],[-117.847638,33.660093],[-117.847787,33.659797],[-117.847787,33.659604],[-117.847481,33.658532],[-117.847127,33.657706],[-117.846729,33.657174],[-117.846073,33.656567],[-117.845767,33.656388],[-117.845258,33.656479],[-117.842197,33.659302],[-117.842038,33.65951],[-117.842036,33.659657],[-117.842237,33.660005],[-117.842645,33.660246],[-117.843999,33.661289],[-117.844618,33.661591],[-117.844729,33.661913],[-117.845796,33.662787],[-117.846098,33.662887],[-117.846484,33.662921]]}},{"type":"Feature","properties":{"kind":"footway","name":""},"geometry":{"type":"LineString","coordinates":[[-117.828658,33.653706],[-117.82881,33.653494],[-117.830108,33.652868]]}},{"type":"Feature","properties":{"kind":"footway","name":""},"geometry":{"type":"LineString","coordinates":[[-117.837688,33.656951],[-117.837919,33.656886],[-117.83815,33.656586],[-117.838152,33.656502],[-117.837763,33.655943]]}},{"type":"Feature","properties":{"kind":"cycleway","name":""},"geometry":{"type":"LineString","coordinates":[[-117.832643,33.655331],[-117.832581,33.655656]]}},{"type":"Feature","properties":{"kind":"cycleway","name":""},"geometry":{"type":"LineString","coordinates":[[-117.832663,33.655457],[-117.832758,33.655419]]}},{"type":"Feature","properties":{"kind":"footway","name":""},"geometry":{"type":"LineString","coordinates":[[-117.830723,33.65521],[-117.830699,33.654954],[-117.830449,33.654936],[-117.830409,33.654976]]}},{"type":"Feature","properties":{"kind":"footway","name":""},"geometry":{"type":"LineString","coordinates":[[-117.830031,33.653094],[-117.830133,33.652949],[-117.830108,33.652868]]}},{"type":"Feature","properties":{"kind":"footway","name":""},"geometry":{"type":"LineString","coordinates":[[-117.830361,33.653072],[-117.83013,33.652902]]}},{"type":"Feature","properties":{"kind":"footway","name":""},"geometry":{"type":"LineString","coordinates":[[-117.828851,33.655969],[-117.828772,33.655953]]}},{"type":"Feature","properties":{"kind":"path","name":""},"geometry":{"type":"LineString","coordinates":[[-117.828888,33.655792],[-117.829186,33.655746]]}},{"type":"Feature","properties":{"kind":"footway","name":""},"geometry":{"type":"LineString","coordinates":[[-117.830643,33.655724],[-117.830521,33.65576],[-117.830332,33.655712],[-117.830054,33.655546],[-117.829873,33.655353],[-117.829759,33.655041],[-117.829782,33.654689]]}},{"type":"Feature","properties":{"kind":"footway","name":""},"geometry":{"type":"LineString","coordinates":[[-117.830457,33.655121],[-117.83031,33.655228],[-117.830284,33.65536],[-117.829915,33.655565]]}},{"type":"Feature","properties":{"kind":"footway","name":""},"geometry":{"type":"LineString","coordinates":[[-117.830281,33.655299],[-117.830136,33.655353],[-117.830132,33.655415]]}},{"type":"Feature","properties":{"kind":"footway","name":""},"geometry":{"type":"LineString","coordinates":[[-117.835451,33.656154],[-117.83524,33.656266]]}},{"type":"Feature","properties":{"kind":"footway","name":""},"geometry":{"type":"LineString","coordinates":[[-117.830671,33.655211],[-117.830598,33.655919],[-117.830873,33.65641],[-117.830843,33.656553],[-117.830687,33.656753],[-117.830447,33.656802],[-117.830041,33.656677],[-117.829692,33.656831],[-117.8295,33.656854],[-117.829072,33.656631],[-117.829013,33.65641],[-117.828813,33.656124],[-117.828888,33.655792],[-117.828706,33.655628],[-117.828598,33.655264],[-117.828473,33.655085],[-117.828499,33.655014],[-117.829325,33.65467],[-117.829782,33.654689],[-117.830323,33.654896]]}},{"type":"Feature","properties":{"kind":"service","name":""},"geometry":{"type":"LineString","coordinates":[[-117.827894,33.655177],[-117.827966,33.655336],[-117.828085,33.655347],[-117.828327,33.655196],[-117.828264,33.655027]]}},{"type":"Feature","properties":{"kind":"path","name":""},"geometry":{"type":"LineString","coordinates":[[-117.828473,33.655085],[-117.82834,33.655136]]}},{"type":"Feature","properties":{"kind":"footway","name":""},"geometry":{"type":"LineString","coordinates":[[-117.828745,33.655679],[-117.828616,33.655721]]}},{"type":"Feature","properties":{"kind":"service","name":""},"geometry":{"type":"LineString","coordinates":[[-117.836375,33.656329],[-117.836304,33.656102],[-117.836796,33.655898],[-117.837211,33.65604],[-117.837672,33.656063],[-117.83792,33.656398],[-117.837518,33.656705]]}},{"type":"Feature","properties":{"kind":"service","name":""},"geometry":{"type":"LineString","coordinates":[[-117.837718,33.65656],[-117.837344,33.656061]]}},{"type":"Feature","properties":{"kind":"footway","name":""},"geometry":{"type":"LineString","coordinates":[[-117.837688,33.656951],[-117.837391,33.65704],[-117.836779,33.656818],[-117.836388,33.656825],[-117.836184,33.656769],[-117.835999,33.656554],[-117.835892,33.656146],[-117.8357,33.656056],[-117.835399,33.65604],[-117.835336,33.655965]]}},{"type":"Feature","properties":{"kind":"footway","name":""},"geometry":{"type":"LineString","coordinates":[[-117.835579,33.65605],[-117.835573,33.656157],[-117.835451,33.656154],[-117.835454,33.656052]]}},{"type":"Feature","properties":{"kind":"service","name":""},"geometry":{"type":"LineString","coordinates":[[-117.830359,33.655825],[-117.830065,33.656216],[-117.830119,33.656265],[-117.830104,33.656425],[-117.829412,33.656468],[-117.829217,33.656093],[-117.829719,33.656094],[-117.830065,33.656216]]}},{"type":"Feature","properties":{"kind":"service","name":""},"geometry":{"type":"LineString","coordinates":[[-117.829185,33.655567],[-117.828871,33.655437],[-117.82903,33.655121],[-117.829363,33.654912],[-117.829643,33.654881]]}},{"type":"Feature","properties":{"kind":"service","name":""},"geometry":{"type":"LineString","coordinates":[[-117.829154,33.65507],[-117.829217,33.656093]]}},{"type":"Feature","properties":{"kind":"service","name":""},"geometry":{"type":"LineString","coordinates":[[-117.830869,33.655885],[-117.831017,33.656224],[-117.831165,33.656351],[-117.831613,33.656148],[-117.83223,33.656081]]}},{"type":"Feature","properties":{"kind":"service","name":""},"geometry":{"type":"LineString","coordinates":[[-117.831989,33.656088],[-117.831962,33.655854],[-117.831664,33.655883],[-117.831011,33.656193]]}},{"type":"Feature","properties":{"kind":"service","name":""},"geometry":{"type":"LineString","coordinates":[[-117.832222,33.655595],[-117.83223,33.656081],[-117.83216,33.656322]]}},{"type":"Feature","properties":{"kind":"footway","name":""},"geometry":{"type":"LineString","coordinates":[[-117.832077,33.65417],[-117.831742,33.654255],[-117.831925,33.654503]]}},{"type":"Feature","properties":{"kind":"footway","name":""},"geometry":{"type":"LineString","coordinates":[[-117.831742,33.654255],[-117.831329,33.653898],[-117.830988,33.653277],[-117.830573,33.653094],[-117.830031,33.653094],[-117.829527,33.653342],[-117.8294,33.653516],[-117.829379,33.653842],[-117.829465,33.653994],[-117.830267,33.654463],[-117.830406,33.654724],[-117.830323,33.654896],[-117.830457,33.655121],[-117.830599,33.655206],[-117.831248,33.655193],[-117.83196,33.654904]]}},{"type":"Feature","properties":{"kind":"service","name":""},"geometry":{"type":"LineString","coordinates":[[-117.834037,33.652098],[-117.834254,33.652454]]}},{"type":"Feature","properties":{"kind":"footway","name":""},"geometry":{"type":"LineString","coordinates":[[-117.836123,33.655725],[-117.836362,33.656069]]}},{"type":"Feature","properties":{"kind":"service","name":""},"geometry":{"type":"LineString","coordinates":[[-117.828852,33.65415],[-117.828658,33.653706],[-117.828242,33.65379]]}},{"type":"Feature","properties":{"kind":"residential","name":"Grosmont Road"},"geometry":{"type":"LineString","coordinates":[[-117.819658,33.645315],[-117.820247,33.645196]]}},{"type":"Feature","properties":{"kind":"path","name":""},"geometry":{"type":"LineString","coordinates":[[-117.840022,33.640082],[-117.840285,33.640686]]}},{"type":"Feature","properties":{"kind":"footway","name":""},"geometry":{"type":"LineString","coordinates":[[-117.839906,33.640019],[-117.839566,33.640397],[-117.839569,33.640528]]}},{"type":"Feature","properties":{"kind":"footway","name":""},"geometry":{"type":"LineString","coordinates":[[-117.841665,33.63741],[-117.841061,33.637503],[-117.840957,33.637602],[-117.840951,33.63774]]}},{"type":"Feature","properties":{"kind":"footway","name":""},"geometry":{"type":"LineString","coordinates":[[-117.841591,33.636702],[-117.841313,33.636751],[-117.841071,33.636986]]}},{"type":"Feature","properties":{"kind":"footway","name":""},"geometry":{"type":"LineString","coordinates":[[-117.840493,33.640047],[-117.840125,33.640097],[-117.839906,33.640019],[-117.839666,33.639753],[-117.839573,33.639513],[-117.839366,33.63956],[-117.839191,33.639841]]}},{"type":"Feature","properties":{"kind":"footway","name":""},"geometry":{"type":"LineString","coordinates":[[-117.839573,33.639513],[-117.839589,33.639402],[-117.839793,33.639322],[-117.840101,33.639394],[-117.840223,33.639554]]}},{"type":"Feature","properties":{"kind":"footway","name":""},"geometry":{"type":"LineString","coordinates":[[-117.839589,33.639402],[-117.839381,33.639257],[-117.839124,33.63892],[-117.839129,33.638847],[-117.839277,33.638737],[-117.839621,33.63878]]}},{"type":"Feature","properties":{"kind":"footway","name":""},"geometry":{"type":"LineString","coordinates":[[-117.841735,33.637684],[-117.841928,33.637701],[-117.842681,33.637323],[-117.843063,33.636873]]}},{"type":"Feature","properties":{"kind":"footway","name":""},"geometry":{"type":"LineString","coordinates":[[-117.840845,33.634926],[-117.841237,33.635603],[-117.841198,33.635949],[-117.841487,33.636398],[-117.8417,33.63693],[-117.841665,33.63741],[-117.841735,33.637684],[-117.841688,33.637869],[-117.841413,33.638292],[-117.841196,33.638307]]}},{"type":"Feature","properties":{"kind":"footway","name":""},"geometry":{"type":"LineString","coordinates":[[-117.841321,33.63849],[-117.841408,33.638785],[-117.841357,33.639001],[-117.841129,33.639393],[-117.840814,33.639719],[-117.840722,33.639931],[-117.840849,33.640276],[-117.841087,33.640538]]}},{"type":"Feature","properties":{"kind":"footway","name":""},"geometry":{"type":"LineString","coordinates":[[-117.840283,33.640706],[-117.840127,33.640739],[-117.839791,33.640991],[-117.839811,33.641279]]}},{"type":"Feature","properties":{"kind":"footway","name":""},"geometry":{"type":"LineString","coordinates":[[-117.819903,33.650863],[-117.819796,33.650962],[-117.819677,33.650939],[-117.819589,33.65115]]}},{"type":"Feature","properties":{"kind":"footway","name":"Turtle Rock Trail"},"geometry":{"type":"LineString","coordinates":[[-117.819496,33.652846],[-117.819826,33.652639],[-117.820025,33.652405],[-117.820178,33.652347]]}},{"type":"Feature","properties":{"kind":"service","name":""},"geometry":{"type":"LineString","coordinates":[[-117.85196,33.636921],[-117.851831,33.637055],[-117.854006,33.638556]]}},{"type":"Feature","properties":{"kind":"service","name":""},"geometry":{"type":"LineString","coordinates":[[-117.848467,33.638078],[-117.848203,33.638397]]}},{"type":"Feature","properties":{"kind":"service","name":""},"geometry":{"type":"LineString","coordinates":[[-117.84863,33.638193],[-117.848444,33.638397]]}},{"type":"Feature","properties":{"kind":"service","name":""},"geometry":{"type":"LineString","coordinates":[[-117.848641,33.636518],[-117.849926,33.637403]]}},{"type":"Feature","properties":{"kind":"service","name":""},"geometry":{"type":"LineString","coordinates":[[-117.85208,33.63849],[-117.852846,33.639012]]}},{"type":"Feature","properties":{"kind":"service","name":""},"geometry":{"type":"LineString","coordinates":[[-117.84786,33.637663],[-117.847307,33.63824]]}},{"type":"Feature","properties":{"kind":"service","name":""},"geometry":{"type":"LineString","coordinates":[[-117.852118,33.637026],[-117.85267,33.63641]]}},{"type":"Feature","properties":{"kind":"service","name":""},"geometry":{"type":"LineString","coordinates":[[-117.85308,33.637693],[-117.852553,33.638208],[-117.851842,33.638607]]}},{"type":"Feature","properties":{"kind":"service","name":""},"geometry":{"type":"LineString","coordinates":[[-117.853695,33.638115],[-117.85271,33.63915],[-117.851877,33.63859]]}},{"type":"Feature","properties":{"kind":"service","name":""},"geometry":{"type":"LineString","coordinates":[[-117.848317,33.637972],[-117.847938,33.63839]]}},{"type":"Feature","properties":{"kind":"service","name":""},"geometry":{"type":"LineString","coordinates":[[-117.850875,33.636462],[-117.850872,33.636725]]}},{"type":"Feature","properties":{"kind":"unclassified","name":"California Avenue"},"geometry":{"type":"LineString","coordinates":[[-117.850451,33.637523],[-117.850031,33.636859],[-117.849135,33.636132]]}},{"type":"Feature","properties":{"kind":"service","name":""},"geometry":{"type":"LineString","coordinates":[[-117.852358,33.638907],[-117.852074,33.639185],[-117.851759,33.638966],[-117.852045,33.638699]]}},{"type":"Feature","properties":{"kind":"service","name":""},"geometry":{"type":"LineString","coordinates":[[-117.852105,33.637669],[-117.852693,33.638082]]}},{"type":"Feature","properties":{"kind":"service","name":""},"geometry":{"type":"LineString","coordinates":[[-117.851859,33.63792],[-117.853094,33.638751]]}},{"type":"Feature","properties":{"kind":"service","name":""},"geometry":{"type":"LineString","coordinates":[[-117.850389,33.6374],[-117.850115,33.637498]]}},{"type":"Feature","properties":{"kind":"service","name":""},"geometry":{"type":"LineString","coordinates":[[-117.85053,33.637079],[-117.849986,33.636398]]}},{"type":"Feature","properties":{"kind":"service","name":""},"geometry":{"type":"LineString","coordinates":[[-117.852252,33.638402],[-117.852963,33.638889]]}},{"type":"Feature","properties":{"kind":"service","name":""},"geometry":{"type":"LineString","coordinates":[[-117.852484,33.637278],[-117.851736,33.638047],[-117.852252,33.638402]]}},{"type":"Feature","properties":{"kind":"service","name":""},"geometry":{"type":"LineString","coordinates":[[-117.850841,33.638323],[-117.850564,33.63841]]}},{"type":"Feature","properties":{"kind":"service","name":""},"geometry":{"type":"LineString","coordinates":[[-117.848514,33.636648],[-117.849928,33.637625]]}},{"type":"Feature","properties":{"kind":"service","name":""},"geometry":{"type":"LineString","coordinates":[[-117.850275,33.6372],[-117.85053,33.637079]]}},{"type":"Feature","properties":{"kind":"service","name":""},"geometry":{"type":"LineString","coordinates":[[-117.848388,33.636777],[-117.849806,33.637751]]}},{"type":"Feature","properties":{"kind":"service","name":""},"geometry":{"type":"LineString","coordinates":[[-117.850016,33.637345],[-117.849788,33.637532]]}},{"type":"Feature","properties":{"kind":"service","name":""},"geometry":{"type":"LineString","coordinates":[[-117.84876,33.636398],[-117.849498,33.636906]]}},{"type":"Feature","properties":{"kind":"service","name":""},"geometry":{"type":"LineString","coordinates":[[-117.847554,33.63745],[-117.8473,33.637642]]}},{"type":"Feature","properties":{"kind":"service","name":""},"geometry":{"type":"LineString","coordinates":[[-117.852018,33.638244],[-117.851752,33.638503],[-117.851877,33.63859]]}},{"type":"Feature","properties":{"kind":"service","name":""},"geometry":{"type":"LineString","coordinates":[[-117.851891,33.638845],[-117.8522,33.63906]]}},{"type":"Feature","properties":{"kind":"service","name":""},"geometry":{"type":"LineString","coordinates":[[-117.847707,33.637558],[-117.847326,33.637962],[-117.847255,33.637973]]}},{"type":"Feature","properties":{"kind":"service","name":""},"geometry":{"type":"LineString","coordinates":[[-117.852237,33.63754],[-117.853864,33.638658],[-117.854527,33.638048],[-117.854445,33.637861],[-117.853948,33.637441],[-117.852737,33.636663],[-117.852276,33.637133]]}},{"type":"Feature","properties":{"kind":"service","name":""},"geometry":{"type":"LineString","coordinates":[[-117.848165,33.637871],[-117.847703,33.638347]]}},{"type":"Feature","properties":{"kind":"service","name":""},"geometry":{"type":"LineString","coordinates":[[-117.848265,33.636906],[-117.849677,33.637878]]}},{"type":"Feature","properties":{"kind":"service","name":""},"geometry":{"type":"LineString","coordinates":[[-117.854148,33.638428],[-117.85196,33.636921],[-117.852363,33.636497],[-117.85267,33.63641],[-117.852837,33.636474],[-117.853603,33.637066],[-117.853948,33.637441]]}},{"type":"Feature","properties":{"kind":"service","name":""},"geometry":{"type":"LineString","coordinates":[[-117.84886,33.638358],[-117.847938,33.63839],[-117.84725,33.638211],[-117.847347,33.637305]]}},{"type":"Feature","properties":{"kind":"service","name":""},"geometry":{"type":"LineString","coordinates":[[-117.849844,33.637711],[-117.8504,33.638086]]}},{"type":"Feature","properties":{"kind":"service","name":""},"geometry":{"type":"LineString","coordinates":[[-117.84801,33.637763],[-117.847507,33.638294]]}},{"type":"Feature","properties":{"kind":"cycleway","name":""},"geometry":{"type":"LineString","coordinates":[[-117.826359,33.646045],[-117.82671,33.645687],[-117.82673,33.645506],[-117.827166,33.645312],[-117.827117,33.644924],[-117.826787,33.644811],[-117.826654,33.644663]]}},{"type":"Feature","properties":{"kind":"service","name":"Palo Verde Road"},"geometry":{"type":"LineString","coordinates":[[-117.830351,33.64112],[-117.830296,33.64026],[-117.83038,33.639873],[-117.830485,33.63983],[-117.832038,33.64051],[-117.83305,33.640806],[-117.833526,33.641034]]}},{"type":"Feature","properties":{"kind":"service","name":""},"geometry":{"type":"LineString","coordinates":[[-117.825915,33.639695],[-117.825562,33.638165],[-117.825467,33.638062],[-117.824841,33.637777],[-117.823098,33.640371],[-117.822863,33.640806],[-117.822467,33.641861],[-117.82265,33.641902],[-117.823047,33.640874],[-117.823294,33.640436],[-117.825014,33.637845]]}},{"type":"Feature","properties":{"kind":"residential","name":"Bronte Street"},"geometry":{"type":"LineString","coordinates":[[-117.832889,33.639443],[-117.834328,33.638018]]}},{"type":"Feature","properties":{"kind":"residential","name":"O'Keeffe Street"},"geometry":{"type":"LineString","coordinates":[[-117.834682,33.639047],[-117.834051,33.640103]]}},{"type":"Feature","properties":{"kind":"service","name":""},"geometry":{"type":"LineString","coordinates":[[-117.822863,33.640806],[-117.823047,33.640874]]}},{"type":"Feature","properties":{"kind":"service","name":"Arroyo Drive"},"geometry":{"type":"LineString","coordinates":[[-117.822736,33.64167],[-117.824132,33.642002]]}},{"type":"Feature","properties":{"kind":"residential","name":"Gabrielino Drive"},"geometry":{"type":"LineString","coordinates":[[-117.835522,33.633958],[-117.83552,33.634894],[-117.835108,33.636185],[-117.835118,33.636507],[-117.83527,33.636961]]}},{"type":"Feature","properties":{"kind":"residential","name":"Fuertes Street"},"geometry":{"type":"LineString","coordinates":[[-117.835376,33.639953],[-117.834355,33.639572],[-117.833025,33.638778],[-117.832155,33.638555],[-117.831647,33.638187]]}},{"type":"Feature","properties":{"kind":"service","name":""},"geometry":{"type":"LineString","coordinates":[[-117.845994,33.646925],[-117.845598,33.647389],[-117.845325,33.647851]]}},{"type":"Feature","properties":{"kind":"footway","name":""},"geometry":{"type":"LineString","coordinates":[[-117.844991,33.648978],[-117.845103,33.649295]]}},{"type":"Feature","properties":{"kind":"footway","name":""},"geometry":{"type":"LineString","coordinates":[[-117.843316,33.644762],[-117.843047,33.644848],[-117.842821,33.64501],[-117.842699,33.645391],[-117.842776,33.645586],[-117.843101,33.645767],[-117.843289,33.645801]]}},{"type":"Feature","properties":{"kind":"footway","name":""},"geometry":{"type":"LineString","coordinates":[[-117.844495,33.648442],[-117.844314,33.648515]]}},{"type":"Feature","properties":{"kind":"service","name":""},"geometry":{"type":"LineString","coordinates":[[-117.844495,33.648442],[-117.844575,33.648567]]}},{"type":"Feature","properties":{"kind":"footway","name":""},"geometry":{"type":"LineString","coordinates":[[-117.841793,33.644521],[-117.842207,33.644506]]}},{"type":"Feature","properties":{"kind":"footway","name":""},"geometry":{"type":"LineString","coordinates":[[-117.843727,33.644968],[-117.843707,33.645525],[-117.843289,33.645801]]}},{"type":"Feature","properties":{"kind":"footway","name":""},"geometry":{"type":"LineString","coordinates":[[-117.844572,33.64642],[-117.845179,33.646409]]}},{"type":"Feature","properties":{"kind":"footway","name":""},"geometry":{"type":"LineString","coordinates":[[-117.844332,33.646341],[-117.844207,33.646309]]}},{"type":"Feature","properties":{"kind":"footway","name":""},"geometry":{"type":"LineString","coordinates":[[-117.842147,33.6471],[-117.842199,33.646728],[-117.842328,33.646602],[-117.842635,33.646538],[-117.84305,33.646593]]}},{"type":"Feature","properties":{"kind":"footway","name":""},"geometry":{"type":"LineString","coordinates":[[-117.84392,33.647605],[-117.844325,33.647436],[-117.844098,33.64705],[-117.843683,33.647213],[-117.84392,33.647605]]}},{"type":"Feature","properties":{"kind":"footway","name":""},"geometry":{"type":"LineString","coordinates":[[-117.845299,33.648058],[-117.845451,33.648126]]}},{"type":"Feature","properties":{"kind":"footway","name":""},"geometry":{"type":"LineString","coordinates":[[-117.845001,33.648217],[-117.844843,33.648282]]}},{"type":"Feature","properties":{"kind":"footway","name":""},"geometry":{"type":"LineString","coordinates":[[-117.841241,33.645581],[-117.84167,33.6457],[-117.842125,33.645938],[-117.842513,33.646252],[-117.84288,33.646349]]}},{"type":"Feature","properties":{"kind":"footway","name":""},"geometry":{"type":"LineString","coordinates":[[-117.845224,33.64824],[-117.845309,33.648358],[-117.845567,33.648366],[-117.845691,33.648789]]}},{"type":"Feature","properties":{"kind":"footway","name":""},"geometry":{"type":"LineString","coordinates":[[-117.845199,33.647897],[-117.845109,33.647874],[-117.844989,33.647951]]}},{"type":"Feature","properties":{"kind":"footway","name":""},"geometry":{"type":"LineString","coordinates":[[-117.844226,33.645617],[-117.843993,33.645761],[-117.843802,33.646259],[-117.843631,33.646453],[-117.843332,33.646577],[-117.84305,33.646593]]}},{"type":"Feature","properties":{"kind":"footway","name":""},"geometry":{"type":"LineString","coordinates":[[-117.845209,33.648019],[-117.845299,33.648058]]}},{"type":"Feature","properties":{"kind":"footway","name":""},"geometry":{"type":"LineString","coordinates":[[-117.84564,33.65051],[-117.84555,33.65035]]}},{"type":"Feature","properties":{"kind":"cycleway","name":""},"geometry":{"type":"LineString","coordinates":[[-117.844558,33.647682],[-117.843912,33.646747]]}},{"type":"Feature","properties":{"kind":"service","name":""},"geometry":{"type":"LineString","coordinates":[[-117.844575,33.648567],[-117.844923,33.648753],[-117.844991,33.648978]]}},{"type":"Feature","properties":{"kind":"footway","name":""},"geometry":{"type":"LineString","coordinates":[[-117.844642,33.648538],[-117.844714,33.648596],[-117.844564,33.64839]]}},{"type":"Feature","properties":{"kind":"footway","name":""},"geometry":{"type":"LineString","coordinates":[[-117.846344,33.650426],[-117.845878,33.650269]]}},{"type":"Feature","properties":{"kind":"footway","name":""},"geometry":{"type":"LineString","coordinates":[[-117.844585,33.648134],[-117.844661,33.648025],[-117.844855,33.647934],[-117.844865,33.647861],[-117.84463,33.647634]]}},{"type":"Feature","properties":{"kind":"footway","name":""},"geometry":{"type":"LineString","coordinates":[[-117.844779,33.64739],[-117.844991,33.647574],[-117.845032,33.647693],[-117.845275,33.647818]]}},{"type":"Feature","properties":{"kind":"footway","name":""},"geometry":{"type":"LineString","coordinates":[[-117.84008,33.647067],[-117.840139,33.647038]]}},{"type":"Feature","properties":{"kind":"footway","name":""},"geometry":{"type":"LineString","coordinates":[[-117.842742,33.645123],[-117.842407,33.644697]]}},{"type":"Feature","properties":{"kind":"footway","name":""},"geometry":{"type":"LineString","coordinates":[[-117.842699,33.645391],[-117.842552,33.645562],[-117.841985,33.645855],[-117.841755,33.646069],[-117.841648,33.646255],[-117.841562,33.646726]]}},{"type":"Feature","properties":{"kind":"footway","name":""},"geometry":{"type":"LineString","coordinates":[[-117.843661,33.647714],[-117.84392,33.647605]]}},{"type":"Feature","properties":{"kind":"footway","name":""},"geometry":{"type":"LineString","coordinates":[[-117.840193,33.647012],[-117.840376,33.646932],[-117.840936,33.646498]]}},{"type":"Feature","properties":{"kind":"footway","name":""},"geometry":{"type":"LineString","coordinates":[[-117.844282,33.647485],[-117.84426,33.647464]]}},{"type":"Feature","properties":{"kind":"footway","name":""},"geometry":{"type":"LineString","coordinates":[[-117.844109,33.646963],[-117.843957,33.647055]]}},{"type":"Feature","properties":{"kind":"footway","name":""},"geometry":{"type":"LineString","coordinates":[[-117.846279,33.647072],[-117.846324,33.647017]]}},{"type":"Feature","properties":{"kind":"footway","name":""},"geometry":{"type":"LineString","coordinates":[[-117.844588,33.646025],[-117.844648,33.646012],[-117.84464,33.645789],[-117.84459,33.645786]]}},{"type":"Feature","properties":{"kind":"footway","name":""},"geometry":{"type":"LineString","coordinates":[[-117.843723,33.646917],[-117.84348,33.646762],[-117.843408,33.646389],[-117.843223,33.64606],[-117.842959,33.646206],[-117.842814,33.646548]]}},{"type":"Feature","properties":{"kind":"footway","name":""},"geometry":{"type":"LineString","coordinates":[[-117.843778,33.648073],[-117.843701,33.647939]]}},{"type":"Feature","properties":{"kind":"footway","name":""},"geometry":{"type":"LineString","coordinates":[[-117.843685,33.647911],[-117.843752,33.647871],[-117.843661,33.647714]]}},{"type":"Feature","properties":{"kind":"footway","name":""},"geometry":{"type":"LineString","coordinates":[[-117.845275,33.649127],[-117.845161,33.649186]]}},{"type":"Feature","properties":{"kind":"service","name":""},"geometry":{"type":"LineString","coordinates":[[-117.846207,33.64703],[-117.845745,33.647575],[-117.845522,33.647963]]}},{"type":"Feature","properties":{"kind":"service","name":""},"geometry":{"type":"LineString","coordinates":[[-117.8464,33.647153],[-117.845933,33.647712],[-117.845747,33.648058]]}},{"type":"Feature","properties":{"kind":"footway","name":""},"geometry":{"type":"LineString","coordinates":[[-117.84387,33.647088],[-117.843751,33.647033]]}},{"type":"Feature","properties":{"kind":"footway","name":""},"geometry":{"type":"LineString","coordinates":[[-117.840667,33.647964],[-117.840456,33.647831]]}},{"type":"Feature","properties":{"kind":"service","name":""},"geometry":{"type":"LineString","coordinates":[[-117.842139,33.649691],[-117.841967,33.649807]]}},{"type":"Feature","properties":{"kind":"service","name":"Admin Loop"},"geometry":{"type":"LineString","coordinates":[[-117.840552,33.648521],[-117.840817,33.648228],[-117.840774,33.648106],[-117.840616,33.648124],[-117.840369,33.648402]]}},{"type":"Feature","properties":{"kind":"service","name":"Aldrich Hall Service Road"},"geometry":{"type":"LineString","coordinates":[[-117.841306,33.648831],[-117.841763,33.648304],[-117.841967,33.648159]]}},{"type":"Feature","properties":{"kind":"service","name":""},"geometry":{"type":"LineString","coordinates":[[-117.846646,33.651148],[-117.846569,33.651474],[-117.846178,33.651597]]}},{"type":"Feature","properties":{"kind":"footway","name":""},"geometry":{"type":"LineString","coordinates":[[-117.842776,33.645586],[-117.842552,33.645562]]}},{"type":"Feature","properties":{"kind":"service","name":"Michael Drake Drive"},"geometry":{"type":"LineString","coordinates":[[-117.845904,33.643853],[-117.845538,33.644203],[-117.844488,33.644806]]}},{"type":"Feature","properties":{"kind":"footway","name":""},"geometry":{"type":"LineString","coordinates":[[-117.84167,33.6457],[-117.84167,33.64535],[-117.841528,33.645117]]}},{"type":"Feature","properties":{"kind":"service","name":""},"geometry":{"type":"LineString","coordinates":[[-117.846066,33.649928],[-117.846276,33.649707],[-117.846205,33.649607],[-117.845977,33.649559]]}},{"type":"Feature","properties":{"kind":"pedestrian","name":"Ring Mall"},"geometry":{"type":"LineString","coordinates":[[-117.839798,33.645204],[-117.83971,33.645273],[-117.839573,33.645688],[-117.839523,33.646138],[-117.839604,33.646507],[-117.840063,33.647213],[-117.840693,33.64768],[-117.840866,33.647719]]}},{"type":"Feature","properties":{"kind":"pedestrian","name":"Ring Mall"},"geometry":{"type":"LineString","coordinates":[[-117.840866,33.647719],[-117.84008,33.647067],[-117.839682,33.646412],[-117.839641,33.645948],[-117.839798,33.645204]]}},{"type":"Feature","properties":{"kind":"pedestrian","name":"Ring Mall"},"geometry":{"type":"LineString","coordinates":[[-117.84007,33.644771],[-117.840927,33.644131],[-117.841973,33.643703],[-117.842788,33.643585],[-117.84314,33.643605],[-117.843943,33.643775]]}},{"type":"Feature","properties":{"kind":"pedestrian","name":"Ring Mall"},"geometry":{"type":"LineString","coordinates":[[-117.843916,33.647919],[-117.843911,33.648051],[-117.844086,33.64806],[-117.844086,33.647914],[-117.843916,33.647919]]}},{"type":"Feature","properties":{"kind":"pedestrian","name":"Ring Mall"},"geometry":{"type":"LineString","coordinates":[[-117.844718,33.647566],[-117.844916,33.647512],[-117.845249,33.647114],[-117.845414,33.646771],[-117.845373,33.64666]]}},{"type":"Feature","properties":{"kind":"pedestrian","name":"Ring Mall"},"geometry":{"type":"LineString","coordinates":[[-117.845373,33.64666],[-117.845265,33.646716],[-117.844712,33.647458],[-117.844718,33.647566]]}},{"type":"Feature","properties":{"kind":"footway","name":""},"geometry":{"type":"LineString","coordinates":[[-117.845878,33.650269],[-117.845558,33.650308],[-117.84555,33.65035]]}},{"type":"Feature","properties":{"kind":"cycleway","name":""},"geometry":{"type":"LineString","coordinates":[[-117.842121,33.644775],[-117.841922,33.644647],[-117.841713,33.644691],[-117.841459,33.64494],[-117.841528,33.645117]]}},{"type":"Feature","properties":{"kind":"cycleway","name":""},"geometry":{"type":"LineString","coordinates":[[-117.843128,33.647164],[-117.8433,33.64727],[-117.843527,33.647215],[-117.843735,33.647074],[-117.843723,33.646917]]}},{"type":"Feature","properties":{"kind":"cycleway","name":""},"geometry":{"type":"LineString","coordinates":[[-117.842407,33.644697],[-117.842522,33.644417],[-117.842532,33.644119],[-117.842816,33.643675],[-117.843034,33.643646]]}},{"type":"Feature","properties":{"kind":"service","name":"Mesa Road"},"geometry":{"type":"LineString","coordinates":[[-117.843881,33.649998],[-117.844113,33.650179],[-117.844623,33.651008]]}},{"type":"Feature","properties":{"kind":"cycleway","name":""},"geometry":{"type":"LineString","coordinates":[[-117.841241,33.645581],[-117.840957,33.645588],[-117.840727,33.645835],[-117.84067,33.646077],[-117.8407,33.646291],[-117.840839,33.646454],[-117.841121,33.646526],[-117.841358,33.646446]]}},{"type":"Feature","properties":{"kind":"cycleway","name":""},"geometry":{"type":"LineString","coordinates":[[-117.842819,33.649929],[-117.843148,33.649252],[-117.843143,33.64905],[-117.842989,33.648606],[-117.842988,33.648331]]}},{"type":"Feature","properties":{"kind":"pedestrian","name":""},"geometry":{"type":"LineString","coordinates":[[-117.84006,33.644786],[-117.839838,33.645132]]}},{"type":"Feature","properties":{"kind":"footway","name":""},"geometry":{"type":"LineString","coordinates":[[-117.843403,33.644641],[-117.843316,33.644762]]}},{"type":"Feature","properties":{"kind":"footway","name":""},"geometry":{"type":"LineString","coordinates":[[-117.850533,33.646132],[-117.850533,33.646064]]}},{"type":"Feature","properties":{"kind":"footway","name":""},"geometry":{"type":"LineString","coordinates":[[-117.84445,33.648733],[-117.844707,33.649161]]}},{"type":"Feature","properties":{"kind":"cycleway","name":""},"geometry":{"type":"LineString","coordinates":[[-117.835844,33.643597],[-117.83547,33.643472]]}},{"type":"Feature","properties":{"kind":"footway","name":""},"geometry":{"type":"LineString","coordinates":[[-117.84512,33.650312],[-117.84439,33.65062]]}},{"type":"Feature","properties":{"kind":"footway","name":""},"geometry":{"type":"LineString","coordinates":[[-117.847898,33.647671],[-117.848149,33.647802]]}},{"type":"Feature","properties":{"kind":"footway","name":""},"geometry":{"type":"LineString","coordinates":[[-117.84797,33.645951],[-117.848085,33.645847]]}},{"type":"Feature","properties":{"kind":"footway","name":""},"geometry":{"type":"LineString","coordinates":[[-117.844183,33.648292],[-117.84445,33.648733]]}},{"type":"Feature","properties":{"kind":"cycleway","name":""},"geometry":{"type":"LineString","coordinates":[[-117.848419,33.64586],[-117.849477,33.645847]]}},{"type":"Feature","properties":{"kind":"cycleway","name":""},"geometry":{"type":"LineString","coordinates":[[-117.847274,33.647364],[-117.84776,33.647601]]}},{"type":"Feature","properties":{"kind":"cycleway","name":""},"geometry":{"type":"LineString","coordinates":[[-117.840868,33.64679],[-117.841121,33.646526]]}},{"type":"Feature","properties":{"kind":"footway","name":""},"geometry":{"type":"LineString","coordinates":[[-117.845898,33.650558],[-117.845686,33.650591],[-117.844589,33.651024],[-117.844686,33.651282],[-117.84451,33.651381]]}},{"type":"Feature","properties":{"kind":"footway","name":""},"geometry":{"type":"LineString","coordinates":[[-117.849275,33.645763],[-117.848795,33.64562]]}},{"type":"Feature","properties":{"kind":"pedestrian","name":"Ring Mall"},"geometry":{"type":"LineString","coordinates":[[-117.842669,33.648246],[-117.843259,33.648205]]}},{"type":"Feature","properties":{"kind":"cycleway","name":""},"geometry":{"type":"LineString","coordinates":[[-117.851616,33.645816],[-117.851614,33.644475]]}},{"type":"Feature","properties":{"kind":"footway","name":""},"geometry":{"type":"LineString","coordinates":[[-117.844709,33.649614],[-117.84512,33.650312]]}},{"type":"Feature","properties":{"kind":"cycleway","name":""},"geometry":{"type":"LineString","coordinates":[[-117.829334,33.644294],[-117.829559,33.643031],[-117.829962,33.642263],[-117.830101,33.642201],[-117.830276,33.642202],[-117.833508,33.643],[-117.834637,33.643131],[-117.83547,33.643472]]}},{"type":"Feature","properties":{"kind":"cycleway","name":""},"geometry":{"type":"LineString","coordinates":[[-117.840957,33.645588],[-117.84072,33.645401],[-117.839213,33.644657],[-117.838765,33.64393],[-117.838587,33.643805],[-117.837732,33.643663],[-117.837339,33.643434],[-117.837027,33.643341],[-117.836187,33.643426],[-117.835813,33.643801],[-117.835844,33.643597]]}},{"type":"Feature","properties":{"kind":"footway","name":""},"geometry":{"type":"LineString","coordinates":[[-117.845383,33.650418],[-117.8445,33.650804]]}},{"type":"Feature","properties":{"kind":"service","name":""},"geometry":{"type":"LineString","coordinates":[[-117.84463,33.647634],[-117.844773,33.64773],[-117.845325,33.647851]]}},{"type":"Feature","properties":{"kind":"cycleway","name":""},"geometry":{"type":"LineString","coordinates":[[-117.846789,33.645096],[-117.846668,33.645148],[-117.84675,33.645414],[-117.846684,33.645497],[-117.846003,33.645685],[-117.845928,33.645879]]}},{"type":"Feature","properties":{"kind":"cycleway","name":""},"geometry":{"type":"LineString","coordinates":[[-117.841121,33.646526],[-117.841562,33.646726]]}},{"type":"Feature","properties":{"kind":"footway","name":""},"geometry":{"type":"LineString","coordinates":[[-117.846568,33.646365],[-117.84631,33.64636],[-117.846296,33.646046],[-117.846032,33.646025],[-117.846024,33.645876]]}},{"type":"Feature","properties":{"kind":"footway","name":""},"geometry":{"type":"LineString","coordinates":[[-117.838948,33.644373],[-117.839318,33.644239]]}},{"type":"Feature","properties":{"kind":"cycleway","name":""},"geometry":{"type":"LineString","coordinates":[[-117.849477,33.645847],[-117.851616,33.645816]]}},{"type":"Feature","properties":{"kind":"cycleway","name":""},"geometry":{"type":"LineString","coordinates":[[-117.843903,33.645113],[-117.844488,33.644806]]}},{"type":"Feature","properties":{"kind":"cycleway","name":""},"geometry":{"type":"LineString","coordinates":[[-117.847034,33.645859],[-117.848419,33.64586]]}},{"type":"Feature","properties":{"kind":"footway","name":""},"geometry":{"type":"LineString","coordinates":[[-117.84489,33.649524],[-117.843881,33.649998]]}},{"type":"Feature","properties":{"kind":"cycleway","name":"Inner Ring"},"geometry":{"type":"LineString","coordinates":[[-117.844259,33.646026],[-117.84409,33.64654],[-117.843723,33.646917],[-117.843128,33.647164],[-117.842574,33.647194],[-117.842043,33.647059],[-117.841562,33.646726],[-117.841254,33.646196],[-117.841201,33.64573],[-117.841411,33.64525],[-117.841754,33.64494],[-117.842407,33.644697],[-117.843061,33.6447],[-117.843593,33.644882],[-117.844007,33.645226],[-117.844206,33.645539],[-117.844259,33.646026]]}},{"type":"Feature","properties":{"kind":"footway","name":""},"geometry":{"type":"LineString","coordinates":[[-117.847887,33.645851],[-117.848036,33.646052],[-117.848105,33.646484],[-117.848195,33.646646]]}},{"type":"Feature","properties":{"kind":"service","name":""},"geometry":{"type":"LineString","coordinates":[[-117.839021,33.643694],[-117.838849,33.643739],[-117.838062,33.643668],[-117.837674,33.643572],[-117.837612,33.643501],[-117.837633,33.643389]]}},{"type":"Feature","properties":{"kind":"cycleway","name":""},"geometry":{"type":"LineString","coordinates":[[-117.848259,33.645846],[-117.848021,33.645524],[-117.84781,33.645432],[-117.847552,33.645385],[-117.84675,33.645414]]}},{"type":"Feature","properties":{"kind":"footway","name":""},"geometry":{"type":"LineString","coordinates":[[-117.849727,33.645659],[-117.849383,33.645698],[-117.849152,33.645898],[-117.84915,33.645947],[-117.849509,33.645955],[-117.849655,33.646013],[-117.84952,33.646063]]}},{"type":"Feature","properties":{"kind":"cycleway","name":""},"geometry":{"type":"LineString","coordinates":[[-117.841562,33.646726],[-117.841531,33.646913],[-117.84172,33.647056],[-117.841973,33.647176],[-117.842082,33.64717],[-117.842147,33.6471]]}},{"type":"Feature","properties":{"kind":"cycleway","name":""},"geometry":{"type":"LineString","coordinates":[[-117.843727,33.644968],[-117.843704,33.644798],[-117.843456,33.644664],[-117.843216,33.644638],[-117.843122,33.644707]]}},{"type":"Feature","properties":{"kind":"service","name":""},"geometry":{"type":"LineString","coordinates":[[-117.847193,33.648556],[-117.847539,33.648038]]}},{"type":"Feature","properties":{"kind":"footway","name":""},"geometry":{"type":"LineString","coordinates":[[-117.846867,33.647193],[-117.847098,33.647109],[-117.847639,33.647215]]}},{"type":"Feature","properties":{"kind":"tertiary","name":"Mesa Road"},"geometry":{"type":"LineString","coordinates":[[-117.846563,33.652485],[-117.845893,33.650808],[-117.845908,33.650509],[-117.846062,33.650046],[-117.845977,33.649559]]}},{"type":"Feature","properties":{"kind":"tertiary","name":"Mesa Road"},"geometry":{"type":"LineString","coordinates":[[-117.847172,33.65301],[-117.847069,33.652907]]}},{"type":"Feature","properties":{"kind":"tertiary","name":"Mesa Road"},"geometry":{"type":"LineString","coordinates":[[-117.846639,33.652651],[-117.846978,33.652963]]}},{"type":"Feature","properties":{"kind":"residential","name":"Alumni Court"},"geometry":{"type":"LineString","coordinates":[[-117.846563,33.652485],[-117.846149,33.652874],[-117.845646,33.653081]]}},{"type":"Feature","properties":{"kind":"unclassified","name":"Michael Drake Drive"},"geometry":{"type":"LineString","coordinates":[[-117.849168,33.643033],[-117.848506,33.643228]]}},{"type":"Feature","properties":{"kind":"cycleway","name":""},"geometry":{"type":"LineString","coordinates":[[-117.840648,33.648523],[-117.840985,33.648133],[-117.840682,33.647942],[-117.839715,33.649016]]}},{"type":"Feature","properties":{"kind":"cycleway","name":""},"geometry":{"type":"LineString","coordinates":[[-117.839431,33.646316],[-117.837841,33.646474],[-117.837349,33.64624],[-117.836999,33.64593]]}},{"type":"Feature","properties":{"kind":"footway","name":""},"geometry":{"type":"LineString","coordinates":[[-117.839523,33.649243],[-117.83942,33.649326],[-117.839513,33.649417],[-117.839557,33.649313],[-117.839432,33.649329],[-117.839488,33.649411]]}},{"type":"Feature","properties":{"kind":"footway","name":""},"geometry":{"type":"LineString","coordinates":[[-117.840215,33.648733],[-117.840137,33.648821]]}},{"type":"Feature","properties":{"kind":"footway","name":""},"geometry":{"type":"LineString","coordinates":[[-117.840912,33.648221],[-117.840934,33.648236]]}},{"type":"Feature","properties":{"kind":"service","name":""},"geometry":{"type":"LineString","coordinates":[[-117.837902,33.65095],[-117.837343,33.651515]]}},{"type":"Feature","properties":{"kind":"footway","name":""},"geometry":{"type":"LineString","coordinates":[[-117.843527,33.647215],[-117.843717,33.647529]]}},{"type":"Feature","properties":{"kind":"footway","name":""},"geometry":{"type":"LineString","coordinates":[[-117.844321,33.648079],[-117.844585,33.648134]]}},{"type":"Feature","properties":{"kind":"footway","name":"Watson Bridge"},"geometry":{"type":"LineString","coordinates":[[-117.840137,33.648821],[-117.839656,33.64936]]}},{"type":"Feature","properties":{"kind":"service","name":""},"geometry":{"type":"LineString","coordinates":[[-117.837456,33.647253],[-117.837498,33.647121]]}},{"type":"Feature","properties":{"kind":"service","name":""},"geometry":{"type":"LineString","coordinates":[[-117.845908,33.650509],[-117.846261,33.650577]]}},{"type":"Feature","properties":{"kind":"service","name":""},"geometry":{"type":"LineString","coordinates":[[-117.838309,33.649736],[-117.83728,33.649686],[-117.837212,33.649843],[-117.837224,33.65067],[-117.837592,33.650745],[-117.838259,33.65113],[-117.838667,33.651038],[-117.83902,33.651235]]}},{"type":"Feature","properties":{"kind":"service","name":""},"geometry":{"type":"LineString","coordinates":[[-117.839603,33.650577],[-117.840234,33.650997],[-117.840507,33.650895]]}},{"type":"Feature","properties":{"kind":"footway","name":""},"geometry":{"type":"LineString","coordinates":[[-117.839893,33.642851],[-117.840053,33.643056]]}},{"type":"Feature","properties":{"kind":"footway","name":""},"geometry":{"type":"LineString","coordinates":[[-117.841205,33.647616],[-117.84153,33.647261]]}},{"type":"Feature","properties":{"kind":"footway","name":""},"geometry":{"type":"LineString","coordinates":[[-117.844888,33.645899],[-117.845499,33.645896]]}},{"type":"Feature","properties":{"kind":"footway","name":""},"geometry":{"type":"LineString","coordinates":[[-117.84038,33.648828],[-117.840062,33.64863]]}},{"type":"Feature","properties":{"kind":"footway","name":""},"geometry":{"type":"LineString","coordinates":[[-117.8407,33.646291],[-117.839959,33.646374],[-117.839919,33.646122],[-117.840671,33.646029]]}},{"type":"Feature","properties":{"kind":"service","name":""},"geometry":{"type":"LineString","coordinates":[[-117.838408,33.649606],[-117.838252,33.649547],[-117.837123,33.649437]]}},{"type":"Feature","properties":{"kind":"footway","name":""},"geometry":{"type":"LineString","coordinates":[[-117.840186,33.643193],[-117.840473,33.643484]]}},{"type":"Feature","properties":{"kind":"footway","name":""},"geometry":{"type":"LineString","coordinates":[[-117.843637,33.644745],[-117.843719,33.644614],[-117.843534,33.644538],[-117.843456,33.644664]]}},{"type":"Feature","properties":{"kind":"cycleway","name":""},"geometry":{"type":"LineString","coordinates":[[-117.844275,33.643593],[-117.844969,33.642544],[-117.84497,33.641693]]}},{"type":"Feature","properties":{"kind":"service","name":"Langson Library Service Road"},"geometry":{"type":"LineString","coordinates":[[-117.839448,33.647826],[-117.839985,33.647253],[-117.840868,33.64679]]}},{"type":"Feature","properties":{"kind":"footway","name":""},"geometry":{"type":"LineString","coordinates":[[-117.844256,33.645795],[-117.84358,33.645869]]}},{"type":"Feature","properties":{"kind":"footway","name":""},"geometry":{"type":"LineString","coordinates":[[-117.839488,33.649411],[-117.839656,33.64936]]}},{"type":"Feature","properties":{"kind":"service","name":""},"geometry":{"type":"LineString","coordinates":[[-117.838079,33.647759],[-117.838137,33.647811],[-117.837972,33.648157]]}},{"type":"Feature","properties":{"kind":"service","name":""},"geometry":{"type":"LineString","coordinates":[[-117.840759,33.651331],[-117.840507,33.650895],[-117.840408,33.650304]]}},{"type":"Feature","properties":{"kind":"service","name":""},"geometry":{"type":"LineString","coordinates":[[-117.840579,33.649796],[-117.840128,33.650261],[-117.839655,33.650514],[-117.83902,33.651235]]}},{"type":"Feature","properties":{"kind":"service","name":""},"geometry":{"type":"LineString","coordinates":[[-117.837947,33.650974],[-117.838028,33.650919],[-117.838007,33.650861],[-117.83793,33.650849],[-117.837873,33.650927]]}},{"type":"Feature","properties":{"kind":"service","name":""},"geometry":{"type":"LineString","coordinates":[[-117.8395,33.650429],[-117.840045,33.650149],[-117.840106,33.649993],[-117.839831,33.649831],[-117.839493,33.649871],[-117.839462,33.650246],[-117.839603,33.650577]]}},{"type":"Feature","properties":{"kind":"footway","name":""},"geometry":{"type":"LineString","coordinates":[[-117.844118,33.648018],[-117.844321,33.648079]]}},{"type":"Feature","properties":{"kind":"footway","name":""},"geometry":{"type":"LineString","coordinates":[[-117.833754,33.655666],[-117.834043,33.655568],[-117.834146,33.655326],[-117.834029,33.655119],[-117.833692,33.655]]}},{"type":"Feature","properties":{"kind":"footway","name":""},"geometry":{"type":"LineString","coordinates":[[-117.83317,33.652842],[-117.832948,33.652956],[-117.832826,33.653376]]}},{"type":"Feature","properties":{"kind":"footway","name":""},"geometry":{"type":"LineString","coordinates":[[-117.833755,33.654711],[-117.833663,33.654845],[-117.833667,33.655107],[-117.833793,33.65557],[-117.833754,33.655666],[-117.833493,33.655738],[-117.83312,33.655683],[-117.832643,33.655331],[-117.832292,33.655201],[-117.83207,33.655024],[-117.831933,33.654812],[-117.831925,33.654503],[-117.832077,33.65417],[-117.832313,33.654005],[-117.832472,33.653468],[-117.832669,33.653379],[-117.832867,33.653385],[-117.833211,33.65359],[-117.833594,33.653719],[-117.833953,33.654513],[-117.834804,33.654443],[-117.835129,33.654526],[-117.835425,33.65471],[-117.835627,33.655046],[-117.835592,33.65547],[-117.835612,33.655736],[-117.83568,33.655785],[-117.835937,33.655801],[-117.836527,33.655605]]}},{"type":"Feature","properties":{"kind":"footway","name":""},"geometry":{"type":"LineString","coordinates":[[-117.833991,33.653678],[-117.833594,33.653719]]}},{"type":"Feature","properties":{"kind":"footway","name":""},"geometry":{"type":"LineString","coordinates":[[-117.833953,33.654513],[-117.833755,33.654711]]}},{"type":"Feature","properties":{"kind":"footway","name":""},"geometry":{"type":"LineString","coordinates":[[-117.833536,33.653006],[-117.833319,33.652872]]}},{"type":"Feature","properties":{"kind":"footway","name":""},"geometry":{"type":"LineString","coordinates":[[-117.836289,33.654742],[-117.836401,33.655392],[-117.836527,33.655605],[-117.837178,33.655928],[-117.837763,33.655943],[-117.838271,33.655709],[-117.838896,33.655608]]}},{"type":"Feature","properties":{"kind":"footway","name":""},"geometry":{"type":"LineString","coordinates":[[-117.835022,33.651401],[-117.834884,33.651718],[-117.834715,33.651877],[-117.833896,33.652135],[-117.833566,33.652374],[-117.833536,33.653006],[-117.83388,33.653381],[-117.833991,33.653678],[-117.834556,33.653798],[-117.835457,33.654174],[-117.835937,33.654231],[-117.836251,33.654572],[-117.836297,33.65475],[-117.836676,33.654811],[-117.837372,33.655149],[-117.838271,33.655709]]}},{"type":"Feature","properties":{"kind":"cycleway","name":"San Diego Creek Trail"},"geometry":{"type":"LineString","coordinates":[[-117.845419,33.654652],[-117.84669,33.653493],[-117.848109,33.652554],[-117.849133,33.652035],[-117.849911,33.651722],[-117.851736,33.651211],[-117.8527,33.651033],[-117.853665,33.650939],[-117.85867,33.650913],[-117.859758,33.650857],[-117.860968,33.650916],[-117.862589,33.650905],[-117.863247,33.650803]]}},{"type":"Feature","properties":{"kind":"tertiary","name":"Harvard Avenue"},"geometry":{"type":"LineString","coordinates":[[-117.827406,33.653458],[-117.829136,33.652863]]}},{"type":"Feature","properties":{"kind":"secondary","name":"Anteater Drive"},"geometry":{"type":"LineString","coordinates":[[-117.830309,33.639061],[-117.829088,33.638365],[-117.828457,33.637726],[-117.828106,33.637018],[-117.827785,33.635408]]}},{"type":"Feature","properties":{"kind":"primary","name":"Culver Drive"},"geometry":{"type":"LineString","coordinates":[[-117.822029,33.641939],[-117.822591,33.64056],[-117.822958,33.639927],[-117.825889,33.635612],[-117.82669,33.634846]]}},{"type":"Feature","properties":{"kind":"primary","name":"Culver Drive"},"geometry":{"type":"LineString","coordinates":[[-117.822029,33.641939],[-117.8219,33.642494]]}},{"type":"Feature","properties":{"kind":"service","name":""},"geometry":{"type":"LineString","coordinates":[[-117.827894,33.655177],[-117.828264,33.655027],[-117.828381,33.654828],[-117.828446,33.654475],[-117.828613,33.65427],[-117.828852,33.65415],[-117.829191,33.654145],[-117.829492,33.654282],[-117.829641,33.654475],[-117.829643,33.655053],[-117.829793,33.655426],[-117.830041,33.655666],[-117.830359,33.655825],[-117.830973,33.655875],[-117.831966,33.655603],[-117.832581,33.655656],[-117.832962,33.655918],[-117.833322,33.656522],[-117.833489,33.656691],[-117.833684,33.656809],[-117.833992,33.656892],[-117.83477,33.656783],[-117.835394,33.656781],[-117.836375,33.656329],[-117.836686,33.656298],[-117.836986,33.656363],[-117.837268,33.656506],[-117.837675,33.656915]]}},{"type":"Feature","properties":{"kind":"primary","name":"Culver Drive"},"geometry":{"type":"LineString","coordinates":[[-117.82177,33.643098],[-117.821812,33.64435],[-117.82196,33.645136],[-117.822169,33.645803],[-117.822524,33.646602],[-117.824146,33.649508]]}},{"type":"Feature","properties":{"kind":"secondary","name":"Campus Drive"},"geometry":{"type":"LineString","coordinates":[[-117.844297,33.65456],[-117.843264,33.653807],[-117.84273,33.653253],[-117.8423,33.652508],[-117.842096,33.651698]]}},{"type":"Feature","properties":{"kind":"secondary","name":"Campus Drive"},"geometry":{"type":"LineString","coordinates":[[-117.8459,33.655913],[-117.846093,33.655996]]}},{"type":"Feature","properties":{"kind":"secondary","name":"Campus Drive"},"geometry":{"type":"LineString","coordinates":[[-117.844896,33.655128],[-117.845547,33.655595]]}},{"type":"Feature","properties":{"kind":"secondary","name":"Campus Drive"},"geometry":{"type":"LineString","coordinates":[[-117.846093,33.655996],[-117.845823,33.655738]]}},{"type":"Feature","properties":{"kind":"service","name":"Misty Meadows"},"geometry":{"type":"LineString","coordinates":[[-117.818462,33.653156],[-117.818581,33.653068],[-117.81859,33.652828],[-117.818485,33.652577],[-117.818299,33.65247]]}},{"type":"Feature","properties":{"kind":"tertiary","name":"Campus Drive"},"geometry":{"type":"LineString","coordinates":[[-117.820572,33.650589],[-117.819711,33.65032],[-117.81896,33.649862]]}},{"type":"Feature","properties":{"kind":"secondary","name":"Campus Drive"},"geometry":{"type":"LineString","coordinates":[[-117.841742,33.651094],[-117.841925,33.651565],[-117.842099,33.652326],[-117.842443,33.653046],[-117.842923,33.653642],[-117.843834,33.654365]]}},{"type":"Feature","properties":{"kind":"residential","name":"Hillgate"},"geometry":{"type":"LineString","coordinates":[[-117.816889,33.649727],[-117.816928,33.650328],[-117.817083,33.650731],[-117.817372,33.651029],[-117.818133,33.651385],[-117.818561,33.651748]]}},{"type":"Feature","properties":{"kind":"service","name":""},"geometry":{"type":"LineString","coordinates":[[-117.82052,33.652928],[-117.82109,33.652691],[-117.820977,33.652517],[-117.820419,33.652766]]}},{"type":"Feature","properties":{"kind":"service","name":""},"geometry":{"type":"LineString","coordinates":[[-117.820306,33.6514],[-117.820799,33.651433]]}},{"type":"Feature","properties":{"kind":"service","name":""},"geometry":{"type":"LineString","coordinates":[[-117.821111,33.65332],[-117.820721,33.65348]]}},{"type":"Feature","properties":{"kind":"service","name":""},"geometry":{"type":"LineString","coordinates":[[-117.820087,33.653379],[-117.820619,33.65316]]}},{"type":"Feature","properties":{"kind":"service","name":""},"geometry":{"type":"LineString","coordinates":[[-117.819304,33.651869],[-117.819385,33.652047]]}},{"type":"Feature","properties":{"kind":"service","name":""},"geometry":{"type":"LineString","coordinates":[[-117.820528,33.650922],[-117.820337,33.650976],[-117.819903,33.650863]]}},{"type":"Feature","properties":{"kind":"service","name":""},"geometry":{"type":"LineString","coordinates":[[-117.821637,33.654031],[-117.821427,33.654106]]}},{"type":"Feature","properties":{"kind":"service","name":""},"geometry":{"type":"LineString","coordinates":[[-117.820704,33.654008],[-117.820984,33.653891]]}},{"type":"Feature","properties":{"kind":"service","name":""},"geometry":{"type":"LineString","coordinates":[[-117.819304,33.651869],[-117.819951,33.651663]]}},{"type":"Feature","properties":{"kind":"service","name":""},"geometry":{"type":"LineString","coordinates":[[-117.820591,33.653843],[-117.820871,33.653723]]}},{"type":"Feature","properties":{"kind":"service","name":""},"geometry":{"type":"LineString","coordinates":[[-117.819958,33.653218],[-117.820539,33.652968]]}},{"type":"Feature","properties":{"kind":"residential","name":"De Vry Drive"},"geometry":{"type":"LineString","coordinates":[[-117.82352,33.637658],[-117.824073,33.636877]]}},{"type":"Feature","properties":{"kind":"residential","name":"Southall Terrace"},"geometry":{"type":"LineString","coordinates":[[-117.820409,33.63722],[-117.820429,33.636769],[-117.820291,33.636378],[-117.820054,33.635989],[-117.819743,33.63564],[-117.81954,33.635471],[-117.818712,33.635036],[-117.817362,33.634211],[-117.81707,33.634109]]}},{"type":"Feature","properties":{"kind":"footway","name":""},"geometry":{"type":"LineString","coordinates":[[-117.818958,33.637411],[-117.818799,33.637472],[-117.818724,33.637936],[-117.818778,33.638088]]}},{"type":"Feature","properties":{"kind":"footway","name":""},"geometry":{"type":"LineString","coordinates":[[-117.818431,33.636862],[-117.818428,33.637011],[-117.818992,33.637713],[-117.819028,33.637849]]}},{"type":"Feature","properties":{"kind":"footway","name":""},"geometry":{"type":"LineString","coordinates":[[-117.820393,33.637709],[-117.82039,33.637328]]}},{"type":"Feature","properties":{"kind":"footway","name":""},"geometry":{"type":"LineString","coordinates":[[-117.819697,33.637941],[-117.819672,33.637605]]}},{"type":"Feature","properties":{"kind":"residential","name":"Altoona Lane"},"geometry":{"type":"LineString","coordinates":[[-117.821312,33.645367],[-117.821155,33.644627]]}},{"type":"Feature","properties":{"kind":"residential","name":"Antioch Drive"},"geometry":{"type":"LineString","coordinates":[[-117.820383,33.645615],[-117.821312,33.645367]]}},{"type":"Feature","properties":{"kind":"residential","name":"Grosmont Road"},"geometry":{"type":"LineString","coordinates":[[-117.820225,33.645122],[-117.819636,33.645253]]}},{"type":"Feature","properties":{"kind":"cycleway","name":"Turtle Rock Trail"},"geometry":{"type":"LineString","coordinates":[[-117.818744,33.651676],[-117.819046,33.651847],[-117.819195,33.652039],[-117.819319,33.652619],[-117.819668,33.653082],[-117.819855,33.653849],[-117.819801,33.653994],[-117.819168,33.654414],[-117.818857,33.655655],[-117.818747,33.655754],[-117.818298,33.655942]]}},{"type":"Feature","properties":{"kind":"cycleway","name":"Sand Canyon Wash Trail"},"geometry":{"type":"LineString","coordinates":[[-117.820475,33.656207],[-117.820273,33.656515],[-117.820319,33.657131],[-117.821424,33.657153]]}},{"type":"Feature","properties":{"kind":"cycleway","name":"Sand Canyon Wash Trail"},"geometry":{"type":"LineString","coordinates":[[-117.818868,33.655588],[-117.81897,33.655753],[-117.819316,33.655927],[-117.820135,33.656122],[-117.820311,33.656402]]}},{"type":"Feature","properties":{"kind":"cycleway","name":"Sand Canyon Wash Trail"},"geometry":{"type":"LineString","coordinates":[[-117.820135,33.656122],[-117.820612,33.65621],[-117.821831,33.656145],[-117.822362,33.65597],[-117.824253,33.655944],[-117.825325,33.655646],[-117.825707,33.655606],[-117.826012,33.655465]]}},{"type":"Feature","properties":{"kind":"cycleway","name":"Sand Canyon Wash Trail"},"geometry":{"type":"LineString","coordinates":[[-117.826399,33.654548],[-117.826673,33.654551]]}},{"type":"Feature","properties":{"kind":"cycleway","name":"Sand Canyon Wash Trail"},"geometry":{"type":"LineString","coordinates":[[-117.826099,33.655352],[-117.826165,33.655463],[-117.82692,33.655709],[-117.827358,33.656023],[-117.82752,33.656368],[-117.827515,33.65717]]}},{"type":"Feature","properties":{"kind":"cycleway","name":"Sand Canyon Wash Trail"},"geometry":{"type":"LineString","coordinates":[[-117.825667,33.654181],[-117.826206,33.654164],[-117.826399,33.654548]]}},{"type":"Feature","properties":{"kind":"cycleway","name":"Sand Canyon Wash Trail"},"geometry":{"type":"LineString","coordinates":[[-117.826012,33.655465],[-117.826165,33.655463]]}},{"type":"Feature","properties":{"kind":"residential","name":"Frost Street"},"geometry":{"type":"LineString","coordinates":[[-117.832599,33.637693],[-117.83277,33.638049],[-117.833519,33.638266],[-117.834218,33.638782],[-117.834682,33.639047],[-117.835743,33.639274],[-117.836154,33.639292],[-117.836401,33.639175]]}},{"type":"Feature","properties":{"kind":"tertiary","name":"Los Trancos Drive"},"geometry":{"type":"LineString","coordinates":[[-117.841925,33.642393],[-117.841923,33.642318]]}},{"type":"Feature","properties":{"kind":"residential","name":"Twain Street"},"geometry":{"type":"LineString","coordinates":[[-117.83506,33.640645],[-117.835288,33.640391],[-117.835376,33.639953],[-117.835559,33.639724],[-117.83573,33.639344],[-117.835751,33.6391],[-117.835681,33.638819],[-117.835435,33.638567],[-117.834732,33.63837],[-117.833839,33.637646],[-117.833746,33.637402]]}},{"type":"Feature","properties":{"kind":"residential","name":"Locke Court"},"geometry":{"type":"LineString","coordinates":[[-117.844169,33.636037],[-117.84456,33.636257],[-117.844756,33.636624]]}},{"type":"Feature","properties":{"kind":"service","name":""},"geometry":{"type":"LineString","coordinates":[[-117.837949,33.654303],[-117.837183,33.654359]]}},{"type":"Feature","properties":{"kind":"service","name":""},"geometry":{"type":"LineString","coordinates":[[-117.838402,33.654038],[-117.838076,33.654185],[-117.838092,33.654258],[-117.838162,33.654343],[-117.838497,33.654223]]}},{"type":"Feature","properties":{"kind":"service","name":""},"geometry":{"type":"LineString","coordinates":[[-117.837727,33.65466],[-117.837689,33.654321]]}},{"type":"Feature","properties":{"kind":"service","name":""},"geometry":{"type":"LineString","coordinates":[[-117.837679,33.653237],[-117.837418,33.653438],[-117.837565,33.65357],[-117.837832,33.653382]]}},{"type":"Feature","properties":{"kind":"service","name":""},"geometry":{"type":"LineString","coordinates":[[-117.836845,33.653692],[-117.837001,33.653398],[-117.836788,33.653312],[-117.836613,33.653612]]}},{"type":"Feature","properties":{"kind":"residential","name":"Bridge Road"},"geometry":{"type":"LineString","coordinates":[[-117.838252,33.653723],[-117.838609,33.653433]]}},{"type":"Feature","properties":{"kind":"service","name":""},"geometry":{"type":"LineString","coordinates":[[-117.838388,33.65471],[-117.838232,33.654981]]}},{"type":"Feature","properties":{"kind":"service","name":""},"geometry":{"type":"LineString","coordinates":[[-117.838824,33.654323],[-117.838553,33.654388]]}},{"type":"Feature","properties":{"kind":"service","name":""},"geometry":{"type":"LineString","coordinates":[[-117.848772,33.644859],[-117.84868,33.644634],[-117.84846,33.644428],[-117.848297,33.644546]]}},{"type":"Feature","properties":{"kind":"service","name":""},"geometry":{"type":"LineString","coordinates":[[-117.849027,33.645008],[-117.848772,33.644859]]}},{"type":"Feature","properties":{"kind":"service","name":""},"geometry":{"type":"LineString","coordinates":[[-117.848577,33.644791],[-117.848051,33.645015],[-117.847804,33.645008],[-117.84741,33.645096],[-117.847158,33.645053],[-117.846904,33.645084]]}},{"type":"Feature","properties":{"kind":"service","name":""},"geometry":{"type":"LineString","coordinates":[[-117.846737,33.643752],[-117.847113,33.643646],[-117.847125,33.64344]]}},{"type":"Feature","properties":{"kind":"service","name":""},"geometry":{"type":"LineString","coordinates":[[-117.84626,33.644117],[-117.846737,33.643752],[-117.84664,33.643566],[-117.84688,33.643487],[-117.847254,33.643427],[-117.848033,33.643462],[-117.848936,33.643343]]}},{"type":"Feature","properties":{"kind":"service","name":"Gottschalk Road"},"geometry":{"type":"LineString","coordinates":[[-117.850685,33.647072],[-117.851294,33.647403]]}},{"type":"Feature","properties":{"kind":"service","name":"Middle Earth Service Road"},"geometry":{"type":"LineString","coordinates":[[-117.836602,33.644889],[-117.835889,33.644916],[-117.835408,33.64481]]}},{"type":"Feature","properties":{"kind":"secondary","name":"East Peltason Drive"},"geometry":{"type":"LineString","coordinates":[[-117.835364,33.647772],[-117.835307,33.646439]]}},{"type":"Feature","properties":{"kind":"secondary","name":"East Peltason Drive"},"geometry":{"type":"LineString","coordinates":[[-117.835299,33.645974],[-117.835439,33.644613],[-117.835751,33.643487]]}},{"type":"Feature","properties":{"kind":"tertiary","name":"Pereira Drive"},"geometry":{"type":"LineString","coordinates":[[-117.835172,33.64608],[-117.835303,33.646078]]}},{"type":"Feature","properties":{"kind":"service","name":"Palo Verde Road"},"geometry":{"type":"LineString","coordinates":[[-117.830351,33.64112],[-117.829814,33.641056]]}},{"type":"Feature","properties":{"kind":"unclassified","name":"Pereira Drive"},"geometry":{"type":"LineString","coordinates":[[-117.8362,33.646067],[-117.836501,33.646063]]}},{"type":"Feature","properties":{"kind":"tertiary","name":"Pereira Drive"},"geometry":{"type":"LineString","coordinates":[[-117.834508,33.646024],[-117.834603,33.646084],[-117.835172,33.64608]]}},{"type":"Feature","properties":{"kind":"tertiary","name":"Pereira Drive"},"geometry":{"type":"LineString","coordinates":[[-117.835174,33.645975],[-117.834508,33.646024]]}},{"type":"Feature","properties":{"kind":"tertiary","name":"Pereira Drive"},"geometry":{"type":"LineString","coordinates":[[-117.835299,33.645974],[-117.835174,33.645975]]}},{"type":"Feature","properties":{"kind":"residential","name":"Palo Verde Road"},"geometry":{"type":"LineString","coordinates":[[-117.835657,33.643421],[-117.834658,33.643081],[-117.833708,33.642985],[-117.833196,33.642876],[-117.832902,33.642743]]}},{"type":"Feature","properties":{"kind":"service","name":""},"geometry":{"type":"LineString","coordinates":[[-117.832777,33.649277],[-117.832706,33.649436],[-117.832304,33.649888],[-117.831793,33.65043],[-117.831686,33.650474]]}},{"type":"Feature","properties":{"kind":"service","name":""},"geometry":{"type":"LineString","coordinates":[[-117.830963,33.649675],[-117.831127,33.649715],[-117.831354,33.649081]]}},{"type":"Feature","properties":{"kind":"service","name":""},"geometry":{"type":"LineString","coordinates":[[-117.831231,33.648699],[-117.831313,33.648947],[-117.831004,33.649013]]}},{"type":"Feature","properties":{"kind":"service","name":""},"geometry":{"type":"LineString","coordinates":[[-117.830306,33.649543],[-117.830551,33.649474],[-117.830835,33.649287],[-117.830713,33.649606],[-117.830927,33.649665],[-117.83109,33.649155]]}},{"type":"Feature","properties":{"kind":"secondary","name":"Anteater Drive"},"geometry":{"type":"LineString","coordinates":[[-117.834643,33.641056],[-117.832792,33.640037],[-117.831005,33.639455],[-117.830347,33.639163]]}},{"type":"Feature","properties":{"kind":"service","name":""},"geometry":{"type":"LineString","coordinates":[[-117.836984,33.643165],[-117.836683,33.643068],[-117.836464,33.642761]]}},{"type":"Feature","properties":{"kind":"secondary","name":"Anteater Drive"},"geometry":{"type":"LineString","coordinates":[[-117.836464,33.642761],[-117.83646,33.642672]]}},{"type":"Feature","properties":{"kind":"service","name":""},"geometry":{"type":"LineString","coordinates":[[-117.839967,33.652498],[-117.840415,33.652788],[-117.840617,33.653043],[-117.841335,33.654333]]}},{"type":"Feature","properties":{"kind":"service","name":""},"geometry":{"type":"LineString","coordinates":[[-117.840278,33.654831],[-117.839733,33.654754]]}},{"type":"Feature","properties":{"kind":"service","name":""},"geometry":{"type":"LineString","coordinates":[[-117.839268,33.65399],[-117.839631,33.653874]]}},{"type":"Feature","properties":{"kind":"service","name":""},"geometry":{"type":"LineString","coordinates":[[-117.842173,33.653354],[-117.841948,33.653442]]}},{"type":"Feature","properties":{"kind":"service","name":""},"geometry":{"type":"LineString","coordinates":[[-117.840013,33.656377],[-117.83949,33.656315]]}},{"type":"Feature","properties":{"kind":"service","name":""},"geometry":{"type":"LineString","coordinates":[[-117.840625,33.655466],[-117.840699,33.655178]]}},{"type":"Feature","properties":{"kind":"service","name":""},"geometry":{"type":"LineString","coordinates":[[-117.840074,33.653264],[-117.840466,33.652852]]}},{"type":"Feature","properties":{"kind":"service","name":""},"geometry":{"type":"LineString","coordinates":[[-117.841071,33.652904],[-117.841524,33.652677]]}},{"type":"Feature","properties":{"kind":"service","name":""},"geometry":{"type":"LineString","coordinates":[[-117.842088,33.653742],[-117.841942,33.653484]]}},{"type":"Feature","properties":{"kind":"service","name":""},"geometry":{"type":"LineString","coordinates":[[-117.840773,33.655905],[-117.84132,33.656068]]}},{"type":"Feature","properties":{"kind":"service","name":""},"geometry":{"type":"LineString","coordinates":[[-117.840617,33.653043],[-117.841071,33.652904]]}},{"type":"Feature","properties":{"kind":"service","name":""},"geometry":{"type":"LineString","coordinates":[[-117.840975,33.654821],[-117.840846,33.655166]]}},{"type":"Feature","properties":{"kind":"service","name":""},"geometry":{"type":"LineString","coordinates":[[-117.840386,33.655965],[-117.840521,33.65556]]}},{"type":"Feature","properties":{"kind":"service","name":""},"geometry":{"type":"LineString","coordinates":[[-117.840695,33.656034],[-117.840145,33.655911]]}},{"type":"Feature","properties":{"kind":"service","name":""},"geometry":{"type":"LineString","coordinates":[[-117.839613,33.653842],[-117.839804,33.653769],[-117.839602,33.653382]]}},{"type":"Feature","properties":{"kind":"service","name":""},"geometry":{"type":"LineString","coordinates":[[-117.840083,33.656122],[-117.84019,33.655753]]}},{"type":"Feature","properties":{"kind":"service","name":""},"geometry":{"type":"LineString","coordinates":[[-117.839327,33.655606],[-117.839802,33.65568]]}},{"type":"Feature","properties":{"kind":"service","name":""},"geometry":{"type":"LineString","coordinates":[[-117.840598,33.656934],[-117.840493,33.65648],[-117.840255,33.656518],[-117.84036,33.656969]]}},{"type":"Feature","properties":{"kind":"service","name":""},"geometry":{"type":"LineString","coordinates":[[-117.839787,33.654278],[-117.839425,33.653512]]}},{"type":"Feature","properties":{"kind":"service","name":""},"geometry":{"type":"LineString","coordinates":[[-117.840283,33.655028],[-117.840358,33.654452]]}},{"type":"Feature","properties":{"kind":"service","name":""},"geometry":{"type":"LineString","coordinates":[[-117.839425,33.653512],[-117.83973,33.653288],[-117.840297,33.652712]]}},{"type":"Feature","properties":{"kind":"service","name":""},"geometry":{"type":"LineString","coordinates":[[-117.839676,33.655154],[-117.839733,33.654754],[-117.83969,33.654369]]}},{"type":"Feature","properties":{"kind":"service","name":""},"geometry":{"type":"LineString","coordinates":[[-117.840424,33.653953],[-117.840514,33.654105],[-117.841144,33.65398]]}},{"type":"Feature","properties":{"kind":"service","name":""},"geometry":{"type":"LineString","coordinates":[[-117.841057,33.65523],[-117.841195,33.654886],[-117.840975,33.654821],[-117.840946,33.654475]]}},{"type":"Feature","properties":{"kind":"service","name":""},"geometry":{"type":"LineString","coordinates":[[-117.841498,33.653661],[-117.840152,33.654043]]}},{"type":"Feature","properties":{"kind":"service","name":""},"geometry":{"type":"LineString","coordinates":[[-117.841128,33.652164],[-117.84146,33.651981],[-117.841685,33.651925],[-117.84165,33.651742],[-117.841382,33.651819],[-117.840959,33.652056]]}},{"type":"Feature","properties":{"kind":"service","name":""},"geometry":{"type":"LineString","coordinates":[[-117.839802,33.65568],[-117.839861,33.655643],[-117.839936,33.655324]]}},{"type":"Feature","properties":{"kind":"service","name":""},"geometry":{"type":"LineString","coordinates":[[-117.841657,33.655409],[-117.840515,33.655067],[-117.839707,33.654931]]}},{"type":"Feature","properties":{"kind":"service","name":""},"geometry":{"type":"LineString","coordinates":[[-117.83947,33.656762],[-117.840112,33.657011],[-117.840821,33.656892],[-117.841485,33.656678],[-117.841506,33.656576],[-117.841268,33.656212],[-117.841468,33.655736]]}},{"type":"Feature","properties":{"kind":"service","name":""},"geometry":{"type":"LineString","coordinates":[[-117.840654,33.651876],[-117.841128,33.652164],[-117.841433,33.652499],[-117.841965,33.653474],[-117.841498,33.653661]]}},{"type":"Feature","properties":{"kind":"service","name":""},"geometry":{"type":"LineString","coordinates":[[-117.837752,33.651743],[-117.837685,33.651862],[-117.83761,33.651863],[-117.837556,33.651803],[-117.837611,33.651694]]}},{"type":"Feature","properties":{"kind":"service","name":""},"geometry":{"type":"LineString","coordinates":[[-117.839238,33.652661],[-117.838772,33.652319]]}},{"type":"Feature","properties":{"kind":"service","name":""},"geometry":{"type":"LineString","coordinates":[[-117.839525,33.651945],[-117.839243,33.652213]]}},{"type":"Feature","properties":{"kind":"service","name":""},"geometry":{"type":"LineString","coordinates":[[-117.838579,33.652503],[-117.838402,33.652374],[-117.838295,33.652477]]}},{"type":"Feature","properties":{"kind":"service","name":""},"geometry":{"type":"LineString","coordinates":[[-117.83936,33.652099],[-117.839283,33.652018],[-117.839253,33.651799]]}},{"type":"Feature","properties":{"kind":"service","name":""},"geometry":{"type":"LineString","coordinates":[[-117.838166,33.651824],[-117.838139,33.65193],[-117.837724,33.652322]]}},{"type":"Feature","properties":{"kind":"service","name":""},"geometry":{"type":"LineString","coordinates":[[-117.837885,33.652177],[-117.838657,33.652791]]}},{"type":"Feature","properties":{"kind":"service","name":""},"geometry":{"type":"LineString","coordinates":[[-117.838476,33.652998],[-117.838657,33.652791],[-117.838579,33.652503],[-117.839057,33.652046]]}},{"type":"Feature","properties":{"kind":"service","name":""},"geometry":{"type":"LineString","coordinates":[[-117.831612,33.652026],[-117.831556,33.652181],[-117.83167,33.652242],[-117.831759,33.652221],[-117.831806,33.652082],[-117.831744,33.652025],[-117.831612,33.652026]]}},{"type":"Feature","properties":{"kind":"residential","name":""},"geometry":{"type":"LineString","coordinates":[[-117.833332,33.651497],[-117.833315,33.651149]]}},{"type":"Feature","properties":{"kind":"service","name":""},"geometry":{"type":"LineString","coordinates":[[-117.83373,33.651743],[-117.833435,33.651755]]}},{"type":"Feature","properties":{"kind":"service","name":""},"geometry":{"type":"LineString","coordinates":[[-117.833504,33.6522],[-117.833276,33.65197]]}},{"type":"Feature","properties":{"kind":"service","name":""},"geometry":{"type":"LineString","coordinates":[[-117.83247,33.652105],[-117.832833,33.652218]]}},{"type":"Feature","properties":{"kind":"service","name":""},"geometry":{"type":"LineString","coordinates":[[-117.830982,33.651295],[-117.831155,33.651208],[-117.830975,33.650873],[-117.830771,33.650932]]}},{"type":"Feature","properties":{"kind":"service","name":"California Street"},"geometry":{"type":"LineString","coordinates":[[-117.831227,33.651712],[-117.831433,33.652054],[-117.831542,33.652105]]}},{"type":"Feature","properties":{"kind":"service","name":""},"geometry":{"type":"LineString","coordinates":[[-117.834152,33.651713],[-117.834107,33.651602],[-117.83339,33.651578]]}},{"type":"Feature","properties":{"kind":"service","name":"California Street"},"geometry":{"type":"LineString","coordinates":[[-117.831577,33.652048],[-117.831227,33.651712]]}},{"type":"Feature","properties":{"kind":"service","name":"California Avenue"},"geometry":{"type":"LineString","coordinates":[[-117.831651,33.651939],[-117.831358,33.65209],[-117.831032,33.652137],[-117.83072,33.65226],[-117.830608,33.652383],[-117.830629,33.652554],[-117.831418,33.652904],[-117.831655,33.653394],[-117.831795,33.653497],[-117.832018,33.653484],[-117.832133,33.653392],[-117.832105,33.65304],[-117.832232,33.652851]]}},{"type":"Feature","properties":{"kind":"service","name":""},"geometry":{"type":"LineString","coordinates":[[-117.832816,33.65121],[-117.832688,33.650718],[-117.832906,33.650684],[-117.832717,33.650883]]}},{"type":"Feature","properties":{"kind":"service","name":""},"geometry":{"type":"LineString","coordinates":[[-117.832319,33.651315],[-117.832174,33.650764],[-117.831937,33.650794],[-117.832205,33.650925]]}},{"type":"Feature","properties":{"kind":"service","name":""},"geometry":{"type":"LineString","coordinates":[[-117.831418,33.652904],[-117.831521,33.652744],[-117.831469,33.652665],[-117.831099,33.652557],[-117.830957,33.652586],[-117.830904,33.652677]]}},{"type":"Feature","properties":{"kind":"service","name":""},"geometry":{"type":"LineString","coordinates":[[-117.832371,33.649805],[-117.832543,33.649904],[-117.83262,33.650237],[-117.832838,33.650205],[-117.832799,33.650122],[-117.832582,33.650075]]}},{"type":"Feature","properties":{"kind":"cycleway","name":""},"geometry":{"type":"LineString","coordinates":[[-117.836693,33.643447],[-117.836556,33.643841],[-117.836545,33.644419],[-117.836744,33.645395]]}},{"type":"Feature","properties":{"kind":"service","name":""},"geometry":{"type":"LineString","coordinates":[[-117.832056,33.64248],[-117.832171,33.642189],[-117.832012,33.642144],[-117.831883,33.642118],[-117.831771,33.642404]]}},{"type":"Feature","properties":{"kind":"service","name":""},"geometry":{"type":"LineString","coordinates":[[-117.830598,33.641813],[-117.830122,33.641656]]}},{"type":"Feature","properties":{"kind":"footway","name":""},"geometry":{"type":"LineString","coordinates":[[-117.84646,33.656462],[-117.846711,33.656908],[-117.847085,33.657306],[-117.847368,33.657771],[-117.848335,33.660686],[-117.848857,33.661906],[-117.849069,33.662226],[-117.849837,33.663035],[-117.850983,33.663997],[-117.850107,33.664963],[-117.849044,33.665995],[-117.848674,33.666514]]}},{"type":"Feature","properties":{"kind":"service","name":""},"geometry":{"type":"LineString","coordinates":[[-117.846114,33.655526],[-117.845934,33.655818]]}},{"type":"Feature","properties":{"kind":"path","name":""},"geometry":{"type":"LineString","coordinates":[[-117.845422,33.65614],[-117.84558,33.655819],[-117.845815,33.655594],[-117.846234,33.655358],[-117.847488,33.654258],[-117.848547,33.653521],[-117.849414,33.653064],[-117.850347,33.652668],[-117.852131,33.652135],[-117.853689,33.651941],[-117.854191,33.651985],[-117.857964,33.651961],[-117.859483,33.651927],[-117.859998,33.651804],[-117.861433,33.651996],[-117.861788,33.651949],[-117.86211,33.651992],[-117.863159,33.65184],[-117.863408,33.65193],[-117.86371,33.652573],[-117.86357,33.652592]]}},{"type":"Feature","properties":{"kind":"cycleway","name":""},"geometry":{"type":"LineString","coordinates":[[-117.828486,33.643827],[-117.828652,33.64379],[-117.828748,33.643662],[-117.828704,33.643512],[-117.828524,33.643565]]}},{"type":"Feature","properties":{"kind":"cycleway","name":""},"geometry":{"type":"LineString","coordinates":[[-117.829109,33.643223],[-117.82887,33.643498],[-117.828695,33.644195]]}},{"type":"Feature","properties":{"kind":"footway","name":""},"geometry":{"type":"LineString","coordinates":[[-117.824208,33.641957],[-117.824292,33.641945],[-117.824558,33.641547],[-117.824914,33.641634],[-117.825716,33.642041]]}},{"type":"Feature","properties":{"kind":"footway","name":""},"geometry":{"type":"LineString","coordinates":[[-117.826887,33.643447],[-117.827015,33.643286],[-117.827103,33.643292],[-117.827309,33.643895]]}},{"type":"Feature","properties":{"kind":"cycleway","name":""},"geometry":{"type":"LineString","coordinates":[[-117.829199,33.643356],[-117.829089,33.643352],[-117.828988,33.643446],[-117.828797,33.64342],[-117.828704,33.643512]]}},{"type":"Feature","properties":{"kind":"footway","name":""},"geometry":{"type":"LineString","coordinates":[[-117.827143,33.642735],[-117.826158,33.642257]]}},{"type":"Feature","properties":{"kind":"footway","name":""},"geometry":{"type":"LineString","coordinates":[[-117.827179,33.643937],[-117.827111,33.644011]]}},{"type":"Feature","properties":{"kind":"service","name":""},"geometry":{"type":"LineString","coordinates":[[-117.828459,33.643863],[-117.828073,33.644267]]}},{"type":"Feature","properties":{"kind":"service","name":""},"geometry":{"type":"LineString","coordinates":[[-117.828598,33.644045],[-117.828333,33.644318]]}},{"type":"Feature","properties":{"kind":"cycleway","name":""},"geometry":{"type":"LineString","coordinates":[[-117.827168,33.645193],[-117.827374,33.645062],[-117.827576,33.644824],[-117.827597,33.64446],[-117.827719,33.644081],[-117.828042,33.643777],[-117.828213,33.643784]]}},{"type":"Feature","properties":{"kind":"service","name":""},"geometry":{"type":"LineString","coordinates":[[-117.828598,33.644045],[-117.828459,33.643863],[-117.828237,33.643836],[-117.827908,33.644147],[-117.827837,33.644377],[-117.827978,33.644411],[-117.828073,33.644267]]}},{"type":"Feature","properties":{"kind":"footway","name":""},"geometry":{"type":"LineString","coordinates":[[-117.828213,33.643784],[-117.828131,33.643842],[-117.827911,33.643768],[-117.827473,33.643862]]}},{"type":"Feature","properties":{"kind":"pedestrian","name":""},"geometry":{"type":"LineString","coordinates":[[-117.826943,33.643634],[-117.826934,33.643444],[-117.82681,33.643398],[-117.826679,33.643445],[-117.826633,33.643557],[-117.826704,33.643661],[-117.826827,33.643687],[-117.826943,33.643634]]}},{"type":"Feature","properties":{"kind":"footway","name":""},"geometry":{"type":"LineString","coordinates":[[-117.825685,33.643431],[-117.826037,33.643552],[-117.826137,33.643761],[-117.826539,33.643938],[-117.826763,33.64365]]}},{"type":"Feature","properties":{"kind":"cycleway","name":""},"geometry":{"type":"LineString","coordinates":[[-117.827576,33.644824],[-117.827921,33.644416]]}},{"type":"Feature","properties":{"kind":"footway","name":""},"geometry":{"type":"LineString","coordinates":[[-117.828868,33.643763],[-117.828722,33.643734]]}},{"type":"Feature","properties":{"kind":"footway","name":""},"geometry":{"type":"LineString","coordinates":[[-117.826231,33.641928],[-117.826041,33.64212],[-117.825718,33.642054],[-117.82594,33.642166],[-117.826006,33.642286],[-117.826136,33.642264],[-117.826231,33.641928]]}},{"type":"Feature","properties":{"kind":"footway","name":""},"geometry":{"type":"LineString","coordinates":[[-117.828776,33.643947],[-117.82862,33.643958]]}},{"type":"Feature","properties":{"kind":"footway","name":""},"geometry":{"type":"LineString","coordinates":[[-117.826854,33.64365],[-117.827444,33.644153]]}},{"type":"Feature","properties":{"kind":"footway","name":""},"geometry":{"type":"LineString","coordinates":[[-117.839238,33.645157],[-117.838682,33.645194]]}},{"type":"Feature","properties":{"kind":"service","name":""},"geometry":{"type":"LineString","coordinates":[[-117.831912,33.645981],[-117.832521,33.646023],[-117.832527,33.645798],[-117.831964,33.645747],[-117.831912,33.645981]]}},{"type":"Feature","properties":{"kind":"service","name":""},"geometry":{"type":"LineString","coordinates":[[-117.830775,33.643044],[-117.830421,33.642888],[-117.830302,33.643085],[-117.83065,33.643245]]}},{"type":"Feature","properties":{"kind":"footway","name":""},"geometry":{"type":"LineString","coordinates":[[-117.839314,33.645115],[-117.838934,33.644678],[-117.838152,33.644041],[-117.837817,33.643963],[-117.837683,33.644053],[-117.837415,33.644092]]}},{"type":"Feature","properties":{"kind":"footway","name":""},"geometry":{"type":"LineString","coordinates":[[-117.840523,33.646984],[-117.840596,33.64709],[-117.840594,33.647268],[-117.840831,33.64745],[-117.840693,33.64768]]}},{"type":"Feature","properties":{"kind":"service","name":""},"geometry":{"type":"LineString","coordinates":[[-117.834824,33.644529],[-117.835019,33.644527],[-117.835311,33.643528],[-117.835005,33.64344]]}},{"type":"Feature","properties":{"kind":"footway","name":""},"geometry":{"type":"LineString","coordinates":[[-117.837885,33.644712],[-117.837829,33.644268],[-117.838373,33.644192],[-117.838281,33.644576],[-117.838176,33.644696],[-117.838267,33.644867],[-117.838195,33.645125],[-117.838253,33.645451],[-117.838155,33.645734]]}},{"type":"Feature","properties":{"kind":"service","name":""},"geometry":{"type":"LineString","coordinates":[[-117.839421,33.643344],[-117.839266,33.643498],[-117.838969,33.643574]]}},{"type":"Feature","properties":{"kind":"service","name":""},"geometry":{"type":"LineString","coordinates":[[-117.836452,33.646412],[-117.835677,33.646419]]}},{"type":"Feature","properties":{"kind":"service","name":""},"geometry":{"type":"LineString","coordinates":[[-117.852286,33.643807],[-117.852497,33.643834],[-117.852769,33.644047]]}},{"type":"Feature","properties":{"kind":"service","name":""},"geometry":{"type":"LineString","coordinates":[[-117.833747,33.647076],[-117.833888,33.647214]]}},{"type":"Feature","properties":{"kind":"footway","name":""},"geometry":{"type":"LineString","coordinates":[[-117.840829,33.647507],[-117.840915,33.647558]]}},{"type":"Feature","properties":{"kind":"service","name":""},"geometry":{"type":"LineString","coordinates":[[-117.835261,33.64369],[-117.834922,33.643594]]}},{"type":"Feature","properties":{"kind":"footway","name":""},"geometry":{"type":"LineString","coordinates":[[-117.841295,33.647346],[-117.841395,33.647409]]}},{"type":"Feature","properties":{"kind":"footway","name":""},"geometry":{"type":"LineString","coordinates":[[-117.852267,33.641944],[-117.85195,33.642052],[-117.851661,33.642029],[-117.851681,33.642769]]}},{"type":"Feature","properties":{"kind":"service","name":""},"geometry":{"type":"LineString","coordinates":[[-117.830027,33.647711],[-117.830364,33.647664]]}},{"type":"Feature","properties":{"kind":"service","name":""},"geometry":{"type":"LineString","coordinates":[[-117.831953,33.643345],[-117.831851,33.643553]]}},{"type":"Feature","properties":{"kind":"footway","name":""},"geometry":{"type":"LineString","coordinates":[[-117.83784,33.645154],[-117.838195,33.645125]]}},{"type":"Feature","properties":{"kind":"service","name":""},"geometry":{"type":"LineString","coordinates":[[-117.836756,33.646604],[-117.836484,33.646694]]}},{"type":"Feature","properties":{"kind":"footway","name":""},"geometry":{"type":"LineString","coordinates":[[-117.837683,33.644053],[-117.83769,33.644134]]}},{"type":"Feature","properties":{"kind":"service","name":""},"geometry":{"type":"LineString","coordinates":[[-117.834731,33.64561],[-117.834513,33.645601]]}},{"type":"Feature","properties":{"kind":"service","name":""},"geometry":{"type":"LineString","coordinates":[[-117.838833,33.642911],[-117.83878,33.643296]]}},{"type":"Feature","properties":{"kind":"service","name":""},"geometry":{"type":"LineString","coordinates":[[-117.830596,33.642955],[-117.830475,33.643169]]}},{"type":"Feature","properties":{"kind":"service","name":""},"geometry":{"type":"LineString","coordinates":[[-117.842022,33.647518],[-117.842168,33.647623]]}},{"type":"Feature","properties":{"kind":"service","name":""},"geometry":{"type":"LineString","coordinates":[[-117.835212,33.643852],[-117.834888,33.643761]]}},{"type":"Feature","properties":{"kind":"service","name":""},"geometry":{"type":"LineString","coordinates":[[-117.850759,33.643467],[-117.850377,33.643471]]}},{"type":"Feature","properties":{"kind":"footway","name":""},"geometry":{"type":"LineString","coordinates":[[-117.841387,33.647247],[-117.841587,33.647382]]}},{"type":"Feature","properties":{"kind":"service","name":""},"geometry":{"type":"LineString","coordinates":[[-117.838607,33.643281],[-117.838952,33.643314]]}},{"type":"Feature","properties":{"kind":"service","name":""},"geometry":{"type":"LineString","coordinates":[[-117.833951,33.646908],[-117.833443,33.647234]]}},{"type":"Feature","properties":{"kind":"service","name":""},"geometry":{"type":"LineString","coordinates":[[-117.830042,33.644448],[-117.830383,33.644593]]}},{"type":"Feature","properties":{"kind":"service","name":""},"geometry":{"type":"LineString","coordinates":[[-117.831603,33.643245],[-117.83218,33.64338]]}},{"type":"Feature","properties":{"kind":"service","name":""},"geometry":{"type":"LineString","coordinates":[[-117.834726,33.645445],[-117.834739,33.645861]]}},{"type":"Feature","properties":{"kind":"service","name":""},"geometry":{"type":"LineString","coordinates":[[-117.839463,33.644515],[-117.839305,33.644572],[-117.838961,33.643933],[-117.839114,33.643862]]}},{"type":"Feature","properties":{"kind":"service","name":""},"geometry":{"type":"LineString","coordinates":[[-117.836452,33.645355],[-117.836458,33.645626],[-117.836698,33.645638]]}},{"type":"Feature","properties":{"kind":"service","name":""},"geometry":{"type":"LineString","coordinates":[[-117.837466,33.646819],[-117.837508,33.647073]]}},{"type":"Feature","properties":{"kind":"service","name":""},"geometry":{"type":"LineString","coordinates":[[-117.851072,33.641973],[-117.851117,33.642022]]}},{"type":"Feature","properties":{"kind":"service","name":""},"geometry":{"type":"LineString","coordinates":[[-117.83656,33.646929],[-117.836268,33.647139],[-117.836369,33.647252],[-117.836504,33.64717],[-117.83656,33.646929]]}},{"type":"Feature","properties":{"kind":"service","name":""},"geometry":{"type":"LineString","coordinates":[[-117.850772,33.643698],[-117.850573,33.643707],[-117.850565,33.643879],[-117.85058,33.644364],[-117.850785,33.644363]]}},{"type":"Feature","properties":{"kind":"service","name":""},"geometry":{"type":"LineString","coordinates":[[-117.834517,33.645505],[-117.834383,33.645489],[-117.833927,33.645025],[-117.834101,33.644864]]}},{"type":"Feature","properties":{"kind":"footway","name":""},"geometry":{"type":"LineString","coordinates":[[-117.837818,33.645654],[-117.837844,33.645238],[-117.837771,33.644733]]}},{"type":"Feature","properties":{"kind":"service","name":"Health Science Road"},"geometry":{"type":"LineString","coordinates":[[-117.849154,33.644625],[-117.850791,33.64461],[-117.850785,33.644363],[-117.851614,33.644475],[-117.85188,33.64446],[-117.852442,33.644288],[-117.852953,33.643955]]}},{"type":"Feature","properties":{"kind":"service","name":""},"geometry":{"type":"LineString","coordinates":[[-117.832055,33.644727],[-117.833001,33.644543],[-117.833061,33.644478],[-117.833048,33.64434]]}},{"type":"Feature","properties":{"kind":"footway","name":""},"geometry":{"type":"LineString","coordinates":[[-117.838261,33.64493],[-117.838569,33.64494],[-117.838663,33.645049],[-117.838702,33.645527],[-117.838612,33.645865]]}},{"type":"Feature","properties":{"kind":"pedestrian","name":""},"geometry":{"type":"LineString","coordinates":[[-117.840946,33.647522],[-117.840743,33.647759],[-117.841191,33.648041],[-117.841392,33.647807],[-117.840946,33.647522]]}},{"type":"Feature","properties":{"kind":"service","name":""},"geometry":{"type":"LineString","coordinates":[[-117.834426,33.645178],[-117.83385,33.64464],[-117.834021,33.644518],[-117.834431,33.644826],[-117.834538,33.644843]]}},{"type":"Feature","properties":{"kind":"service","name":""},"geometry":{"type":"LineString","coordinates":[[-117.834468,33.646417],[-117.834277,33.646428]]}},{"type":"Feature","properties":{"kind":"service","name":""},"geometry":{"type":"LineString","coordinates":[[-117.836453,33.646583],[-117.836587,33.64685],[-117.83656,33.646929]]}},{"type":"Feature","properties":{"kind":"service","name":""},"geometry":{"type":"LineString","coordinates":[[-117.833858,33.643861],[-117.834068,33.643753],[-117.83444,33.643729],[-117.834462,33.643919],[-117.834113,33.643943],[-117.834068,33.643753]]}},{"type":"Feature","properties":{"kind":"service","name":""},"geometry":{"type":"LineString","coordinates":[[-117.831877,33.646932],[-117.831947,33.647291],[-117.832143,33.647537],[-117.83223,33.647555],[-117.832393,33.64746],[-117.832139,33.647093],[-117.832204,33.64685]]}},{"type":"Feature","properties":{"kind":"service","name":""},"geometry":{"type":"LineString","coordinates":[[-117.836428,33.646236],[-117.835713,33.646242],[-117.835658,33.646545],[-117.835695,33.646589],[-117.836453,33.646583],[-117.836428,33.646236]]}},{"type":"Feature","properties":{"kind":"footway","name":""},"geometry":{"type":"LineString","coordinates":[[-117.837885,33.644712],[-117.837497,33.644784],[-117.837067,33.644766]]}},{"type":"Feature","properties":{"kind":"footway","name":""},"geometry":{"type":"LineString","coordinates":[[-117.84007,33.644771],[-117.840219,33.644822],[-117.840832,33.644644]]}},{"type":"Feature","properties":{"kind":"footway","name":""},"geometry":{"type":"LineString","coordinates":[[-117.840031,33.645355],[-117.84041,33.645364]]}},{"type":"Feature","properties":{"kind":"service","name":""},"geometry":{"type":"LineString","coordinates":[[-117.835325,33.645573],[-117.835563,33.645517],[-117.8356,33.645455],[-117.835563,33.645227],[-117.835367,33.645199]]}},{"type":"Feature","properties":{"kind":"service","name":""},"geometry":{"type":"LineString","coordinates":[[-117.832914,33.643658],[-117.832865,33.643794],[-117.832784,33.643821],[-117.832042,33.643789],[-117.831805,33.643731],[-117.831851,33.643553]]}},{"type":"Feature","properties":{"kind":"service","name":""},"geometry":{"type":"LineString","coordinates":[[-117.84042,33.645144],[-117.840433,33.645305],[-117.840357,33.645435],[-117.840038,33.64553],[-117.839977,33.645651]]}},{"type":"Feature","properties":{"kind":"service","name":""},"geometry":{"type":"LineString","coordinates":[[-117.838808,33.643643],[-117.838778,33.643567],[-117.838622,33.643542],[-117.838534,33.643589],[-117.838495,33.643708]]}},{"type":"Feature","properties":{"kind":"service","name":""},"geometry":{"type":"LineString","coordinates":[[-117.837068,33.646565],[-117.837166,33.64669],[-117.837466,33.646819]]}},{"type":"Feature","properties":{"kind":"service","name":""},"geometry":{"type":"LineString","coordinates":[[-117.831222,33.644812],[-117.8312,33.644688],[-117.831118,33.644657],[-117.831045,33.644708],[-117.831047,33.644834]]}},{"type":"Feature","properties":{"kind":"footway","name":""},"geometry":{"type":"LineString","coordinates":[[-117.839828,33.645148],[-117.839588,33.645188]]}},{"type":"Feature","properties":{"kind":"footway","name":""},"geometry":{"type":"LineString","coordinates":[[-117.848379,33.644058],[-117.848673,33.643855]]}},{"type":"Feature","properties":{"kind":"footway","name":""},"geometry":{"type":"LineString","coordinates":[[-117.848506,33.644395],[-117.848509,33.644293],[-117.848688,33.644099],[-117.848692,33.643925],[-117.848373,33.643419]]}},{"type":"Feature","properties":{"kind":"footway","name":""},"geometry":{"type":"LineString","coordinates":[[-117.847968,33.644321],[-117.848115,33.644112],[-117.84831,33.644002],[-117.848602,33.644185]]}},{"type":"Feature","properties":{"kind":"footway","name":""},"geometry":{"type":"LineString","coordinates":[[-117.839381,33.644354],[-117.839678,33.644424],[-117.840098,33.644657]]}},{"type":"Feature","properties":{"kind":"service","name":""},"geometry":{"type":"LineString","coordinates":[[-117.837044,33.645414],[-117.837058,33.645053]]}},{"type":"Feature","properties":{"kind":"footway","name":""},"geometry":{"type":"LineString","coordinates":[[-117.847948,33.649115],[-117.84918,33.649735],[-117.849486,33.649823],[-117.851197,33.649441],[-117.851272,33.649658],[-117.849651,33.650027],[-117.849191,33.649993],[-117.848501,33.650966],[-117.848646,33.651327],[-117.848386,33.651682]]}},{"type":"Feature","properties":{"kind":"footway","name":""},"geometry":{"type":"LineString","coordinates":[[-117.842362,33.650162],[-117.842536,33.650211],[-117.842667,33.650183]]}},{"type":"Feature","properties":{"kind":"service","name":""},"geometry":{"type":"LineString","coordinates":[[-117.848593,33.647564],[-117.848901,33.647242],[-117.84865,33.646883],[-117.848437,33.646955],[-117.848249,33.647118],[-117.848374,33.647237]]}},{"type":"Feature","properties":{"kind":"service","name":""},"geometry":{"type":"LineString","coordinates":[[-117.84658,33.652029],[-117.846427,33.651647],[-117.846625,33.651587]]}},{"type":"Feature","properties":{"kind":"service","name":"South Circle View"},"geometry":{"type":"LineString","coordinates":[[-117.843632,33.642322],[-117.843409,33.64199]]}},{"type":"Feature","properties":{"kind":"footway","name":""},"geometry":{"type":"LineString","coordinates":[[-117.846432,33.649661],[-117.846591,33.649918]]}},{"type":"Feature","properties":{"kind":"footway","name":""},"geometry":{"type":"LineString","coordinates":[[-117.848507,33.647988],[-117.848253,33.647855]]}},{"type":"Feature","properties":{"kind":"footway","name":""},"geometry":{"type":"LineString","coordinates":[[-117.842293,33.649528],[-117.842139,33.649691]]}},{"type":"Feature","properties":{"kind":"footway","name":""},"geometry":{"type":"LineString","coordinates":[[-117.84384,33.648494],[-117.843855,33.648449]]}},{"type":"Feature","properties":{"kind":"footway","name":""},"geometry":{"type":"LineString","coordinates":[[-117.843927,33.648235],[-117.843976,33.648084]]}},{"type":"Feature","properties":{"kind":"footway","name":""},"geometry":{"type":"LineString","coordinates":[[-117.846805,33.649838],[-117.846745,33.649932]]}},{"type":"Feature","properties":{"kind":"footway","name":""},"geometry":{"type":"LineString","coordinates":[[-117.846175,33.649529],[-117.846387,33.649224]]}},{"type":"Feature","properties":{"kind":"footway","name":""},"geometry":{"type":"LineString","coordinates":[[-117.844009,33.648518],[-117.844019,33.648463]]}},{"type":"Feature","properties":{"kind":"path","name":""},"geometry":{"type":"LineString","coordinates":[[-117.842378,33.650896],[-117.842577,33.650952]]}},{"type":"Feature","properties":{"kind":"service","name":""},"geometry":{"type":"LineString","coordinates":[[-117.832735,33.641352],[-117.833275,33.641478]]}},{"type":"Feature","properties":{"kind":"footway","name":""},"geometry":{"type":"LineString","coordinates":[[-117.843628,33.648662],[-117.843513,33.648611]]}},{"type":"Feature","properties":{"kind":"service","name":""},"geometry":{"type":"LineString","coordinates":[[-117.830928,33.640425],[-117.831138,33.640514]]}},{"type":"Feature","properties":{"kind":"cycleway","name":""},"geometry":{"type":"LineString","coordinates":[[-117.848712,33.647443],[-117.849,33.647647],[-117.847259,33.650069],[-117.847138,33.650602],[-117.84682,33.651076],[-117.846723,33.651426],[-117.846569,33.651474]]}},{"type":"Feature","properties":{"kind":"footway","name":""},"geometry":{"type":"LineString","coordinates":[[-117.8441,33.648676],[-117.843893,33.64872],[-117.843157,33.648592],[-117.842859,33.64862]]}},{"type":"Feature","properties":{"kind":"footway","name":""},"geometry":{"type":"LineString","coordinates":[[-117.833293,33.641743],[-117.832682,33.641815],[-117.832235,33.641641],[-117.831786,33.64158],[-117.831392,33.641342],[-117.831265,33.641321],[-117.830975,33.641411],[-117.830598,33.641813]]}},{"type":"Feature","properties":{"kind":"footway","name":""},"geometry":{"type":"LineString","coordinates":[[-117.843534,33.648565],[-117.843483,33.64868]]}},{"type":"Feature","properties":{"kind":"service","name":""},"geometry":{"type":"LineString","coordinates":[[-117.84658,33.652029],[-117.846382,33.652086]]}},{"type":"Feature","properties":{"kind":"service","name":""},"geometry":{"type":"LineString","coordinates":[[-117.840588,33.643601],[-117.841638,33.643012],[-117.841897,33.642925],[-117.841901,33.642835]]}},{"type":"Feature","properties":{"kind":"service","name":""},"geometry":{"type":"LineString","coordinates":[[-117.844147,33.649469],[-117.843878,33.649366],[-117.843809,33.649278]]}},{"type":"Feature","properties":{"kind":"footway","name":""},"geometry":{"type":"LineString","coordinates":[[-117.84756,33.649314],[-117.847703,33.64944]]}},{"type":"Feature","properties":{"kind":"service","name":""},"geometry":{"type":"LineString","coordinates":[[-117.849209,33.646133],[-117.849159,33.646413]]}},{"type":"Feature","properties":{"kind":"service","name":""},"geometry":{"type":"LineString","coordinates":[[-117.846871,33.643286],[-117.846816,33.643023]]}},{"type":"Feature","properties":{"kind":"footway","name":""},"geometry":{"type":"LineString","coordinates":[[-117.845137,33.642706],[-117.845928,33.643229],[-117.846107,33.643378],[-117.846087,33.643454],[-117.846169,33.643519]]}},{"type":"Feature","properties":{"kind":"footway","name":""},"geometry":{"type":"LineString","coordinates":[[-117.847601,33.650543],[-117.848403,33.649459]]}},{"type":"Feature","properties":{"kind":"footway","name":""},"geometry":{"type":"LineString","coordinates":[[-117.845914,33.64894],[-117.846496,33.64928]]}},{"type":"Feature","properties":{"kind":"footway","name":""},"geometry":{"type":"LineString","coordinates":[[-117.847326,33.649634],[-117.848886,33.650408]]}},{"type":"Feature","properties":{"kind":"service","name":""},"geometry":{"type":"LineString","coordinates":[[-117.845275,33.649127],[-117.845378,33.649021],[-117.845369,33.648926]]}},{"type":"Feature","properties":{"kind":"service","name":""},"geometry":{"type":"LineString","coordinates":[[-117.848593,33.647564],[-117.847772,33.647131]]}},{"type":"Feature","properties":{"kind":"footway","name":""},"geometry":{"type":"LineString","coordinates":[[-117.8441,33.648676],[-117.844009,33.648518],[-117.84384,33.648494],[-117.843776,33.648669]]}},{"type":"Feature","properties":{"kind":"footway","name":""},"geometry":{"type":"LineString","coordinates":[[-117.844143,33.648854],[-117.844298,33.649111]]}},{"type":"Feature","properties":{"kind":"footway","name":""},"geometry":{"type":"LineString","coordinates":[[-117.840534,33.64866],[-117.841545,33.649356],[-117.842069,33.649838]]}},{"type":"Feature","properties":{"kind":"service","name":""},"geometry":{"type":"LineString","coordinates":[[-117.848422,33.647482],[-117.848827,33.647137]]}},{"type":"Feature","properties":{"kind":"footway","name":""},"geometry":{"type":"LineString","coordinates":[[-117.847259,33.650069],[-117.846062,33.649471],[-117.845935,33.64918],[-117.845914,33.64894]]}},{"type":"Feature","properties":{"kind":"service","name":""},"geometry":{"type":"LineString","coordinates":[[-117.848251,33.647383],[-117.848473,33.647146],[-117.848722,33.646989]]}},{"type":"Feature","properties":{"kind":"service","name":""},"geometry":{"type":"LineString","coordinates":[[-117.831138,33.640087],[-117.830808,33.640626],[-117.831001,33.640704],[-117.831359,33.640176]]}},{"type":"Feature","properties":{"kind":"footway","name":""},"geometry":{"type":"LineString","coordinates":[[-117.847162,33.650322],[-117.847825,33.650692]]}},{"type":"Feature","properties":{"kind":"service","name":""},"geometry":{"type":"LineString","coordinates":[[-117.84683,33.646093],[-117.846817,33.646293],[-117.846568,33.646365],[-117.846691,33.647086],[-117.846582,33.647275]]}},{"type":"Feature","properties":{"kind":"footway","name":""},"geometry":{"type":"LineString","coordinates":[[-117.841903,33.650509],[-117.841757,33.650646]]}},{"type":"Feature","properties":{"kind":"service","name":""},"geometry":{"type":"LineString","coordinates":[[-117.846465,33.648969],[-117.846825,33.648733],[-117.847036,33.64848]]}},{"type":"Feature","properties":{"kind":"footway","name":""},"geometry":{"type":"LineString","coordinates":[[-117.844143,33.648854],[-117.843959,33.648862],[-117.844115,33.648808],[-117.843928,33.648805],[-117.84408,33.648753],[-117.843893,33.64872]]}},{"type":"Feature","properties":{"kind":"service","name":""},"geometry":{"type":"LineString","coordinates":[[-117.842816,33.651057],[-117.842635,33.651022],[-117.842577,33.650952],[-117.842712,33.650819],[-117.84289,33.650805]]}},{"type":"Feature","properties":{"kind":"service","name":""},"geometry":{"type":"LineString","coordinates":[[-117.851516,33.642314],[-117.851548,33.642009],[-117.851749,33.641844],[-117.851933,33.641839]]}},{"type":"Feature","properties":{"kind":"cycleway","name":""},"geometry":{"type":"LineString","coordinates":[[-117.845646,33.653081],[-117.845165,33.653139],[-117.844563,33.653026]]}},{"type":"Feature","properties":{"kind":"service","name":""},"geometry":{"type":"LineString","coordinates":[[-117.849905,33.643603],[-117.849905,33.643368],[-117.849836,33.643337],[-117.849711,33.64343],[-117.849707,33.643769],[-117.849902,33.643765],[-117.849905,33.643603]]}},{"type":"Feature","properties":{"kind":"cycleway","name":""},"geometry":{"type":"LineString","coordinates":[[-117.848297,33.644546],[-117.847968,33.644321],[-117.847582,33.644304],[-117.847467,33.644224],[-117.847288,33.643808],[-117.847392,33.643429]]}},{"type":"Feature","properties":{"kind":"footway","name":""},"geometry":{"type":"LineString","coordinates":[[-117.838566,33.644352],[-117.83852,33.644157],[-117.838394,33.644022],[-117.837816,33.643769],[-117.837674,33.643572]]}},{"type":"Feature","properties":{"kind":"service","name":""},"geometry":{"type":"LineString","coordinates":[[-117.846442,33.652854],[-117.846575,33.653013],[-117.846148,33.653291],[-117.84562,33.653451],[-117.845252,33.653466],[-117.84527,33.653306],[-117.845897,33.653192],[-117.846442,33.652854]]}},{"type":"Feature","properties":{"kind":"service","name":""},"geometry":{"type":"LineString","coordinates":[[-117.838396,33.648054],[-117.839449,33.648603]]}},{"type":"Feature","properties":{"kind":"footway","name":""},"geometry":{"type":"LineString","coordinates":[[-117.842836,33.647402],[-117.84262,33.647793],[-117.84272,33.648086],[-117.842635,33.648124],[-117.842635,33.648247]]}},{"type":"Feature","properties":{"kind":"service","name":""},"geometry":{"type":"LineString","coordinates":[[-117.845111,33.642641],[-117.844684,33.64324],[-117.845143,33.643518],[-117.845399,33.643368],[-117.845699,33.643678]]}},{"type":"Feature","properties":{"kind":"service","name":""},"geometry":{"type":"LineString","coordinates":[[-117.850745,33.642492],[-117.85039,33.642626],[-117.850124,33.642867],[-117.850128,33.643282],[-117.850754,33.643297]]}},{"type":"Feature","properties":{"kind":"footway","name":""},"geometry":{"type":"LineString","coordinates":[[-117.835212,33.637047],[-117.835014,33.637407],[-117.834391,33.637979]]}},{"type":"Feature","properties":{"kind":"service","name":""},"geometry":{"type":"LineString","coordinates":[[-117.850514,33.642564],[-117.850524,33.643298]]}},{"type":"Feature","properties":{"kind":"service","name":""},"geometry":{"type":"LineString","coordinates":[[-117.847279,33.64271],[-117.847285,33.642227]]}},{"type":"Feature","properties":{"kind":"service","name":""},"geometry":{"type":"LineString","coordinates":[[-117.840245,33.648066],[-117.839747,33.64774]]}},{"type":"Feature","properties":{"kind":"footway","name":""},"geometry":{"type":"LineString","coordinates":[[-117.841573,33.648033],[-117.841469,33.648144]]}},{"type":"Feature","properties":{"kind":"service","name":""},"geometry":{"type":"LineString","coordinates":[[-117.850331,33.643299],[-117.850318,33.642675]]}},{"type":"Feature","properties":{"kind":"service","name":""},"geometry":{"type":"LineString","coordinates":[[-117.845758,33.653421],[-117.845646,33.653081]]}},{"type":"Feature","properties":{"kind":"service","name":""},"geometry":{"type":"LineString","coordinates":[[-117.839862,33.647611],[-117.840366,33.647934]]}},{"type":"Feature","properties":{"kind":"service","name":""},"geometry":{"type":"LineString","coordinates":[[-117.848066,33.64302],[-117.848085,33.642252]]}},{"type":"Feature","properties":{"kind":"service","name":""},"geometry":{"type":"LineString","coordinates":[[-117.847669,33.643037],[-117.847674,33.642143]]}},{"type":"Feature","properties":{"kind":"service","name":""},"geometry":{"type":"LineString","coordinates":[[-117.844798,33.643084],[-117.845293,33.643387]]}},{"type":"Feature","properties":{"kind":"service","name":""},"geometry":{"type":"LineString","coordinates":[[-117.845206,33.642068],[-117.845435,33.641948]]}},{"type":"Feature","properties":{"kind":"footway","name":""},"geometry":{"type":"LineString","coordinates":[[-117.839036,33.647614],[-117.838942,33.647753]]}},{"type":"Feature","properties":{"kind":"service","name":""},"geometry":{"type":"LineString","coordinates":[[-117.845917,33.641952],[-117.84521,33.642284]]}},{"type":"Feature","properties":{"kind":"footway","name":""},"geometry":{"type":"LineString","coordinates":[[-117.839865,33.64903],[-117.839738,33.648992]]}},{"type":"Feature","properties":{"kind":"service","name":""},"geometry":{"type":"LineString","coordinates":[[-117.846,33.642076],[-117.845214,33.642484]]}},{"type":"Feature","properties":{"kind":"service","name":""},"geometry":{"type":"LineString","coordinates":[[-117.847074,33.642711],[-117.847472,33.642712]]}},{"type":"Feature","properties":{"kind":"service","name":""},"geometry":{"type":"LineString","coordinates":[[-117.841838,33.649061],[-117.841971,33.64921],[-117.841822,33.649389]]}},{"type":"Feature","properties":{"kind":"service","name":""},"geometry":{"type":"LineString","coordinates":[[-117.852732,33.643068],[-117.851873,33.643082]]}},{"type":"Feature","properties":{"kind":"footway","name":""},"geometry":{"type":"LineString","coordinates":[[-117.834393,33.637696],[-117.834458,33.637736],[-117.835212,33.637576],[-117.835606,33.638154],[-117.835955,33.638273]]}},{"type":"Feature","properties":{"kind":"service","name":""},"geometry":{"type":"LineString","coordinates":[[-117.84278,33.65121],[-117.842421,33.651155],[-117.842328,33.651568],[-117.842481,33.652362],[-117.842791,33.652989]]}},{"type":"Feature","properties":{"kind":"service","name":""},"geometry":{"type":"LineString","coordinates":[[-117.845814,33.643018],[-117.846236,33.642795],[-117.84673,33.64265]]}},{"type":"Feature","properties":{"kind":"service","name":""},"geometry":{"type":"LineString","coordinates":[[-117.845452,33.642777],[-117.846098,33.642437],[-117.846646,33.642285]]}},{"type":"Feature","properties":{"kind":"service","name":""},"geometry":{"type":"LineString","coordinates":[[-117.838447,33.647911],[-117.839649,33.64857]]}},{"type":"Feature","properties":{"kind":"service","name":""},"geometry":{"type":"LineString","coordinates":[[-117.84669,33.642475],[-117.846118,33.642646],[-117.845648,33.642901]]}},{"type":"Feature","properties":{"kind":"service","name":""},"geometry":{"type":"LineString","coordinates":[[-117.84782,33.642076],[-117.847873,33.643031]]}},{"type":"Feature","properties":{"kind":"service","name":""},"geometry":{"type":"LineString","coordinates":[[-117.845989,33.643152],[-117.84636,33.642964],[-117.846775,33.642844]]}},{"type":"Feature","properties":{"kind":"service","name":""},"geometry":{"type":"LineString","coordinates":[[-117.846099,33.643535],[-117.845634,33.643157],[-117.845018,33.642768]]}},{"type":"Feature","properties":{"kind":"service","name":""},"geometry":{"type":"LineString","coordinates":[[-117.839828,33.648475],[-117.83927,33.648128],[-117.838458,33.647736]]}},{"type":"Feature","properties":{"kind":"service","name":""},"geometry":{"type":"LineString","coordinates":[[-117.845142,33.642594],[-117.84614,33.643284],[-117.846816,33.643023]]}},{"type":"Feature","properties":{"kind":"service","name":""},"geometry":{"type":"LineString","coordinates":[[-117.847483,33.642241],[-117.847515,33.643002]]}},{"type":"Feature","properties":{"kind":"service","name":""},"geometry":{"type":"LineString","coordinates":[[-117.846596,33.642105],[-117.845903,33.642316],[-117.845273,33.642669]]}},{"type":"Feature","properties":{"kind":"service","name":""},"geometry":{"type":"LineString","coordinates":[[-117.852542,33.642906],[-117.851862,33.642911]]}},{"type":"Feature","properties":{"kind":"footway","name":""},"geometry":{"type":"LineString","coordinates":[[-117.834672,33.637501],[-117.834622,33.637667]]}},{"type":"Feature","properties":{"kind":"service","name":""},"geometry":{"type":"LineString","coordinates":[[-117.845699,33.643678],[-117.845834,33.643571],[-117.8454,33.643226],[-117.844894,33.642947]]}},{"type":"Feature","properties":{"kind":"footway","name":""},"geometry":{"type":"LineString","coordinates":[[-117.842078,33.64727],[-117.842068,33.647361],[-117.841759,33.647714],[-117.841435,33.647976]]}},{"type":"Feature","properties":{"kind":"service","name":""},"geometry":{"type":"LineString","coordinates":[[-117.840094,33.648232],[-117.840366,33.647934]]}},{"type":"Feature","properties":{"kind":"service","name":""},"geometry":{"type":"LineString","coordinates":[[-117.838074,33.651059],[-117.837668,33.651455],[-117.837862,33.651541],[-117.838411,33.65162],[-117.83901,33.651609],[-117.83902,33.651235]]}},{"type":"Feature","properties":{"kind":"service","name":""},"geometry":{"type":"LineString","coordinates":[[-117.838622,33.649059],[-117.838726,33.648919],[-117.838355,33.648717]]}},{"type":"Feature","properties":{"kind":"service","name":""},"geometry":{"type":"LineString","coordinates":[[-117.838291,33.649292],[-117.83822,33.649384],[-117.837511,33.64926],[-117.837828,33.64885]]}},{"type":"Feature","properties":{"kind":"service","name":""},"geometry":{"type":"LineString","coordinates":[[-117.824944,33.649621],[-117.823012,33.646329],[-117.822632,33.645393],[-117.82241,33.644407]]}},{"type":"Feature","properties":{"kind":"service","name":""},"geometry":{"type":"LineString","coordinates":[[-117.827442,33.647751],[-117.826823,33.647819],[-117.826257,33.647744],[-117.825809,33.647588],[-117.825328,33.647251],[-117.825722,33.646993]]}},{"type":"Feature","properties":{"kind":"service","name":""},"geometry":{"type":"LineString","coordinates":[[-117.828711,33.644572],[-117.828597,33.644829],[-117.828683,33.645639]]}},{"type":"Feature","properties":{"kind":"service","name":""},"geometry":{"type":"LineString","coordinates":[[-117.822484,33.644401],[-117.822289,33.644385],[-117.822263,33.644167],[-117.822245,33.643122],[-117.822298,33.642834],[-117.822466,33.642873],[-117.822433,33.64391],[-117.822484,33.644401]]}},{"type":"Feature","properties":{"kind":"service","name":""},"geometry":{"type":"LineString","coordinates":[[-117.825627,33.648017],[-117.825783,33.647771]]}},{"type":"Feature","properties":{"kind":"service","name":""},"geometry":{"type":"LineString","coordinates":[[-117.837212,33.650026],[-117.838114,33.650056]]}},{"type":"Feature","properties":{"kind":"service","name":""},"geometry":{"type":"LineString","coordinates":[[-117.839997,33.651679],[-117.839116,33.651123]]}},{"type":"Feature","properties":{"kind":"service","name":""},"geometry":{"type":"LineString","coordinates":[[-117.840408,33.650304],[-117.839702,33.65065]]}},{"type":"Feature","properties":{"kind":"service","name":""},"geometry":{"type":"LineString","coordinates":[[-117.837263,33.651045],[-117.837592,33.650745]]}},{"type":"Feature","properties":{"kind":"service","name":""},"geometry":{"type":"LineString","coordinates":[[-117.838811,33.651619],[-117.838821,33.651111]]}},{"type":"Feature","properties":{"kind":"service","name":""},"geometry":{"type":"LineString","coordinates":[[-117.837985,33.648928],[-117.837706,33.649318]]}},{"type":"Feature","properties":{"kind":"service","name":""},"geometry":{"type":"LineString","coordinates":[[-117.838259,33.65113],[-117.837862,33.651541]]}},{"type":"Feature","properties":{"kind":"service","name":""},"geometry":{"type":"LineString","coordinates":[[-117.840458,33.651336],[-117.839487,33.650715]]}},{"type":"Feature","properties":{"kind":"service","name":""},"geometry":{"type":"LineString","coordinates":[[-117.824507,33.645435],[-117.824056,33.645558]]}},{"type":"Feature","properties":{"kind":"service","name":""},"geometry":{"type":"LineString","coordinates":[[-117.838607,33.651627],[-117.838603,33.651036]]}},{"type":"Feature","properties":{"kind":"service","name":""},"geometry":{"type":"LineString","coordinates":[[-117.837212,33.649843],[-117.838201,33.649894]]}},{"type":"Feature","properties":{"kind":"service","name":""},"geometry":{"type":"LineString","coordinates":[[-117.839361,33.650854],[-117.840299,33.651445]]}},{"type":"Feature","properties":{"kind":"service","name":""},"geometry":{"type":"LineString","coordinates":[[-117.840144,33.651561],[-117.839237,33.650992]]}},{"type":"Feature","properties":{"kind":"service","name":""},"geometry":{"type":"LineString","coordinates":[[-117.838395,33.651279],[-117.838074,33.651579]]}},{"type":"Feature","properties":{"kind":"service","name":""},"geometry":{"type":"LineString","coordinates":[[-117.823012,33.646329],[-117.823175,33.646245],[-117.822867,33.645508],[-117.822624,33.644633],[-117.822281,33.644625],[-117.822282,33.644868],[-117.822478,33.645547],[-117.822961,33.646637],[-117.824744,33.649637],[-117.825696,33.649462],[-117.825647,33.6493]]}},{"type":"Feature","properties":{"kind":"service","name":""},"geometry":{"type":"LineString","coordinates":[[-117.824311,33.648218],[-117.823972,33.648357]]}},{"type":"Feature","properties":{"kind":"service","name":""},"geometry":{"type":"LineString","coordinates":[[-117.838411,33.65162],[-117.838389,33.651107]]}},{"type":"Feature","properties":{"kind":"service","name":""},"geometry":{"type":"LineString","coordinates":[[-117.840728,33.650832],[-117.841131,33.650611]]}},{"type":"Feature","properties":{"kind":"service","name":""},"geometry":{"type":"LineString","coordinates":[[-117.83855,33.649435],[-117.838032,33.649149]]}},{"type":"Feature","properties":{"kind":"service","name":""},"geometry":{"type":"LineString","coordinates":[[-117.840057,33.649952],[-117.839462,33.650246]]}},{"type":"Feature","properties":{"kind":"service","name":""},"geometry":{"type":"LineString","coordinates":[[-117.829111,33.645599],[-117.828568,33.645652]]}},{"type":"Feature","properties":{"kind":"service","name":""},"geometry":{"type":"LineString","coordinates":[[-117.822249,33.643914],[-117.823765,33.643895]]}},{"type":"Feature","properties":{"kind":"service","name":""},"geometry":{"type":"LineString","coordinates":[[-117.838798,33.649156],[-117.838248,33.648861]]}},{"type":"Feature","properties":{"kind":"service","name":""},"geometry":{"type":"LineString","coordinates":[[-117.841019,33.650492],[-117.840369,33.650521],[-117.839875,33.650759]]}},{"type":"Feature","properties":{"kind":"service","name":""},"geometry":{"type":"LineString","coordinates":[[-117.823666,33.645684],[-117.823994,33.645628],[-117.824056,33.645558]]}},{"type":"Feature","properties":{"kind":"service","name":""},"geometry":{"type":"LineString","coordinates":[[-117.824552,33.648966],[-117.824704,33.648861],[-117.823939,33.647594],[-117.82358,33.647711]]}},{"type":"Feature","properties":{"kind":"service","name":""},"geometry":{"type":"LineString","coordinates":[[-117.837224,33.65067],[-117.837226,33.650964],[-117.837411,33.651178],[-117.837753,33.650841]]}},{"type":"Feature","properties":{"kind":"service","name":""},"geometry":{"type":"LineString","coordinates":[[-117.825543,33.647086],[-117.825787,33.647352],[-117.826528,33.647754]]}},{"type":"Feature","properties":{"kind":"service","name":""},"geometry":{"type":"LineString","coordinates":[[-117.824987,33.646324],[-117.824695,33.645866],[-117.824484,33.645372],[-117.824216,33.643959],[-117.82411,33.643895],[-117.823765,33.643895]]}},{"type":"Feature","properties":{"kind":"service","name":""},"geometry":{"type":"LineString","coordinates":[[-117.840056,33.650873],[-117.840407,33.650694],[-117.840955,33.650676],[-117.841164,33.650947],[-117.841326,33.650865],[-117.840902,33.650357]]}},{"type":"Feature","properties":{"kind":"service","name":""},"geometry":{"type":"LineString","coordinates":[[-117.839259,33.651407],[-117.839977,33.651695],[-117.840515,33.6513],[-117.840263,33.651006]]}},{"type":"Feature","properties":{"kind":"footway","name":""},"geometry":{"type":"LineString","coordinates":[[-117.836358,33.6551],[-117.836202,33.654999],[-117.835918,33.654972],[-117.835515,33.65483]]}},{"type":"Feature","properties":{"kind":"footway","name":""},"geometry":{"type":"LineString","coordinates":[[-117.834995,33.656798],[-117.835009,33.656487]]}},{"type":"Feature","properties":{"kind":"cycleway","name":""},"geometry":{"type":"LineString","coordinates":[[-117.844285,33.655696],[-117.84471,33.655267]]}},{"type":"Feature","properties":{"kind":"footway","name":""},"geometry":{"type":"LineString","coordinates":[[-117.847075,33.653206],[-117.846824,33.652945],[-117.847053,33.652763],[-117.847321,33.65304]]}},{"type":"Feature","properties":{"kind":"service","name":""},"geometry":{"type":"LineString","coordinates":[[-117.8419,33.642728],[-117.842783,33.64261],[-117.842745,33.642446],[-117.842114,33.642551],[-117.842157,33.642711]]}},{"type":"Feature","properties":{"kind":"service","name":""},"geometry":{"type":"LineString","coordinates":[[-117.841504,33.649542],[-117.841265,33.6498]]}},{"type":"Feature","properties":{"kind":"service","name":""},"geometry":{"type":"LineString","coordinates":[[-117.837142,33.648605],[-117.837313,33.648564],[-117.83741,33.648417],[-117.837148,33.648395]]}},{"type":"Feature","properties":{"kind":"service","name":""},"geometry":{"type":"LineString","coordinates":[[-117.836438,33.649056],[-117.836151,33.649067],[-117.835896,33.648866],[-117.835906,33.648671],[-117.836194,33.648414],[-117.835886,33.648172],[-117.835777,33.648176],[-117.835773,33.648351],[-117.836028,33.64855]]}},{"type":"Feature","properties":{"kind":"service","name":""},"geometry":{"type":"LineString","coordinates":[[-117.849901,33.63977],[-117.850452,33.639933]]}},{"type":"Feature","properties":{"kind":"service","name":""},"geometry":{"type":"LineString","coordinates":[[-117.836911,33.648376],[-117.836907,33.648717]]}},{"type":"Feature","properties":{"kind":"service","name":""},"geometry":{"type":"LineString","coordinates":[[-117.83711,33.64873],[-117.837148,33.648395]]}},{"type":"Feature","properties":{"kind":"service","name":""},"geometry":{"type":"LineString","coordinates":[[-117.836438,33.649056],[-117.835986,33.648679],[-117.835396,33.648716]]}},{"type":"Feature","properties":{"kind":"service","name":""},"geometry":{"type":"LineString","coordinates":[[-117.835896,33.648866],[-117.835823,33.648883],[-117.83584,33.649079],[-117.835946,33.649143],[-117.836139,33.649138],[-117.836151,33.649067]]}},{"type":"Feature","properties":{"kind":"service","name":""},"geometry":{"type":"LineString","coordinates":[[-117.850697,33.639482],[-117.850533,33.639416]]}},{"type":"Feature","properties":{"kind":"service","name":""},"geometry":{"type":"LineString","coordinates":[[-117.836553,33.648955],[-117.836764,33.64913],[-117.836937,33.649095],[-117.83694,33.64898],[-117.836728,33.648814]]}},{"type":"Feature","properties":{"kind":"service","name":""},"geometry":{"type":"LineString","coordinates":[[-117.83743,33.648908],[-117.83711,33.64873],[-117.836852,33.648713],[-117.836438,33.649056],[-117.836418,33.649369]]}},{"type":"Feature","properties":{"kind":"cycleway","name":"Turtle Rock Trail"},"geometry":{"type":"LineString","coordinates":[[-117.818457,33.649988],[-117.818497,33.649868],[-117.818373,33.649588]]}},{"type":"Feature","properties":{"kind":"footway","name":"Turtle Rock Trail"},"geometry":{"type":"LineString","coordinates":[[-117.819204,33.650584],[-117.819422,33.650558],[-117.819542,33.650447]]}},{"type":"Feature","properties":{"kind":"primary","name":"University Drive"},"geometry":{"type":"LineString","coordinates":[[-117.844724,33.654879],[-117.843097,33.656388],[-117.842347,33.656914],[-117.841762,33.657176],[-117.841059,33.657402],[-117.839845,33.657554]]}},{"type":"Feature","properties":{"kind":"secondary","name":"Anteater Drive"},"geometry":{"type":"LineString","coordinates":[[-117.827814,33.636089],[-117.828031,33.637082],[-117.82825,33.637566],[-117.828796,33.638232],[-117.829567,33.638739]]}},{"type":"Feature","properties":{"kind":"primary","name":"Culver Drive"},"geometry":{"type":"LineString","coordinates":[[-117.827065,33.634414],[-117.826346,33.634945],[-117.825848,33.635473],[-117.823195,33.639374],[-117.822341,33.640829],[-117.822062,33.641568],[-117.821992,33.641824],[-117.822029,33.641939]]}},{"type":"Feature","properties":{"kind":"footway","name":""},"geometry":{"type":"LineString","coordinates":[[-117.838182,33.647522],[-117.838436,33.647586]]}},{"type":"Feature","properties":{"kind":"service","name":""},"geometry":{"type":"LineString","coordinates":[[-117.832313,33.640592],[-117.832097,33.641001],[-117.832114,33.641117],[-117.831979,33.641088],[-117.83201,33.640991],[-117.832097,33.641001]]}},{"type":"Feature","properties":{"kind":"unclassified","name":"Riparian View"},"geometry":{"type":"LineString","coordinates":[[-117.840373,33.660842],[-117.845422,33.65614],[-117.8459,33.655913]]}},{"type":"Feature","properties":{"kind":"tertiary","name":"Berkeley"},"geometry":{"type":"LineString","coordinates":[[-117.835464,33.649393],[-117.83544,33.649922]]}},{"type":"Feature","properties":{"kind":"footway","name":""},"geometry":{"type":"LineString","coordinates":[[-117.835619,33.649293],[-117.835293,33.649304],[-117.835308,33.649483],[-117.835631,33.649485],[-117.835619,33.649293]]}},{"type":"Feature","properties":{"kind":"service","name":""},"geometry":{"type":"LineString","coordinates":[[-117.832475,33.648916],[-117.832103,33.649005]]}},{"type":"Feature","properties":{"kind":"service","name":""},"geometry":{"type":"LineString","coordinates":[[-117.835008,33.650298],[-117.834986,33.650393]]}},{"type":"Feature","properties":{"kind":"service","name":""},"geometry":{"type":"LineString","coordinates":[[-117.835345,33.650369],[-117.835008,33.650298]]}},{"type":"Feature","properties":{"kind":"service","name":""},"geometry":{"type":"LineString","coordinates":[[-117.833181,33.649102],[-117.833031,33.648698],[-117.832718,33.648766]]}},{"type":"Feature","properties":{"kind":"service","name":""},"geometry":{"type":"LineString","coordinates":[[-117.834986,33.650393],[-117.835315,33.650456]]}},{"type":"Feature","properties":{"kind":"service","name":""},"geometry":{"type":"LineString","coordinates":[[-117.833031,33.648698],[-117.833921,33.648505],[-117.833969,33.648679],[-117.833772,33.648723],[-117.833708,33.648551]]}},{"type":"Feature","properties":{"kind":"service","name":""},"geometry":{"type":"LineString","coordinates":[[-117.834459,33.649105],[-117.834541,33.648993],[-117.834904,33.648916],[-117.834865,33.64853],[-117.834525,33.648596],[-117.834463,33.648418],[-117.834838,33.648331],[-117.834865,33.64853]]}},{"type":"Feature","properties":{"kind":"service","name":""},"geometry":{"type":"LineString","coordinates":[[-117.828253,33.650272],[-117.828185,33.649924]]}},{"type":"Feature","properties":{"kind":"service","name":""},"geometry":{"type":"LineString","coordinates":[[-117.828024,33.64996],[-117.828179,33.65029]]}},{"type":"Feature","properties":{"kind":"service","name":""},"geometry":{"type":"LineString","coordinates":[[-117.828185,33.649924],[-117.828068,33.649584],[-117.827918,33.649622],[-117.828024,33.64996]]}},{"type":"Feature","properties":{"kind":"service","name":""},"geometry":{"type":"LineString","coordinates":[[-117.827073,33.650166],[-117.827031,33.650024],[-117.826423,33.650157]]}},{"type":"Feature","properties":{"kind":"service","name":""},"geometry":{"type":"LineString","coordinates":[[-117.82667,33.650103],[-117.82675,33.650356]]}},{"type":"Feature","properties":{"kind":"service","name":"Wellesley"},"geometry":{"type":"LineString","coordinates":[[-117.826126,33.651126],[-117.82585,33.650268]]}},{"type":"Feature","properties":{"kind":"service","name":""},"geometry":{"type":"LineString","coordinates":[[-117.826233,33.650187],[-117.825405,33.650361]]}},{"type":"Feature","properties":{"kind":"service","name":""},"geometry":{"type":"LineString","coordinates":[[-117.825324,33.650174],[-117.825466,33.650522]]}},{"type":"Feature","properties":{"kind":"service","name":""},"geometry":{"type":"LineString","coordinates":[[-117.825902,33.650436],[-117.825319,33.650558]]}},{"type":"Feature","properties":{"kind":"service","name":""},"geometry":{"type":"LineString","coordinates":[[-117.838043,33.652288],[-117.838287,33.652043],[-117.838139,33.65193]]}},{"type":"Feature","properties":{"kind":"footway","name":""},"geometry":{"type":"LineString","coordinates":[[-117.825368,33.64613],[-117.825497,33.646376]]}},{"type":"Feature","properties":{"kind":"footway","name":""},"geometry":{"type":"LineString","coordinates":[[-117.826573,33.646158],[-117.826342,33.646305]]}},{"type":"Feature","properties":{"kind":"footway","name":""},"geometry":{"type":"LineString","coordinates":[[-117.827607,33.645862],[-117.827841,33.646366],[-117.828011,33.64646]]}},{"type":"Feature","properties":{"kind":"footway","name":""},"geometry":{"type":"LineString","coordinates":[[-117.825686,33.646114],[-117.825788,33.64615],[-117.825785,33.646078],[-117.825694,33.646069],[-117.825686,33.646114]]}},{"type":"Feature","properties":{"kind":"footway","name":""},"geometry":{"type":"LineString","coordinates":[[-117.825839,33.646495],[-117.825615,33.646395],[-117.825743,33.646289],[-117.825839,33.646495]]}},{"type":"Feature","properties":{"kind":"footway","name":""},"geometry":{"type":"LineString","coordinates":[[-117.827372,33.646962],[-117.82718,33.646902]]}},{"type":"Feature","properties":{"kind":"cycleway","name":""},"geometry":{"type":"LineString","coordinates":[[-117.827374,33.645062],[-117.827278,33.644934],[-117.827062,33.644831]]}},{"type":"Feature","properties":{"kind":"footway","name":""},"geometry":{"type":"LineString","coordinates":[[-117.825446,33.646633],[-117.825385,33.646603],[-117.825401,33.646375]]}},{"type":"Feature","properties":{"kind":"footway","name":""},"geometry":{"type":"LineString","coordinates":[[-117.828142,33.646496],[-117.829137,33.646582],[-117.829239,33.646677],[-117.829321,33.647005]]}},{"type":"Feature","properties":{"kind":"footway","name":""},"geometry":{"type":"LineString","coordinates":[[-117.825615,33.646395],[-117.825083,33.646417],[-117.825094,33.646631],[-117.825441,33.646685],[-117.825446,33.646633],[-117.825665,33.646648],[-117.825675,33.646579]]}},{"type":"Feature","properties":{"kind":"footway","name":""},"geometry":{"type":"LineString","coordinates":[[-117.825091,33.6466],[-117.824958,33.6466],[-117.824922,33.646537],[-117.825172,33.646322],[-117.825094,33.646221]]}},{"type":"Feature","properties":{"kind":"footway","name":""},"geometry":{"type":"LineString","coordinates":[[-117.826694,33.645338],[-117.826716,33.644876],[-117.826787,33.644811]]}},{"type":"Feature","properties":{"kind":"footway","name":""},"geometry":{"type":"LineString","coordinates":[[-117.828168,33.647269],[-117.828253,33.64719],[-117.828263,33.647066]]}},{"type":"Feature","properties":{"kind":"footway","name":""},"geometry":{"type":"LineString","coordinates":[[-117.827208,33.647091],[-117.82714,33.646826]]}},{"type":"Feature","properties":{"kind":"footway","name":""},"geometry":{"type":"LineString","coordinates":[[-117.825094,33.646631],[-117.82506,33.646751]]}},{"type":"Feature","properties":{"kind":"footway","name":""},"geometry":{"type":"LineString","coordinates":[[-117.826858,33.645925],[-117.826814,33.645815],[-117.826857,33.645773]]}},{"type":"Feature","properties":{"kind":"footway","name":""},"geometry":{"type":"LineString","coordinates":[[-117.826904,33.647535],[-117.827098,33.647306]]}},{"type":"Feature","properties":{"kind":"footway","name":""},"geometry":{"type":"LineString","coordinates":[[-117.827625,33.645752],[-117.827559,33.645427],[-117.827154,33.645341]]}},{"type":"Feature","properties":{"kind":"footway","name":""},"geometry":{"type":"LineString","coordinates":[[-117.827179,33.647482],[-117.827273,33.647323]]}},{"type":"Feature","properties":{"kind":"footway","name":""},"geometry":{"type":"LineString","coordinates":[[-117.826308,33.646651],[-117.826353,33.646608]]}},{"type":"Feature","properties":{"kind":"footway","name":""},"geometry":{"type":"LineString","coordinates":[[-117.828263,33.647066],[-117.828315,33.647014],[-117.828262,33.646977],[-117.828209,33.647025],[-117.828263,33.647066]]}},{"type":"Feature","properties":{"kind":"footway","name":""},"geometry":{"type":"LineString","coordinates":[[-117.826354,33.645261],[-117.826296,33.645314]]}},{"type":"Feature","properties":{"kind":"footway","name":""},"geometry":{"type":"LineString","coordinates":[[-117.825237,33.646084],[-117.825338,33.646153],[-117.825472,33.646024],[-117.825437,33.645975],[-117.825749,33.645761]]}},{"type":"Feature","properties":{"kind":"footway","name":""},"geometry":{"type":"LineString","coordinates":[[-117.826152,33.64725],[-117.826565,33.647457],[-117.827009,33.647545],[-117.827531,33.647518],[-117.828168,33.647269]]}},{"type":"Feature","properties":{"kind":"footway","name":""},"geometry":{"type":"LineString","coordinates":[[-117.825385,33.646603],[-117.825349,33.646645]]}},{"type":"Feature","properties":{"kind":"footway","name":""},"geometry":{"type":"LineString","coordinates":[[-117.825898,33.645868],[-117.825743,33.645904]]}},{"type":"Feature","properties":{"kind":"footway","name":""},"geometry":{"type":"LineString","coordinates":[[-117.826496,33.64613],[-117.826314,33.646246]]}},{"type":"Feature","properties":{"kind":"footway","name":""},"geometry":{"type":"LineString","coordinates":[[-117.82634,33.646859],[-117.826063,33.646895],[-117.825871,33.646999]]}},{"type":"Feature","properties":{"kind":"footway","name":""},"geometry":{"type":"LineString","coordinates":[[-117.826874,33.646846],[-117.826815,33.647341],[-117.826908,33.647624]]}},{"type":"Feature","properties":{"kind":"footway","name":""},"geometry":{"type":"LineString","coordinates":[[-117.82658,33.645091],[-117.826616,33.645092]]}},{"type":"Feature","properties":{"kind":"footway","name":""},"geometry":{"type":"LineString","coordinates":[[-117.827337,33.645664],[-117.827251,33.645635],[-117.827246,33.645707],[-117.827337,33.645664]]}},{"type":"Feature","properties":{"kind":"footway","name":""},"geometry":{"type":"LineString","coordinates":[[-117.827898,33.647408],[-117.827907,33.64729],[-117.82806,33.647329]]}},{"type":"Feature","properties":{"kind":"footway","name":""},"geometry":{"type":"LineString","coordinates":[[-117.82597,33.646587],[-117.826137,33.646332],[-117.826314,33.646246]]}},{"type":"Feature","properties":{"kind":"footway","name":""},"geometry":{"type":"LineString","coordinates":[[-117.827907,33.64729],[-117.827894,33.64683]]}},{"type":"Feature","properties":{"kind":"footway","name":""},"geometry":{"type":"LineString","coordinates":[[-117.827337,33.645664],[-117.827625,33.645752]]}},{"type":"Feature","properties":{"kind":"footway","name":""},"geometry":{"type":"LineString","coordinates":[[-117.82831,33.646512],[-117.828262,33.646977]]}},{"type":"Feature","properties":{"kind":"footway","name":""},"geometry":{"type":"LineString","coordinates":[[-117.826126,33.645586],[-117.826091,33.645585]]}},{"type":"Feature","properties":{"kind":"footway","name":""},"geometry":{"type":"LineString","coordinates":[[-117.828011,33.64646],[-117.828142,33.646496]]}},{"type":"Feature","properties":{"kind":"footway","name":""},"geometry":{"type":"LineString","coordinates":[[-117.826652,33.645922],[-117.826529,33.645955],[-117.826483,33.646032],[-117.826207,33.64584],[-117.826223,33.645415],[-117.826296,33.645314],[-117.826214,33.645259],[-117.82629,33.645194],[-117.826617,33.645431],[-117.826694,33.645338],[-117.826833,33.64537],[-117.826831,33.645445]]}},{"type":"Feature","properties":{"kind":"footway","name":""},"geometry":{"type":"LineString","coordinates":[[-117.826617,33.645431],[-117.82673,33.645506]]}},{"type":"Feature","properties":{"kind":"footway","name":""},"geometry":{"type":"LineString","coordinates":[[-117.826214,33.645259],[-117.826037,33.645368]]}},{"type":"Feature","properties":{"kind":"footway","name":""},"geometry":{"type":"LineString","coordinates":[[-117.826314,33.646246],[-117.826146,33.646132]]}},{"type":"Feature","properties":{"kind":"footway","name":""},"geometry":{"type":"LineString","coordinates":[[-117.827188,33.647244],[-117.827099,33.647171],[-117.827208,33.647091],[-117.827291,33.647186],[-117.827188,33.647244]]}},{"type":"Feature","properties":{"kind":"footway","name":""},"geometry":{"type":"LineString","coordinates":[[-117.825737,33.646073],[-117.825749,33.645761],[-117.826188,33.645979],[-117.826153,33.646175],[-117.825839,33.646495]]}},{"type":"Feature","properties":{"kind":"footway","name":""},"geometry":{"type":"LineString","coordinates":[[-117.827099,33.647171],[-117.82653,33.64713]]}},{"type":"Feature","properties":{"kind":"cycleway","name":""},"geometry":{"type":"LineString","coordinates":[[-117.827593,33.646889],[-117.827841,33.646856],[-117.828144,33.64669],[-117.828406,33.646713],[-117.828596,33.646816],[-117.828734,33.647267]]}},{"type":"Feature","properties":{"kind":"footway","name":""},"geometry":{"type":"LineString","coordinates":[[-117.828168,33.647269],[-117.828355,33.64744]]}},{"type":"Feature","properties":{"kind":"footway","name":""},"geometry":{"type":"LineString","coordinates":[[-117.82671,33.645687],[-117.826386,33.645583],[-117.826126,33.645586]]}},{"type":"Feature","properties":{"kind":"footway","name":""},"geometry":{"type":"LineString","coordinates":[[-117.827406,33.646006],[-117.827275,33.645921],[-117.827141,33.645968]]}},{"type":"Feature","properties":{"kind":"footway","name":""},"geometry":{"type":"LineString","coordinates":[[-117.827976,33.647196],[-117.827979,33.647156]]}},{"type":"Feature","properties":{"kind":"footway","name":""},"geometry":{"type":"LineString","coordinates":[[-117.826358,33.646697],[-117.826341,33.646913],[-117.826536,33.64716],[-117.826532,33.647344],[-117.826397,33.647392]]}},{"type":"Feature","properties":{"kind":"footway","name":""},"geometry":{"type":"LineString","coordinates":[[-117.82637,33.646396],[-117.826555,33.646405],[-117.826633,33.646527]]}},{"type":"Feature","properties":{"kind":"footway","name":""},"geometry":{"type":"LineString","coordinates":[[-117.824978,33.646605],[-117.825223,33.646979],[-117.825481,33.646721],[-117.825663,33.646675],[-117.825839,33.646495]]}},{"type":"Feature","properties":{"kind":"footway","name":""},"geometry":{"type":"LineString","coordinates":[[-117.827531,33.647518],[-117.827593,33.646889]]}},{"type":"Feature","properties":{"kind":"footway","name":""},"geometry":{"type":"LineString","coordinates":[[-117.827197,33.64567],[-117.827158,33.645668]]}},{"type":"Feature","properties":{"kind":"service","name":""},"geometry":{"type":"LineString","coordinates":[[-117.837001,33.641879],[-117.837037,33.641349]]}},{"type":"Feature","properties":{"kind":"footway","name":""},"geometry":{"type":"LineString","coordinates":[[-117.837755,33.637234],[-117.838943,33.637581]]}},{"type":"Feature","properties":{"kind":"residential","name":"Zola Court"},"geometry":{"type":"LineString","coordinates":[[-117.837407,33.637582],[-117.837469,33.637785],[-117.837427,33.637837],[-117.836238,33.638086]]}},{"type":"Feature","properties":{"kind":"service","name":""},"geometry":{"type":"LineString","coordinates":[[-117.836967,33.642254],[-117.837001,33.641879],[-117.837402,33.641935]]}},{"type":"Feature","properties":{"kind":"footway","name":""},"geometry":{"type":"LineString","coordinates":[[-117.835026,33.645085],[-117.835037,33.64537],[-117.835101,33.645197],[-117.835135,33.645354]]}},{"type":"Feature","properties":{"kind":"service","name":""},"geometry":{"type":"LineString","coordinates":[[-117.837037,33.641349],[-117.836139,33.641462],[-117.835781,33.641638],[-117.83649,33.642388],[-117.837153,33.642233]]}},{"type":"Feature","properties":{"kind":"service","name":""},"geometry":{"type":"LineString","coordinates":[[-117.842321,33.641454],[-117.842206,33.641259],[-117.841737,33.641456],[-117.841808,33.641578],[-117.841632,33.64165]]}},{"type":"Feature","properties":{"kind":"service","name":""},"geometry":{"type":"LineString","coordinates":[[-117.841808,33.641578],[-117.841849,33.641643],[-117.842321,33.641454]]}},{"type":"Feature","properties":{"kind":"secondary","name":"East Peltason Drive"},"geometry":{"type":"LineString","coordinates":[[-117.849086,33.642679],[-117.8489,33.64219],[-117.848534,33.641788],[-117.848092,33.64152],[-117.847436,33.641334],[-117.846948,33.641317],[-117.845706,33.641539],[-117.84454,33.641581],[-117.843756,33.641754]]}},{"type":"Feature","properties":{"kind":"secondary","name":"Michael Drake Drive"},"geometry":{"type":"LineString","coordinates":[[-117.851072,33.641973],[-117.851678,33.641573],[-117.852555,33.640704]]}},{"type":"Feature","properties":{"kind":"footway","name":""},"geometry":{"type":"LineString","coordinates":[[-117.846655,33.647265],[-117.84611,33.646927],[-117.845373,33.64666]]}},{"type":"Feature","properties":{"kind":"footway","name":""},"geometry":{"type":"LineString","coordinates":[[-117.846446,33.646357],[-117.846469,33.646456],[-117.846581,33.64645]]}},{"type":"Feature","properties":{"kind":"footway","name":""},"geometry":{"type":"LineString","coordinates":[[-117.84631,33.64636],[-117.846301,33.646433],[-117.846198,33.646434]]}},{"type":"Feature","properties":{"kind":"footway","name":""},"geometry":{"type":"LineString","coordinates":[[-117.846733,33.647223],[-117.846762,33.647099],[-117.846866,33.647161]]}},{"type":"Feature","properties":{"kind":"cycleway","name":""},"geometry":{"type":"LineString","coordinates":[[-117.846655,33.647265],[-117.846913,33.647193],[-117.847274,33.647364]]}},{"type":"Feature","properties":{"kind":"footway","name":""},"geometry":{"type":"LineString","coordinates":[[-117.845482,33.646265],[-117.845694,33.64632],[-117.845833,33.646481]]}},{"type":"Feature","properties":{"kind":"service","name":"Pereira Drive"},"geometry":{"type":"LineString","coordinates":[[-117.837707,33.647122],[-117.837132,33.646975],[-117.836927,33.646848],[-117.836756,33.646604],[-117.836704,33.646089]]}},{"type":"Feature","properties":{"kind":"service","name":"Pereira Drive"},"geometry":{"type":"LineString","coordinates":[[-117.839448,33.647826],[-117.838396,33.647338],[-117.837707,33.647122]]}},{"type":"Feature","properties":{"kind":"tertiary","name":"California Avenue"},"geometry":{"type":"LineString","coordinates":[[-117.852951,33.640145],[-117.851244,33.638943]]}},{"type":"Feature","properties":{"kind":"tertiary","name":"Harvard Avenue"},"geometry":{"type":"LineString","coordinates":[[-117.835412,33.651339],[-117.836158,33.651592]]}},{"type":"Feature","properties":{"kind":"tertiary","name":"Harvard Avenue"},"geometry":{"type":"LineString","coordinates":[[-117.831866,33.65145],[-117.832816,33.65121],[-117.834046,33.651126]]}},{"type":"Feature","properties":{"kind":"pedestrian","name":"The Great Street"},"geometry":{"type":"LineString","coordinates":[[-117.825078,33.64774],[-117.824833,33.647586],[-117.824544,33.647268],[-117.823837,33.646085],[-117.823666,33.645684],[-117.823495,33.645097],[-117.82335,33.644173],[-117.823396,33.643113]]}},{"type":"Feature","properties":{"kind":"service","name":""},"geometry":{"type":"LineString","coordinates":[[-117.830001,33.646904],[-117.829591,33.646998]]}},{"type":"Feature","properties":{"kind":"cycleway","name":""},"geometry":{"type":"LineString","coordinates":[[-117.825564,33.644326],[-117.824694,33.645184],[-117.824439,33.645235]]}},{"type":"Feature","properties":{"kind":"cycleway","name":""},"geometry":{"type":"LineString","coordinates":[[-117.823928,33.642989],[-117.824449,33.643176],[-117.824602,33.643643],[-117.824922,33.643774]]}},{"type":"Feature","properties":{"kind":"cycleway","name":""},"geometry":{"type":"LineString","coordinates":[[-117.838754,33.633373],[-117.838837,33.633542],[-117.838527,33.633754],[-117.83835,33.634035],[-117.837794,33.634475],[-117.837532,33.634879],[-117.837202,33.635116],[-117.837001,33.635397],[-117.836791,33.635524],[-117.836596,33.635784],[-117.83627,33.636],[-117.835674,33.63661]]}},{"type":"Feature","properties":{"kind":"service","name":""},"geometry":{"type":"LineString","coordinates":[[-117.819385,33.652047],[-117.82003,33.651839]]}},{"type":"Feature","properties":{"kind":"path","name":""},"geometry":{"type":"LineString","coordinates":[[-117.843261,33.641976],[-117.843281,33.640824],[-117.843399,33.640333],[-117.843572,33.64001],[-117.843725,33.639948],[-117.843849,33.639785],[-117.844158,33.639147],[-117.844167,33.638963],[-117.844582,33.638356],[-117.845203,33.63719],[-117.845259,33.636724],[-117.845188,33.636376],[-117.845409,33.635823],[-117.845388,33.635485],[-117.845261,33.63525],[-117.844961,33.634938],[-117.844762,33.633866],[-117.844542,33.633785],[-117.843938,33.632762],[-117.843792,33.632398],[-117.843269,33.63216],[-117.842362,33.631924],[-117.841917,33.631996],[-117.841519,33.632217],[-117.841418,33.632131],[-117.84138,33.632241],[-117.841328,33.632159],[-117.841277,33.632221],[-117.841116,33.632206]]}},{"type":"Feature","properties":{"kind":"cycleway","name":""},"geometry":{"type":"LineString","coordinates":[[-117.843238,33.643337],[-117.843137,33.6432],[-117.843364,33.642699],[-117.843413,33.642402],[-117.843213,33.642258],[-117.842927,33.642197]]}},{"type":"Feature","properties":{"kind":"cycleway","name":""},"geometry":{"type":"LineString","coordinates":[[-117.84335,33.642322],[-117.843311,33.642199],[-117.843371,33.642067]]}},{"type":"Feature","properties":{"kind":"pedestrian","name":"The Great Street"},"geometry":{"type":"LineString","coordinates":[[-117.825562,33.638165],[-117.825157,33.638353],[-117.825284,33.639188],[-117.824348,33.64056]]}},{"type":"Feature","properties":{"kind":"service","name":"Anteater Recreation Center Road"},"geometry":{"type":"LineString","coordinates":[[-117.828333,33.644318],[-117.827879,33.644191],[-117.827464,33.643929],[-117.827198,33.643175],[-117.827436,33.64263],[-117.828083,33.6424],[-117.828479,33.642627],[-117.828964,33.643127],[-117.829346,33.643306]]}},{"type":"Feature","properties":{"kind":"residential","name":"Schubert Court"},"geometry":{"type":"LineString","coordinates":[[-117.837513,33.64066],[-117.838035,33.640611]]}},{"type":"Feature","properties":{"kind":"residential","name":"Cervantes Court"},"geometry":{"type":"LineString","coordinates":[[-117.834705,33.63571],[-117.833594,33.635805],[-117.833264,33.636065],[-117.831606,33.636615]]}},{"type":"Feature","properties":{"kind":"residential","name":"Coltrane Court"},"geometry":{"type":"LineString","coordinates":[[-117.834661,33.636489],[-117.833323,33.636485],[-117.833131,33.636443],[-117.832898,33.636114],[-117.832753,33.635484]]}},{"type":"Feature","properties":{"kind":"pedestrian","name":""},"geometry":{"type":"LineString","coordinates":[[-117.824948,33.639668],[-117.82405,33.639257]]}},{"type":"Feature","properties":{"kind":"footway","name":""},"geometry":{"type":"LineString","coordinates":[[-117.8445,33.650804],[-117.844155,33.650965],[-117.844146,33.651031],[-117.844346,33.651375],[-117.84451,33.651381],[-117.844672,33.651602],[-117.844714,33.651818],[-117.84487,33.651886],[-117.844993,33.652149]]}},{"type":"Feature","properties":{"kind":"footway","name":""},"geometry":{"type":"LineString","coordinates":[[-117.844686,33.651282],[-117.845119,33.651738],[-117.845493,33.651878],[-117.845617,33.652011],[-117.845622,33.652149],[-117.845109,33.652417],[-117.844767,33.652419],[-117.844098,33.652136],[-117.84364,33.652138],[-117.84352,33.65183],[-117.843347,33.651659]]}},{"type":"Feature","properties":{"kind":"footway","name":""},"geometry":{"type":"LineString","coordinates":[[-117.844273,33.650436],[-117.843823,33.650502],[-117.843746,33.650567],[-117.843857,33.650779],[-117.844155,33.650965]]}},{"type":"Feature","properties":{"kind":"footway","name":""},"geometry":{"type":"LineString","coordinates":[[-117.843868,33.65126],[-117.843737,33.651458],[-117.843785,33.651676],[-117.843975,33.651753],[-117.843985,33.65213]]}},{"type":"Feature","properties":{"kind":"service","name":""},"geometry":{"type":"LineString","coordinates":[[-117.83622,33.651206],[-117.835792,33.650902]]}},{"type":"Feature","properties":{"kind":"service","name":""},"geometry":{"type":"LineString","coordinates":[[-117.835937,33.650757],[-117.835534,33.651158]]}},{"type":"Feature","properties":{"kind":"service","name":""},"geometry":{"type":"LineString","coordinates":[[-117.836932,33.651241],[-117.836609,33.651553]]}},{"type":"Feature","properties":{"kind":"service","name":""},"geometry":{"type":"LineString","coordinates":[[-117.836153,33.649614],[-117.835852,33.649903],[-117.836142,33.650116]]}},{"type":"Feature","properties":{"kind":"service","name":""},"geometry":{"type":"LineString","coordinates":[[-117.836978,33.650314],[-117.836784,33.650316],[-117.836006,33.64976]]}},{"type":"Feature","properties":{"kind":"service","name":""},"geometry":{"type":"LineString","coordinates":[[-117.836297,33.649968],[-117.835668,33.650563],[-117.836375,33.651072]]}},{"type":"Feature","properties":{"kind":"service","name":""},"geometry":{"type":"LineString","coordinates":[[-117.836984,33.650693],[-117.83672,33.650732],[-117.836338,33.651123],[-117.836751,33.651416]]}},{"type":"Feature","properties":{"kind":"service","name":""},"geometry":{"type":"LineString","coordinates":[[-117.842592,33.655205],[-117.842573,33.655152],[-117.842251,33.655052]]}},{"type":"Feature","properties":{"kind":"service","name":""},"geometry":{"type":"LineString","coordinates":[[-117.843609,33.655141],[-117.843247,33.654887]]}},{"type":"Feature","properties":{"kind":"service","name":""},"geometry":{"type":"LineString","coordinates":[[-117.842503,33.655553],[-117.842634,33.655231]]}},{"type":"Feature","properties":{"kind":"service","name":""},"geometry":{"type":"LineString","coordinates":[[-117.842827,33.654851],[-117.842592,33.655205]]}},{"type":"Feature","properties":{"kind":"service","name":""},"geometry":{"type":"LineString","coordinates":[[-117.843981,33.655171],[-117.843403,33.654747]]}},{"type":"Feature","properties":{"kind":"service","name":""},"geometry":{"type":"LineString","coordinates":[[-117.843602,33.654562],[-117.843093,33.655029]]}},{"type":"Feature","properties":{"kind":"footway","name":""},"geometry":{"type":"LineString","coordinates":[[-117.843737,33.651458],[-117.843629,33.651246],[-117.843604,33.650905],[-117.843785,33.650694]]}},{"type":"Feature","properties":{"kind":"footway","name":""},"geometry":{"type":"LineString","coordinates":[[-117.828027,33.642397],[-117.827918,33.642286],[-117.827286,33.642485],[-117.826852,33.643426]]}},{"type":"Feature","properties":{"kind":"path","name":""},"geometry":{"type":"LineString","coordinates":[[-117.828071,33.641475],[-117.828942,33.639599],[-117.829022,33.63954],[-117.829334,33.639525],[-117.829641,33.639076],[-117.829388,33.638769]]}},{"type":"Feature","properties":{"kind":"cycleway","name":""},"geometry":{"type":"LineString","coordinates":[[-117.832204,33.64685],[-117.832652,33.646726],[-117.833177,33.646336],[-117.833655,33.646235],[-117.833692,33.646129],[-117.833643,33.646045],[-117.833061,33.64559],[-117.833049,33.645268],[-117.832783,33.645018],[-117.832747,33.644901],[-117.832855,33.644781],[-117.833388,33.644558],[-117.833605,33.644555],[-117.83385,33.64464]]}},{"type":"Feature","properties":{"kind":"path","name":""},"geometry":{"type":"LineString","coordinates":[[-117.823997,33.641189],[-117.823047,33.640874]]}},{"type":"Feature","properties":{"kind":"footway","name":""},"geometry":{"type":"LineString","coordinates":[[-117.82613,33.645047],[-117.825594,33.644662],[-117.824886,33.645342],[-117.825416,33.645732]]}},{"type":"Feature","properties":{"kind":"footway","name":""},"geometry":{"type":"LineString","coordinates":[[-117.825156,33.644689],[-117.824338,33.644782]]}},{"type":"Feature","properties":{"kind":"footway","name":""},"geometry":{"type":"LineString","coordinates":[[-117.824754,33.644547],[-117.824611,33.64456],[-117.824533,33.643977]]}},{"type":"Feature","properties":{"kind":"footway","name":""},"geometry":{"type":"LineString","coordinates":[[-117.825771,33.645397],[-117.825032,33.644848]]}},{"type":"Feature","properties":{"kind":"footway","name":""},"geometry":{"type":"LineString","coordinates":[[-117.82467,33.645462],[-117.825259,33.645891]]}},{"type":"Feature","properties":{"kind":"footway","name":""},"geometry":{"type":"LineString","coordinates":[[-117.824489,33.645387],[-117.82467,33.645462],[-117.824529,33.645495]]}},{"type":"Feature","properties":{"kind":"footway","name":""},"geometry":{"type":"LineString","coordinates":[[-117.825952,33.64522],[-117.825423,33.644831]]}},{"type":"Feature","properties":{"kind":"footway","name":""},"geometry":{"type":"LineString","coordinates":[[-117.824914,33.646232],[-117.826585,33.644612]]}},{"type":"Feature","properties":{"kind":"footway","name":""},"geometry":{"type":"LineString","coordinates":[[-117.824803,33.64395],[-117.825052,33.643947],[-117.825172,33.644701]]}},{"type":"Feature","properties":{"kind":"footway","name":""},"geometry":{"type":"LineString","coordinates":[[-117.824335,33.644013],[-117.824803,33.64395],[-117.82489,33.644535],[-117.824754,33.644547],[-117.82478,33.644733]]}},{"type":"Feature","properties":{"kind":"footway","name":""},"geometry":{"type":"LineString","coordinates":[[-117.826793,33.64648],[-117.82676,33.646156],[-117.826819,33.645965],[-117.826932,33.645859]]}},{"type":"Feature","properties":{"kind":"footway","name":""},"geometry":{"type":"LineString","coordinates":[[-117.825018,33.648599],[-117.824874,33.648582],[-117.824681,33.648415],[-117.824643,33.648519],[-117.824523,33.648566]]}},{"type":"Feature","properties":{"kind":"footway","name":""},"geometry":{"type":"LineString","coordinates":[[-117.824931,33.649365],[-117.825681,33.649206],[-117.825861,33.649084]]}},{"type":"Feature","properties":{"kind":"footway","name":""},"geometry":{"type":"LineString","coordinates":[[-117.825078,33.64774],[-117.825143,33.64797],[-117.825354,33.648097],[-117.825399,33.648221],[-117.825016,33.648389],[-117.825043,33.648801],[-117.8248,33.648907],[-117.824708,33.648883]]}},{"type":"Feature","properties":{"kind":"service","name":""},"geometry":{"type":"LineString","coordinates":[[-117.825956,33.649129],[-117.825825,33.649031],[-117.825714,33.648678],[-117.825793,33.648525]]}},{"type":"Feature","properties":{"kind":"footway","name":""},"geometry":{"type":"LineString","coordinates":[[-117.824931,33.649365],[-117.824951,33.649452]]}},{"type":"Feature","properties":{"kind":"footway","name":""},"geometry":{"type":"LineString","coordinates":[[-117.824781,33.648171],[-117.824647,33.647957],[-117.824949,33.64767]]}},{"type":"Feature","properties":{"kind":"footway","name":""},"geometry":{"type":"LineString","coordinates":[[-117.824637,33.648752],[-117.824845,33.648631],[-117.824871,33.648456],[-117.825206,33.648105],[-117.825177,33.647993]]}},{"type":"Feature","properties":{"kind":"footway","name":""},"geometry":{"type":"LineString","coordinates":[[-117.824392,33.646254],[-117.824303,33.646292],[-117.824327,33.646397],[-117.824078,33.6465]]}},{"type":"Feature","properties":{"kind":"footway","name":""},"geometry":{"type":"LineString","coordinates":[[-117.824731,33.647858],[-117.824654,33.647775],[-117.82449,33.647737],[-117.824344,33.647773],[-117.824141,33.647936]]}},{"type":"Feature","properties":{"kind":"cycleway","name":""},"geometry":{"type":"LineString","coordinates":[[-117.825062,33.647352],[-117.824275,33.648162]]}},{"type":"Feature","properties":{"kind":"footway","name":""},"geometry":{"type":"LineString","coordinates":[[-117.82546,33.648181],[-117.825613,33.648567],[-117.825719,33.648597]]}},{"type":"Feature","properties":{"kind":"footway","name":""},"geometry":{"type":"LineString","coordinates":[[-117.824871,33.648456],[-117.824739,33.648466]]}},{"type":"Feature","properties":{"kind":"pedestrian","name":"The Great Street"},"geometry":{"type":"LineString","coordinates":[[-117.824348,33.64056],[-117.823818,33.641615],[-117.823565,33.642445]]}},{"type":"Feature","properties":{"kind":"service","name":""},"geometry":{"type":"LineString","coordinates":[[-117.830927,33.649665],[-117.830789,33.650224],[-117.830826,33.650402]]}},{"type":"Feature","properties":{"kind":"service","name":""},"geometry":{"type":"LineString","coordinates":[[-117.831361,33.649773],[-117.831574,33.649825],[-117.831908,33.648978]]}},{"type":"Feature","properties":{"kind":"service","name":""},"geometry":{"type":"LineString","coordinates":[[-117.831004,33.649013],[-117.830917,33.648963],[-117.830493,33.649059],[-117.830576,33.649307],[-117.830684,33.64938]]}},{"type":"Feature","properties":{"kind":"service","name":""},"geometry":{"type":"LineString","coordinates":[[-117.831313,33.648947],[-117.831354,33.649081]]}},{"type":"Feature","properties":{"kind":"service","name":""},"geometry":{"type":"LineString","coordinates":[[-117.83109,33.649155],[-117.830835,33.649287]]}},{"type":"Feature","properties":{"kind":"service","name":""},"geometry":{"type":"LineString","coordinates":[[-117.831127,33.649715],[-117.831361,33.649773],[-117.831633,33.649028]]}},{"type":"Feature","properties":{"kind":"service","name":""},"geometry":{"type":"LineString","coordinates":[[-117.831574,33.649825],[-117.83177,33.649822],[-117.832103,33.649005],[-117.831908,33.648978],[-117.83109,33.649155],[-117.831004,33.649013]]}},{"type":"Feature","properties":{"kind":"footway","name":""},"geometry":{"type":"LineString","coordinates":[[-117.833491,33.64408],[-117.833194,33.643976],[-117.833161,33.643699]]}},{"type":"Feature","properties":{"kind":"secondary","name":"California Avenue"},"geometry":{"type":"LineString","coordinates":[[-117.829591,33.646998],[-117.82929,33.646],[-117.829178,33.644927]]}},{"type":"Feature","properties":{"kind":"footway","name":""},"geometry":{"type":"LineString","coordinates":[[-117.829807,33.645175],[-117.829318,33.644929],[-117.829433,33.644688],[-117.829577,33.644592]]}},{"type":"Feature","properties":{"kind":"footway","name":""},"geometry":{"type":"LineString","coordinates":[[-117.829908,33.644922],[-117.830044,33.644731],[-117.829586,33.644489],[-117.829321,33.64444]]}},{"type":"Feature","properties":{"kind":"footway","name":""},"geometry":{"type":"LineString","coordinates":[[-117.829938,33.644948],[-117.829872,33.644952],[-117.829908,33.644991]]}},{"type":"Feature","properties":{"kind":"footway","name":""},"geometry":{"type":"LineString","coordinates":[[-117.829872,33.644952],[-117.829623,33.644798]]}},{"type":"Feature","properties":{"kind":"footway","name":""},"geometry":{"type":"LineString","coordinates":[[-117.834249,33.646011],[-117.834164,33.646095]]}},{"type":"Feature","properties":{"kind":"footway","name":""},"geometry":{"type":"LineString","coordinates":[[-117.830555,33.64513],[-117.830534,33.645365]]}},{"type":"Feature","properties":{"kind":"footway","name":""},"geometry":{"type":"LineString","coordinates":[[-117.830318,33.645333],[-117.829807,33.645175],[-117.829938,33.644948],[-117.830205,33.645049]]}},{"type":"Feature","properties":{"kind":"footway","name":""},"geometry":{"type":"LineString","coordinates":[[-117.830822,33.645168],[-117.831026,33.645184],[-117.831476,33.645093]]}},{"type":"Feature","properties":{"kind":"service","name":""},"geometry":{"type":"LineString","coordinates":[[-117.829433,33.645482],[-117.829471,33.645778]]}},{"type":"Feature","properties":{"kind":"footway","name":""},"geometry":{"type":"LineString","coordinates":[[-117.831752,33.645317],[-117.830998,33.645413],[-117.830318,33.645333],[-117.830396,33.645109],[-117.830578,33.645134]]}},{"type":"Feature","properties":{"kind":"secondary","name":"California Avenue"},"geometry":{"type":"LineString","coordinates":[[-117.829157,33.644358],[-117.829091,33.644445],[-117.829076,33.645285],[-117.829163,33.645913],[-117.829419,33.646783]]}},{"type":"Feature","properties":{"kind":"service","name":""},"geometry":{"type":"LineString","coordinates":[[-117.830402,33.645432],[-117.830323,33.645728],[-117.830044,33.645692],[-117.829433,33.645482],[-117.829418,33.645165],[-117.830402,33.645432]]}},{"type":"Feature","properties":{"kind":"footway","name":""},"geometry":{"type":"LineString","coordinates":[[-117.831741,33.644743],[-117.831214,33.644888],[-117.830624,33.644893]]}},{"type":"Feature","properties":{"kind":"footway","name":""},"geometry":{"type":"LineString","coordinates":[[-117.830044,33.644731],[-117.830482,33.644868]]}},{"type":"Feature","properties":{"kind":"footway","name":""},"geometry":{"type":"LineString","coordinates":[[-117.83178,33.64505],[-117.831693,33.645548],[-117.831762,33.645562],[-117.831666,33.645828]]}},{"type":"Feature","properties":{"kind":"footway","name":""},"geometry":{"type":"LineString","coordinates":[[-117.829473,33.64471],[-117.829296,33.644639]]}},{"type":"Feature","properties":{"kind":"footway","name":""},"geometry":{"type":"LineString","coordinates":[[-117.829318,33.644929],[-117.82928,33.644926]]}},{"type":"Feature","properties":{"kind":"service","name":""},"geometry":{"type":"LineString","coordinates":[[-117.829427,33.645308],[-117.830362,33.645599]]}},{"type":"Feature","properties":{"kind":"secondary","name":"California Avenue"},"geometry":{"type":"LineString","coordinates":[[-117.829346,33.643306],[-117.829696,33.642291]]}},{"type":"Feature","properties":{"kind":"footway","name":""},"geometry":{"type":"LineString","coordinates":[[-117.830608,33.64331],[-117.830725,33.643369],[-117.830851,33.643305],[-117.830929,33.643331],[-117.830851,33.643535],[-117.831159,33.644056],[-117.831607,33.64431],[-117.831864,33.644561]]}},{"type":"Feature","properties":{"kind":"service","name":""},"geometry":{"type":"LineString","coordinates":[[-117.83048,33.647877],[-117.830494,33.648211]]}},{"type":"Feature","properties":{"kind":"tertiary","name":"California Avenue"},"geometry":{"type":"LineString","coordinates":[[-117.831008,33.638033],[-117.831339,33.637782],[-117.832312,33.637295],[-117.832941,33.637111],[-117.833612,33.637041]]}},{"type":"Feature","properties":{"kind":"service","name":""},"geometry":{"type":"LineString","coordinates":[[-117.836498,33.641041],[-117.836477,33.640915],[-117.836955,33.640866],[-117.837041,33.641162]]}},{"type":"Feature","properties":{"kind":"service","name":""},"geometry":{"type":"LineString","coordinates":[[-117.837147,33.640814],[-117.837166,33.640964],[-117.836498,33.641041]]}},{"type":"Feature","properties":{"kind":"service","name":""},"geometry":{"type":"LineString","coordinates":[[-117.832301,33.647948],[-117.832225,33.647705]]}},{"type":"Feature","properties":{"kind":"service","name":""},"geometry":{"type":"LineString","coordinates":[[-117.821973,33.650982],[-117.821895,33.651024]]}},{"type":"Feature","properties":{"kind":"service","name":""},"geometry":{"type":"LineString","coordinates":[[-117.830459,33.64803],[-117.830192,33.648087],[-117.830246,33.648262],[-117.831094,33.64809],[-117.831088,33.647935]]}},{"type":"Feature","properties":{"kind":"secondary","name":"California Avenue"},"geometry":{"type":"LineString","coordinates":[[-117.830309,33.639061],[-117.830065,33.639578],[-117.829949,33.640157]]}},{"type":"Feature","properties":{"kind":"service","name":""},"geometry":{"type":"LineString","coordinates":[[-117.821234,33.651076],[-117.821097,33.651087],[-117.821059,33.651151],[-117.820995,33.652168],[-117.821101,33.652254],[-117.82116,33.652147],[-117.821234,33.651076]]}},{"type":"Feature","properties":{"kind":"service","name":""},"geometry":{"type":"LineString","coordinates":[[-117.823046,33.650891],[-117.822917,33.65049]]}},{"type":"Feature","properties":{"kind":"service","name":"Chuck Keith Way"},"geometry":{"type":"LineString","coordinates":[[-117.825408,33.651678],[-117.824976,33.651816],[-117.824869,33.651797],[-117.824391,33.650634],[-117.824297,33.650614],[-117.824182,33.650723]]}},{"type":"Feature","properties":{"kind":"tertiary","name":"California Avenue"},"geometry":{"type":"LineString","coordinates":[[-117.830383,33.6391],[-117.831008,33.638033]]}},{"type":"Feature","properties":{"kind":"service","name":"Chuck Keith Way"},"geometry":{"type":"LineString","coordinates":[[-117.825408,33.651678],[-117.825557,33.651617]]}},{"type":"Feature","properties":{"kind":"service","name":"Chuck Keith Way"},"geometry":{"type":"LineString","coordinates":[[-117.821895,33.651024],[-117.822018,33.651123],[-117.824124,33.650711],[-117.824274,33.65084],[-117.824769,33.651914],[-117.824958,33.6519],[-117.825408,33.651678]]}},{"type":"Feature","properties":{"kind":"tertiary","name":"Gabrielino Drive"},"geometry":{"type":"LineString","coordinates":[[-117.83527,33.636961],[-117.835562,33.637708],[-117.835917,33.638178],[-117.836233,33.638923],[-117.837203,33.640186],[-117.837389,33.64065],[-117.837489,33.641418],[-117.837307,33.64245]]}},{"type":"Feature","properties":{"kind":"service","name":""},"geometry":{"type":"LineString","coordinates":[[-117.821219,33.652516],[-117.821365,33.652767],[-117.82194,33.65246],[-117.821861,33.652428],[-117.821527,33.65252],[-117.821219,33.652516]]}},{"type":"Feature","properties":{"kind":"service","name":""},"geometry":{"type":"LineString","coordinates":[[-117.821973,33.650982],[-117.82191,33.650705]]}},{"type":"Feature","properties":{"kind":"service","name":""},"geometry":{"type":"LineString","coordinates":[[-117.821219,33.652516],[-117.821101,33.652254]]}},{"type":"Feature","properties":{"kind":"service","name":""},"geometry":{"type":"LineString","coordinates":[[-117.825119,33.651759],[-117.825037,33.651724],[-117.824558,33.650582],[-117.824387,33.650463],[-117.821973,33.650982]]}},{"type":"Feature","properties":{"kind":"service","name":""},"geometry":{"type":"LineString","coordinates":[[-117.829784,33.649724],[-117.829632,33.649835],[-117.829731,33.649951],[-117.830399,33.649827]]}},{"type":"Feature","properties":{"kind":"service","name":""},"geometry":{"type":"LineString","coordinates":[[-117.830091,33.649662],[-117.830329,33.649612]]}},{"type":"Feature","properties":{"kind":"secondary","name":"Campus Drive"},"geometry":{"type":"LineString","coordinates":[[-117.837893,33.648247],[-117.838667,33.648598],[-117.839769,33.649285]]}},{"type":"Feature","properties":{"kind":"secondary","name":"Campus Drive"},"geometry":{"type":"LineString","coordinates":[[-117.833051,33.648185],[-117.832291,33.648353]]}},{"type":"Feature","properties":{"kind":"secondary","name":"Campus Drive"},"geometry":{"type":"LineString","coordinates":[[-117.829423,33.649079],[-117.830113,33.648934]]}},{"type":"Feature","properties":{"kind":"secondary","name":"Campus Drive"},"geometry":{"type":"LineString","coordinates":[[-117.830894,33.648664],[-117.830092,33.648829]]}},{"type":"Feature","properties":{"kind":"secondary","name":"Campus Drive"},"geometry":{"type":"LineString","coordinates":[[-117.832291,33.648353],[-117.830894,33.648664]]}},{"type":"Feature","properties":{"kind":"secondary","name":"Campus Drive"},"geometry":{"type":"LineString","coordinates":[[-117.837265,33.648054],[-117.837893,33.648247]]}},{"type":"Feature","properties":{"kind":"secondary","name":"Campus Drive"},"geometry":{"type":"LineString","coordinates":[[-117.838683,33.648482],[-117.837972,33.648157]]}},{"type":"Feature","properties":{"kind":"secondary","name":"Campus Drive"},"geometry":{"type":"LineString","coordinates":[[-117.830092,33.648829],[-117.826143,33.649678],[-117.825769,33.649767],[-117.825658,33.649865]]}},{"type":"Feature","properties":{"kind":"secondary","name":"Campus Drive"},"geometry":{"type":"LineString","coordinates":[[-117.825658,33.649865],[-117.82455,33.650101]]}},{"type":"Feature","properties":{"kind":"secondary","name":"Campus Drive"},"geometry":{"type":"LineString","coordinates":[[-117.841342,33.65047],[-117.841742,33.651094]]}},{"type":"Feature","properties":{"kind":"secondary","name":"Campus Drive"},"geometry":{"type":"LineString","coordinates":[[-117.841503,33.650472],[-117.841081,33.650039]]}},{"type":"Feature","properties":{"kind":"secondary","name":"Campus Drive"},"geometry":{"type":"LineString","coordinates":[[-117.825658,33.649865],[-117.82581,33.649878],[-117.829423,33.649079]]}},{"type":"Feature","properties":{"kind":"secondary","name":"Campus Drive"},"geometry":{"type":"LineString","coordinates":[[-117.834108,33.64807],[-117.835308,33.647876]]}},{"type":"Feature","properties":{"kind":"secondary","name":"Campus Drive"},"geometry":{"type":"LineString","coordinates":[[-117.836297,33.64778],[-117.835364,33.647772]]}},{"type":"Feature","properties":{"kind":"secondary","name":"Campus Drive"},"geometry":{"type":"LineString","coordinates":[[-117.840764,33.649775],[-117.839763,33.649138]]}},{"type":"Feature","properties":{"kind":"secondary","name":"Campus Drive"},"geometry":{"type":"LineString","coordinates":[[-117.837972,33.648157],[-117.837028,33.647884],[-117.836297,33.64778]]}},{"type":"Feature","properties":{"kind":"secondary","name":"Campus Drive"},"geometry":{"type":"LineString","coordinates":[[-117.830113,33.648934],[-117.832325,33.648463]]}},{"type":"Feature","properties":{"kind":"secondary","name":"Campus Drive"},"geometry":{"type":"LineString","coordinates":[[-117.835239,33.647779],[-117.834636,33.647852],[-117.833051,33.648185]]}},{"type":"Feature","properties":{"kind":"secondary","name":"Campus Drive"},"geometry":{"type":"LineString","coordinates":[[-117.835308,33.647876],[-117.8363,33.647891],[-117.837265,33.648054]]}},{"type":"Feature","properties":{"kind":"primary","name":"Culver Drive"},"geometry":{"type":"LineString","coordinates":[[-117.82787,33.657272],[-117.827862,33.656408],[-117.827697,33.655472],[-117.827404,33.65472],[-117.826797,33.65369]]}},{"type":"Feature","properties":{"kind":"primary","name":"Culver Drive"},"geometry":{"type":"LineString","coordinates":[[-117.824146,33.649508],[-117.82455,33.650101]]}},{"type":"Feature","properties":{"kind":"primary","name":"Culver Drive"},"geometry":{"type":"LineString","coordinates":[[-117.824898,33.650695],[-117.82455,33.650101]]}},{"type":"Feature","properties":{"kind":"primary","name":"Culver Drive"},"geometry":{"type":"LineString","coordinates":[[-117.826662,33.653748],[-117.827216,33.654693],[-117.827463,33.655247]]}},{"type":"Feature","properties":{"kind":"tertiary","name":"Academy Way"},"geometry":{"type":"LineString","coordinates":[[-117.848913,33.646493],[-117.849164,33.646864]]}},{"type":"Feature","properties":{"kind":"tertiary","name":"Academy Way"},"geometry":{"type":"LineString","coordinates":[[-117.85242,33.648766],[-117.852917,33.648817]]}},{"type":"Feature","properties":{"kind":"tertiary","name":"Academy Way"},"geometry":{"type":"LineString","coordinates":[[-117.850999,33.647811],[-117.851413,33.648105]]}},{"type":"Feature","properties":{"kind":"tertiary","name":"Academy Way"},"geometry":{"type":"LineString","coordinates":[[-117.85204,33.648644],[-117.85242,33.648766]]}},{"type":"Feature","properties":{"kind":"tertiary","name":"Academy Way"},"geometry":{"type":"LineString","coordinates":[[-117.849164,33.646864],[-117.849716,33.647299],[-117.850999,33.647811]]}},{"type":"Feature","properties":{"kind":"secondary","name":"Anteater Drive"},"geometry":{"type":"LineString","coordinates":[[-117.836372,33.642711],[-117.836464,33.642761]]}},{"type":"Feature","properties":{"kind":"secondary","name":"Anteater Drive"},"geometry":{"type":"LineString","coordinates":[[-117.831025,33.639398],[-117.830383,33.6391]]}},{"type":"Feature","properties":{"kind":"secondary","name":"Anteater Drive"},"geometry":{"type":"LineString","coordinates":[[-117.830383,33.6391],[-117.830309,33.639061]]}},{"type":"Feature","properties":{"kind":"secondary","name":"Anteater Drive"},"geometry":{"type":"LineString","coordinates":[[-117.83449,33.640884],[-117.83422,33.640712]]}},{"type":"Feature","properties":{"kind":"secondary","name":"Anteater Drive"},"geometry":{"type":"LineString","coordinates":[[-117.835466,33.641629],[-117.83449,33.640884]]}},{"type":"Feature","properties":{"kind":"secondary","name":"Anteater Drive"},"geometry":{"type":"LineString","coordinates":[[-117.835905,33.642229],[-117.835814,33.642125]]}},{"type":"Feature","properties":{"kind":"secondary","name":"Anteater Drive"},"geometry":{"type":"LineString","coordinates":[[-117.834643,33.641056],[-117.835415,33.641671]]}},{"type":"Feature","properties":{"kind":"secondary","name":"Anteater Drive"},"geometry":{"type":"LineString","coordinates":[[-117.835905,33.642229],[-117.836372,33.642711]]}},{"type":"Feature","properties":{"kind":"secondary","name":"Anteater Drive"},"geometry":{"type":"LineString","coordinates":[[-117.835415,33.641671],[-117.835814,33.642125]]}},{"type":"Feature","properties":{"kind":"secondary","name":"Anteater Drive"},"geometry":{"type":"LineString","coordinates":[[-117.836007,33.642156],[-117.835466,33.641629]]}},{"type":"Feature","properties":{"kind":"secondary","name":"Anteater Drive"},"geometry":{"type":"LineString","coordinates":[[-117.829567,33.638739],[-117.830276,33.639123]]}},{"type":"Feature","properties":{"kind":"secondary","name":"Anteater Drive"},"geometry":{"type":"LineString","coordinates":[[-117.83422,33.640712],[-117.832527,33.639843],[-117.831025,33.639398]]}},{"type":"Feature","properties":{"kind":"tertiary","name":"Berkeley"},"geometry":{"type":"LineString","coordinates":[[-117.835273,33.65062],[-117.835077,33.651325]]}},{"type":"Feature","properties":{"kind":"secondary","name":"Berkeley Avenue"},"geometry":{"type":"LineString","coordinates":[[-117.835308,33.647876],[-117.835364,33.647772]]}},{"type":"Feature","properties":{"kind":"tertiary","name":"Berkeley"},"geometry":{"type":"LineString","coordinates":[[-117.835425,33.648823],[-117.835464,33.649393]]}},{"type":"Feature","properties":{"kind":"secondary","name":"Berkeley Avenue"},"geometry":{"type":"LineString","coordinates":[[-117.835239,33.647779],[-117.835308,33.647876]]}},{"type":"Feature","properties":{"kind":"secondary","name":"Michael Drake Drive"},"geometry":{"type":"LineString","coordinates":[[-117.850561,33.642303],[-117.851072,33.641973]]}},{"type":"Feature","properties":{"kind":"secondary","name":"Michael Drake Drive"},"geometry":{"type":"LineString","coordinates":[[-117.851,33.641898],[-117.849909,33.642581],[-117.84989,33.642664]]}},{"type":"Feature","properties":{"kind":"secondary","name":"Michael Drake Drive"},"geometry":{"type":"LineString","coordinates":[[-117.84989,33.642664],[-117.849168,33.643033]]}},{"type":"Feature","properties":{"kind":"secondary","name":"Michael Drake Drive"},"geometry":{"type":"LineString","coordinates":[[-117.852748,33.640345],[-117.851734,33.641375]]}},{"type":"Feature","properties":{"kind":"tertiary","name":"Bridge Road"},"geometry":{"type":"LineString","coordinates":[[-117.841742,33.651094],[-117.841858,33.651048]]}},{"type":"Feature","properties":{"kind":"tertiary","name":"Bridge Road"},"geometry":{"type":"LineString","coordinates":[[-117.841742,33.651094],[-117.841179,33.651293]]}},{"type":"Feature","properties":{"kind":"secondary","name":"California Avenue"},"geometry":{"type":"LineString","coordinates":[[-117.829157,33.644358],[-117.82927,33.643663]]}},{"type":"Feature","properties":{"kind":"secondary","name":"California Avenue"},"geometry":{"type":"LineString","coordinates":[[-117.82927,33.643663],[-117.829301,33.643467]]}},{"type":"Feature","properties":{"kind":"tertiary","name":"California Avenue"},"geometry":{"type":"LineString","coordinates":[[-117.830198,33.649212],[-117.830113,33.648934]]}},{"type":"Feature","properties":{"kind":"secondary","name":"California Avenue"},"geometry":{"type":"LineString","coordinates":[[-117.830092,33.648829],[-117.830113,33.648934]]}},{"type":"Feature","properties":{"kind":"secondary","name":"California Avenue"},"geometry":{"type":"LineString","coordinates":[[-117.829949,33.640157],[-117.829814,33.641056]]}},{"type":"Feature","properties":{"kind":"tertiary","name":"California Avenue"},"geometry":{"type":"LineString","coordinates":[[-117.830613,33.638478],[-117.830309,33.639061]]}},{"type":"Feature","properties":{"kind":"secondary","name":"California Avenue"},"geometry":{"type":"LineString","coordinates":[[-117.829639,33.647519],[-117.829849,33.648212]]}},{"type":"Feature","properties":{"kind":"secondary","name":"California Avenue"},"geometry":{"type":"LineString","coordinates":[[-117.829853,33.647867],[-117.829681,33.647296]]}},{"type":"Feature","properties":{"kind":"secondary","name":"California Avenue"},"geometry":{"type":"LineString","coordinates":[[-117.830092,33.648829],[-117.830123,33.648731],[-117.829853,33.647867]]}},{"type":"Feature","properties":{"kind":"secondary","name":"California Avenue"},"geometry":{"type":"LineString","coordinates":[[-117.829681,33.647296],[-117.829591,33.646998]]}},{"type":"Feature","properties":{"kind":"secondary","name":"California Avenue"},"geometry":{"type":"LineString","coordinates":[[-117.829849,33.648212],[-117.830092,33.648829]]}},{"type":"Feature","properties":{"kind":"secondary","name":"California Avenue"},"geometry":{"type":"LineString","coordinates":[[-117.829301,33.643467],[-117.829346,33.643306]]}},{"type":"Feature","properties":{"kind":"secondary","name":"California Avenue"},"geometry":{"type":"LineString","coordinates":[[-117.829491,33.647025],[-117.829639,33.647519]]}},{"type":"Feature","properties":{"kind":"secondary","name":"California Avenue"},"geometry":{"type":"LineString","coordinates":[[-117.829814,33.641056],[-117.829696,33.641814],[-117.829696,33.642291]]}},{"type":"Feature","properties":{"kind":"secondary","name":"California Avenue"},"geometry":{"type":"LineString","coordinates":[[-117.829178,33.644927],[-117.829157,33.644358]]}},{"type":"Feature","properties":{"kind":"secondary","name":"California Avenue"},"geometry":{"type":"LineString","coordinates":[[-117.830074,33.639868],[-117.830347,33.639163]]}},{"type":"Feature","properties":{"kind":"tertiary","name":"California Avenue"},"geometry":{"type":"LineString","coordinates":[[-117.831008,33.638033],[-117.830851,33.638114],[-117.830613,33.638478]]}},{"type":"Feature","properties":{"kind":"secondary","name":"California Avenue"},"geometry":{"type":"LineString","coordinates":[[-117.829696,33.642291],[-117.830074,33.639868]]}},{"type":"Feature","properties":{"kind":"tertiary","name":"Campus Drive"},"geometry":{"type":"LineString","coordinates":[[-117.822311,33.650506],[-117.821887,33.650598]]}},{"type":"Feature","properties":{"kind":"tertiary","name":"Campus Drive"},"geometry":{"type":"LineString","coordinates":[[-117.82342,33.650388],[-117.823697,33.650325]]}},{"type":"Feature","properties":{"kind":"tertiary","name":"Campus Drive"},"geometry":{"type":"LineString","coordinates":[[-117.821347,33.650764],[-117.821812,33.650721]]}},{"type":"Feature","properties":{"kind":"tertiary","name":"Campus Drive"},"geometry":{"type":"LineString","coordinates":[[-117.82455,33.650101],[-117.824285,33.650059],[-117.822311,33.650506]]}},{"type":"Feature","properties":{"kind":"tertiary","name":"Campus Drive"},"geometry":{"type":"LineString","coordinates":[[-117.823697,33.650325],[-117.82455,33.650101]]}},{"type":"Feature","properties":{"kind":"tertiary","name":"Campus Drive"},"geometry":{"type":"LineString","coordinates":[[-117.821049,33.650644],[-117.820572,33.650589]]}},{"type":"Feature","properties":{"kind":"tertiary","name":"Campus Drive"},"geometry":{"type":"LineString","coordinates":[[-117.81896,33.649862],[-117.818468,33.649346]]}},{"type":"Feature","properties":{"kind":"tertiary","name":"Campus Drive"},"geometry":{"type":"LineString","coordinates":[[-117.821812,33.650721],[-117.82191,33.650705]]}},{"type":"Feature","properties":{"kind":"secondary","name":"East Peltason Drive"},"geometry":{"type":"LineString","coordinates":[[-117.836958,33.64259],[-117.837734,33.642526],[-117.839048,33.642806]]}},{"type":"Feature","properties":{"kind":"secondary","name":"East Peltason Drive"},"geometry":{"type":"LineString","coordinates":[[-117.835751,33.643487],[-117.835906,33.643241]]}},{"type":"Feature","properties":{"kind":"secondary","name":"East Peltason Drive"},"geometry":{"type":"LineString","coordinates":[[-117.849086,33.642679],[-117.849168,33.643033]]}},{"type":"Feature","properties":{"kind":"secondary","name":"East Peltason Drive"},"geometry":{"type":"LineString","coordinates":[[-117.841494,33.642463],[-117.841925,33.642393]]}},{"type":"Feature","properties":{"kind":"secondary","name":"East Peltason Drive"},"geometry":{"type":"LineString","coordinates":[[-117.836464,33.642761],[-117.836958,33.64259]]}},{"type":"Feature","properties":{"kind":"secondary","name":"East Peltason Drive"},"geometry":{"type":"LineString","coordinates":[[-117.835906,33.643241],[-117.836464,33.642761]]}},{"type":"Feature","properties":{"kind":"secondary","name":"East Peltason Drive"},"geometry":{"type":"LineString","coordinates":[[-117.839057,33.642736],[-117.837873,33.642458],[-117.837255,33.642456]]}},{"type":"Feature","properties":{"kind":"secondary","name":"East Peltason Drive"},"geometry":{"type":"LineString","coordinates":[[-117.836924,33.642507],[-117.83646,33.642672]]}},{"type":"Feature","properties":{"kind":"secondary","name":"East Peltason Drive"},"geometry":{"type":"LineString","coordinates":[[-117.843756,33.641754],[-117.843373,33.641925]]}},{"type":"Feature","properties":{"kind":"secondary","name":"East Peltason Drive"},"geometry":{"type":"LineString","coordinates":[[-117.835303,33.646078],[-117.835299,33.645974]]}},{"type":"Feature","properties":{"kind":"secondary","name":"East Peltason Drive"},"geometry":{"type":"LineString","coordinates":[[-117.84237,33.642248],[-117.841923,33.642318]]}},{"type":"Feature","properties":{"kind":"secondary","name":"East Peltason Drive"},"geometry":{"type":"LineString","coordinates":[[-117.837255,33.642456],[-117.836924,33.642507]]}},{"type":"Feature","properties":{"kind":"secondary","name":"East Peltason Drive"},"geometry":{"type":"LineString","coordinates":[[-117.835197,33.647087],[-117.835239,33.647779]]}},{"type":"Feature","properties":{"kind":"secondary","name":"East Peltason Drive"},"geometry":{"type":"LineString","coordinates":[[-117.835191,33.645535],[-117.835174,33.645975]]}},{"type":"Feature","properties":{"kind":"secondary","name":"East Peltason Drive"},"geometry":{"type":"LineString","coordinates":[[-117.835307,33.646439],[-117.835303,33.646078]]}},{"type":"Feature","properties":{"kind":"secondary","name":"East Peltason Drive"},"geometry":{"type":"LineString","coordinates":[[-117.839627,33.642756],[-117.839057,33.642736]]}},{"type":"Feature","properties":{"kind":"secondary","name":"East Peltason Drive"},"geometry":{"type":"LineString","coordinates":[[-117.835174,33.645975],[-117.835172,33.64608]]}},{"type":"Feature","properties":{"kind":"secondary","name":"East Peltason Drive"},"geometry":{"type":"LineString","coordinates":[[-117.843373,33.641925],[-117.842915,33.642114],[-117.84237,33.642248]]}},{"type":"Feature","properties":{"kind":"secondary","name":"East Peltason Drive"},"geometry":{"type":"LineString","coordinates":[[-117.841923,33.642318],[-117.840305,33.642682],[-117.839627,33.642756]]}},{"type":"Feature","properties":{"kind":"tertiary","name":"Harvard Avenue"},"geometry":{"type":"LineString","coordinates":[[-117.834046,33.651126],[-117.83475,33.651192]]}},{"type":"Feature","properties":{"kind":"tertiary","name":"Turtle Rock Drive"},"geometry":{"type":"LineString","coordinates":[[-117.819033,33.648821],[-117.818468,33.649346]]}},{"type":"Feature","properties":{"kind":"tertiary","name":"Turtle Rock Drive"},"geometry":{"type":"LineString","coordinates":[[-117.820046,33.646575],[-117.820047,33.647105]]}},{"type":"Feature","properties":{"kind":"tertiary","name":"Turtle Rock Drive"},"geometry":{"type":"LineString","coordinates":[[-117.819605,33.648091],[-117.819033,33.648821]]}},{"type":"Feature","properties":{"kind":"tertiary","name":"Turtle Rock Drive"},"geometry":{"type":"LineString","coordinates":[[-117.820047,33.647105],[-117.819916,33.647539],[-117.819605,33.648091]]}},{"type":"Feature","properties":{"kind":"tertiary","name":"West Peltason Drive"},"geometry":{"type":"LineString","coordinates":[[-117.848504,33.646588],[-117.848016,33.646859],[-117.847347,33.64773]]}},{"type":"Feature","properties":{"kind":"tertiary","name":"West Peltason Drive"},"geometry":{"type":"LineString","coordinates":[[-117.842426,33.650691],[-117.842325,33.650775]]}},{"type":"Feature","properties":{"kind":"tertiary","name":"West Peltason Drive"},"geometry":{"type":"LineString","coordinates":[[-117.8458,33.648869],[-117.845416,33.648919]]}},{"type":"Feature","properties":{"kind":"tertiary","name":"West Peltason Drive"},"geometry":{"type":"LineString","coordinates":[[-117.842579,33.650496],[-117.842426,33.650691]]}},{"type":"Feature","properties":{"kind":"tertiary","name":"West Peltason Drive"},"geometry":{"type":"LineString","coordinates":[[-117.848913,33.646493],[-117.848504,33.646588]]}},{"type":"Feature","properties":{"kind":"tertiary","name":"West Peltason Drive"},"geometry":{"type":"LineString","coordinates":[[-117.849168,33.643033],[-117.849243,33.643562]]}},{"type":"Feature","properties":{"kind":"tertiary","name":"West Peltason Drive"},"geometry":{"type":"LineString","coordinates":[[-117.842642,33.650636],[-117.842709,33.650543]]}},{"type":"Feature","properties":{"kind":"tertiary","name":"West Peltason Drive"},"geometry":{"type":"LineString","coordinates":[[-117.842709,33.650543],[-117.842878,33.650257],[-117.842883,33.650111]]}},{"type":"Feature","properties":{"kind":"tertiary","name":"West Peltason Drive"},"geometry":{"type":"LineString","coordinates":[[-117.842883,33.650111],[-117.842754,33.650205],[-117.842579,33.650496]]}},{"type":"Feature","properties":{"kind":"tertiary","name":"West Peltason Drive"},"geometry":{"type":"LineString","coordinates":[[-117.846453,33.648646],[-117.8458,33.648869]]}},{"type":"Feature","properties":{"kind":"tertiary","name":"West Peltason Drive"},"geometry":{"type":"LineString","coordinates":[[-117.843203,33.649653],[-117.842935,33.650008]]}},{"type":"Feature","properties":{"kind":"tertiary","name":"West Peltason Drive"},"geometry":{"type":"LineString","coordinates":[[-117.845416,33.648919],[-117.845369,33.648926]]}},{"type":"Feature","properties":{"kind":"tertiary","name":"West Peltason Drive"},"geometry":{"type":"LineString","coordinates":[[-117.841858,33.651048],[-117.841983,33.651073],[-117.842151,33.651007],[-117.842574,33.650723]]}},{"type":"Feature","properties":{"kind":"secondary","name":"Campus Drive"},"geometry":{"type":"LineString","coordinates":[[-117.841858,33.651048],[-117.841503,33.650472]]}},{"type":"Feature","properties":{"kind":"secondary","name":"Campus Drive"},"geometry":{"type":"LineString","coordinates":[[-117.843834,33.654365],[-117.844636,33.654968]]}},{"type":"Feature","properties":{"kind":"secondary","name":"Campus Drive"},"geometry":{"type":"LineString","coordinates":[[-117.844636,33.654968],[-117.844761,33.655065]]}},{"type":"Feature","properties":{"kind":"secondary","name":"Campus Drive"},"geometry":{"type":"LineString","coordinates":[[-117.842096,33.651698],[-117.841858,33.651048]]}},{"type":"Feature","properties":{"kind":"primary","name":"University Drive"},"geometry":{"type":"LineString","coordinates":[[-117.847082,33.653066],[-117.847172,33.65301]]}},{"type":"Feature","properties":{"kind":"primary","name":"University Drive"},"geometry":{"type":"LineString","coordinates":[[-117.844021,33.655738],[-117.844175,33.655589]]}},{"type":"Feature","properties":{"kind":"primary","name":"University Drive"},"geometry":{"type":"LineString","coordinates":[[-117.844854,33.654982],[-117.846018,33.653897]]}},{"type":"Feature","properties":{"kind":"primary","name":"University Drive"},"geometry":{"type":"LineString","coordinates":[[-117.846422,33.653556],[-117.847082,33.653066]]}},{"type":"Feature","properties":{"kind":"primary","name":"University Drive"},"geometry":{"type":"LineString","coordinates":[[-117.844175,33.655589],[-117.844761,33.655065]]}},{"type":"Feature","properties":{"kind":"secondary","name":"Campus Drive"},"geometry":{"type":"LineString","coordinates":[[-117.845547,33.655595],[-117.845651,33.655666]]}},{"type":"Feature","properties":{"kind":"secondary","name":"Campus Drive"},"geometry":{"type":"LineString","coordinates":[[-117.844896,33.655128],[-117.844854,33.654982]]}},{"type":"Feature","properties":{"kind":"secondary","name":"Campus Drive"},"geometry":{"type":"LineString","coordinates":[[-117.846929,33.656747],[-117.846093,33.655996]]}},{"type":"Feature","properties":{"kind":"primary","name":"Culver Drive"},"geometry":{"type":"LineString","coordinates":[[-117.825036,33.651093],[-117.825408,33.651678]]}},{"type":"Feature","properties":{"kind":"primary","name":"Culver Drive"},"geometry":{"type":"LineString","coordinates":[[-117.825557,33.651617],[-117.825198,33.651015]]}},{"type":"Feature","properties":{"kind":"primary","name":"Culver Drive"},"geometry":{"type":"LineString","coordinates":[[-117.826349,33.653249],[-117.826662,33.653748]]}},{"type":"Feature","properties":{"kind":"primary","name":"Culver Drive"},"geometry":{"type":"LineString","coordinates":[[-117.826127,33.652569],[-117.825557,33.651617]]}},{"type":"Feature","properties":{"kind":"primary","name":"Culver Drive"},"geometry":{"type":"LineString","coordinates":[[-117.825408,33.651678],[-117.826349,33.653249]]}},{"type":"Feature","properties":{"kind":"primary","name":"University Drive"},"geometry":{"type":"LineString","coordinates":[[-117.847638,33.65255],[-117.847069,33.652907]]}},{"type":"Feature","properties":{"kind":"primary","name":"University Drive"},"geometry":{"type":"LineString","coordinates":[[-117.845253,33.654389],[-117.844724,33.654879]]}},{"type":"Feature","properties":{"kind":"primary","name":"University Drive"},"geometry":{"type":"LineString","coordinates":[[-117.847069,33.652907],[-117.846978,33.652963]]}},{"type":"Feature","properties":{"kind":"tertiary","name":"Bridge Road"},"geometry":{"type":"LineString","coordinates":[[-117.841179,33.651293],[-117.840841,33.651439]]}},{"type":"Feature","properties":{"kind":"tertiary","name":"Bridge Road"},"geometry":{"type":"LineString","coordinates":[[-117.839504,33.652758],[-117.839367,33.652906]]}},{"type":"Feature","properties":{"kind":"tertiary","name":"Bridge Road"},"geometry":{"type":"LineString","coordinates":[[-117.840048,33.652049],[-117.839754,33.652408]]}},{"type":"Feature","properties":{"kind":"tertiary","name":"Bridge Road"},"geometry":{"type":"LineString","coordinates":[[-117.840607,33.651577],[-117.840428,33.651705]]}},{"type":"Feature","properties":{"kind":"tertiary","name":"Bridge Road"},"geometry":{"type":"LineString","coordinates":[[-117.840841,33.651439],[-117.840607,33.651577]]}},{"type":"Feature","properties":{"kind":"tertiary","name":"Bridge Road"},"geometry":{"type":"LineString","coordinates":[[-117.840428,33.651705],[-117.840048,33.652049]]}},{"type":"Feature","properties":{"kind":"tertiary","name":"Bridge Road"},"geometry":{"type":"LineString","coordinates":[[-117.839754,33.652408],[-117.839504,33.652758]]}},{"type":"Feature","properties":{"kind":"tertiary","name":"Harvard Avenue"},"geometry":{"type":"LineString","coordinates":[[-117.83812,33.652972],[-117.838609,33.653433]]}},{"type":"Feature","properties":{"kind":"tertiary","name":"Harvard Avenue"},"geometry":{"type":"LineString","coordinates":[[-117.838609,33.653433],[-117.838956,33.653944]]}},{"type":"Feature","properties":{"kind":"tertiary","name":"Harvard Avenue"},"geometry":{"type":"LineString","coordinates":[[-117.83741,33.652361],[-117.83812,33.652972]]}},{"type":"Feature","properties":{"kind":"tertiary","name":"Harvard Avenue"},"geometry":{"type":"LineString","coordinates":[[-117.839181,33.654699],[-117.839148,33.6552]]}},{"type":"Feature","properties":{"kind":"tertiary","name":"Harvard Avenue"},"geometry":{"type":"LineString","coordinates":[[-117.836871,33.651982],[-117.83741,33.652361]]}},{"type":"Feature","properties":{"kind":"tertiary","name":"Harvard Avenue"},"geometry":{"type":"LineString","coordinates":[[-117.836158,33.651592],[-117.836871,33.651982]]}},{"type":"Feature","properties":{"kind":"tertiary","name":"Harvard Avenue"},"geometry":{"type":"LineString","coordinates":[[-117.838956,33.653944],[-117.839109,33.654301],[-117.839181,33.654699]]}},{"type":"Feature","properties":{"kind":"tertiary","name":"Harvard Avenue"},"geometry":{"type":"LineString","coordinates":[[-117.839148,33.6552],[-117.838914,33.656163],[-117.838814,33.65689]]}},{"type":"Feature","properties":{"kind":"tertiary","name":"California Avenue"},"geometry":{"type":"LineString","coordinates":[[-117.831227,33.651712],[-117.830982,33.651295]]}},{"type":"Feature","properties":{"kind":"tertiary","name":"Harvard Avenue"},"geometry":{"type":"LineString","coordinates":[[-117.83067,33.652029],[-117.831227,33.651712]]}},{"type":"Feature","properties":{"kind":"tertiary","name":"Harvard Avenue"},"geometry":{"type":"LineString","coordinates":[[-117.826662,33.653748],[-117.826797,33.65369]]}},{"type":"Feature","properties":{"kind":"tertiary","name":"Harvard Avenue"},"geometry":{"type":"LineString","coordinates":[[-117.829136,33.652863],[-117.829672,33.652588]]}},{"type":"Feature","properties":{"kind":"tertiary","name":"Harvard Avenue"},"geometry":{"type":"LineString","coordinates":[[-117.830167,33.652319],[-117.83067,33.652029]]}},{"type":"Feature","properties":{"kind":"tertiary","name":"Harvard Avenue"},"geometry":{"type":"LineString","coordinates":[[-117.831227,33.651712],[-117.831866,33.65145]]}},{"type":"Feature","properties":{"kind":"tertiary","name":"Harvard Avenue"},"geometry":{"type":"LineString","coordinates":[[-117.826797,33.65369],[-117.827406,33.653458]]}},{"type":"Feature","properties":{"kind":"tertiary","name":"Harvard Avenue"},"geometry":{"type":"LineString","coordinates":[[-117.829672,33.652588],[-117.830167,33.652319]]}},{"type":"Feature","properties":{"kind":"residential","name":"Cervantes Court"},"geometry":{"type":"LineString","coordinates":[[-117.832285,33.63701],[-117.831722,33.63585]]}},{"type":"Feature","properties":{"kind":"residential","name":"Cervantes Court"},"geometry":{"type":"LineString","coordinates":[[-117.831869,33.63717],[-117.831294,33.635989]]}},{"type":"Feature","properties":{"kind":"residential","name":"Cervantes Court"},"geometry":{"type":"LineString","coordinates":[[-117.832709,33.636869],[-117.832165,33.635701]]}},{"type":"Feature","properties":{"kind":"footway","name":""},"geometry":{"type":"LineString","coordinates":[[-117.836305,33.643407],[-117.836207,33.643245],[-117.836387,33.643108],[-117.836442,33.642914]]}},{"type":"Feature","properties":{"kind":"service","name":""},"geometry":{"type":"LineString","coordinates":[[-117.833415,33.641974],[-117.833929,33.642116]]}},{"type":"Feature","properties":{"kind":"service","name":""},"geometry":{"type":"LineString","coordinates":[[-117.833929,33.642116],[-117.8341,33.641694]]}},{"type":"Feature","properties":{"kind":"service","name":""},"geometry":{"type":"LineString","coordinates":[[-117.8341,33.641694],[-117.833968,33.641655],[-117.833932,33.64173],[-117.833609,33.641633],[-117.833682,33.641468],[-117.833997,33.641577],[-117.833968,33.641655]]}},{"type":"Feature","properties":{"kind":"service","name":""},"geometry":{"type":"LineString","coordinates":[[-117.8341,33.641694],[-117.834514,33.641836],[-117.834429,33.642006],[-117.834027,33.64188]]}},{"type":"Feature","properties":{"kind":"service","name":""},"geometry":{"type":"LineString","coordinates":[[-117.833929,33.642116],[-117.833773,33.642457],[-117.833668,33.642463],[-117.833595,33.642415],[-117.833746,33.642063]]}},{"type":"Feature","properties":{"kind":"service","name":""},"geometry":{"type":"LineString","coordinates":[[-117.834839,33.643128],[-117.834909,33.642946],[-117.834785,33.642628]]}},{"type":"Feature","properties":{"kind":"service","name":""},"geometry":{"type":"LineString","coordinates":[[-117.834785,33.642628],[-117.835142,33.64252],[-117.835301,33.642842],[-117.835442,33.642828],[-117.835367,33.642552],[-117.835197,33.642603]]}},{"type":"Feature","properties":{"kind":"service","name":""},"geometry":{"type":"LineString","coordinates":[[-117.835142,33.64252],[-117.835012,33.642206],[-117.83482,33.642265],[-117.834957,33.642574]]}},{"type":"Feature","properties":{"kind":"service","name":""},"geometry":{"type":"LineString","coordinates":[[-117.834785,33.642628],[-117.834281,33.64277],[-117.834209,33.642621],[-117.834517,33.642531],[-117.834585,33.642684]]}},{"type":"Feature","properties":{"kind":"waterway:stream","name":"San Diego Creek"},"geometry":{"type":"LineString","coordinates":[[-117.756257,33.651101],[-117.756517,33.651578],[-117.756845,33.653216],[-117.757049,33.653537],[-117.757689,33.653914],[-117.760228,33.654965],[-117.761716,33.655298],[-117.76209,33.65544],[-117.762745,33.655739],[-117.763886,33.656482],[-117.764549,33.657131],[-117.765476,33.658297],[-117.766464,33.660048],[-117.767005,33.660862],[-117.767315,33.661157],[-117.769707,33.662825],[-117.771162,33.663535],[-117.772523,33.664534],[-117.773043,33.665095],[-117.773368,33.665736],[-117.773898,33.666339],[-117.775698,33.667455],[-117.777933,33.668488],[-117.779489,33.669468],[-117.780385,33.670322],[-117.781152,33.67069],[-117.782383,33.670816],[-117.78396,33.67061],[-117.785204,33.670616],[-117.786228,33.670888],[-117.788291,33.671877],[-117.789525,33.672738],[-117.791617,33.673809],[-117.79267,33.674098],[-117.79382,33.67425],[-117.795265,33.674322],[-117.796603,33.67456],[-117.798052,33.675099],[-117.800501,33.676459],[-117.804879,33.679788],[-117.805757,33.680268],[-117.807021,33.68062],[-117.808601,33.68118],[-117.810043,33.682049],[-117.81424,33.684863],[-117.818561,33.687923],[-117.820931,33.689488],[-117.821965,33.68972],[-117.822591,33.68978],[-117.823359,33.689753],[-117.824365,33.689573],[-117.82537,33.689202],[-117.825858,33.688921],[-117.833183,33.681618],[-117.83414,33.680729],[-117.834656,33.680065],[-117.835073,33.67924],[-117.835513,33.677985],[-117.835649,33.677155],[-117.835925,33.673594],[-117.836075,33.672727],[-117.836022,33.670324],[-117.835735,33.666659],[-117.835763,33.665677],[-117.83611,33.664603],[-117.836748,33.663823],[-117.837095,33.663258],[-117.838856,33.661388],[-117.839954,33.660437],[-117.842164,33.658186],[-117.843311,33.657328],[-117.844351,33.656343],[-117.844761,33.655858],[-117.846932,33.653843],[-117.849479,33.652482],[-117.850995,33.651928],[-117.852291,33.651615],[-117.853038,33.651504],[-117.85438,33.651434],[-117.858025,33.651459],[-117.858941,33.651339],[-117.859851,33.651367],[-117.860893,33.6513],[-117.863756,33.651401],[-117.864806,33.651317],[-117.867076,33.650748],[-117.872924,33.648983],[-117.877473,33.648511],[-117.88022,33.648611],[-117.881936,33.648254],[-117.883653,33.647439],[-117.885198,33.646296],[-117.886556,33.645177],[-117.887464,33.64421],[-117.888066,33.643084],[-117.888667,33.641607],[-117.888893,33.640746],[-117.889121,33.638753],[-117.889294,33.63803],[-117.889596,33.637396],[-117.890168,33.636446],[-117.890359,33.635961],[-117.890414,33.635296],[-117.890331,33.634949],[-117.889913,33.634265],[-117.887701,33.632257],[-117.887229,33.631756],[-117.88687,33.631149],[-117.886251,33.628746],[-117.886251,33.62828],[-117.886395,33.627931],[-117.886709,33.627474],[-117.887067,33.627148],[-117.887549,33.626935],[-117.888222,33.626751],[-117.888993,33.626638],[-117.890451,33.626216],[-117.89112,33.625962],[-117.891704,33.625601],[-117.892425,33.624815],[-117.892974,33.622242],[-117.893712,33.621284],[-117.89413,33.62098],[-117.89466,33.620785],[-117.895404,33.620676],[-117.900373,33.620856],[-117.902158,33.620684],[-117.903068,33.620155],[-117.90384,33.619183],[-117.905179,33.61611],[-117.906312,33.612922],[-117.906504,33.612081],[-117.906642,33.610479],[-117.906144,33.609908],[-117.901337,33.606462],[-117.898831,33.604003],[-117.895741,33.603217],[-117.889287,33.60213],[-117.884377,33.600743],[-117.881957,33.599671],[-117.881476,33.59907],[-117.878317,33.588717]]}},{"type":"Feature","properties":{"kind":"cycleway","name":""},"geometry":{"type":"LineString","coordinates":[[-117.837067,33.644766],[-117.836984,33.644016],[-117.837046,33.643947],[-117.837051,33.643721],[-117.837225,33.64339]]}},{"type":"Feature","properties":{"kind":"cycleway","name":""},"geometry":{"type":"LineString","coordinates":[[-117.832756,33.645914],[-117.832782,33.64624],[-117.833014,33.64644]]}},{"type":"Feature","properties":{"kind":"service","name":""},"geometry":{"type":"LineString","coordinates":[[-117.837125,33.645581],[-117.837273,33.645528]]}},{"type":"Feature","properties":{"kind":"service","name":"Rockview Drive"},"geometry":{"type":"LineString","coordinates":[[-117.821004,33.653921],[-117.821266,33.653829]]}},{"type":"Feature","properties":{"kind":"service","name":"Rockview Drive"},"geometry":{"type":"LineString","coordinates":[[-117.821266,33.653829],[-117.821427,33.654106]]}},{"type":"Feature","properties":{"kind":"service","name":"Rockview Drive"},"geometry":{"type":"LineString","coordinates":[[-117.821427,33.654106],[-117.821192,33.6542]]}},{"type":"Feature","properties":{"kind":"footway","name":""},"geometry":{"type":"LineString","coordinates":[[-117.833419,33.649129],[-117.833433,33.649909]]}},{"type":"Feature","properties":{"kind":"footway","name":""},"geometry":{"type":"LineString","coordinates":[[-117.832636,33.649653],[-117.833123,33.649942],[-117.833328,33.651009]]}},{"type":"Feature","properties":{"kind":"footway","name":""},"geometry":{"type":"LineString","coordinates":[[-117.833123,33.649942],[-117.833677,33.649934]]}},{"type":"Feature","properties":{"kind":"service","name":""},"geometry":{"type":"LineString","coordinates":[[-117.837014,33.639923],[-117.836247,33.640195],[-117.836128,33.640432]]}},{"type":"Feature","properties":{"kind":"service","name":""},"geometry":{"type":"LineString","coordinates":[[-117.836869,33.640069],[-117.836785,33.640192],[-117.836584,33.640065]]}},{"type":"Feature","properties":{"kind":"service","name":""},"geometry":{"type":"LineString","coordinates":[[-117.836128,33.640432],[-117.835949,33.640386],[-117.835889,33.64025],[-117.835945,33.640117],[-117.836247,33.640195]]}},{"type":"Feature","properties":{"kind":"service","name":""},"geometry":{"type":"LineString","coordinates":[[-117.827692,33.650585],[-117.827119,33.650707]]}},{"type":"Feature","properties":{"kind":"service","name":""},"geometry":{"type":"LineString","coordinates":[[-117.827791,33.65075],[-117.827133,33.650878],[-117.827188,33.65104],[-117.827839,33.650906],[-117.827791,33.65075]]}},{"type":"Feature","properties":{"kind":"service","name":""},"geometry":{"type":"LineString","coordinates":[[-117.827351,33.650481],[-117.827461,33.650817]]}},{"type":"Feature","properties":{"kind":"service","name":""},"geometry":{"type":"LineString","coordinates":[[-117.833854,33.649498],[-117.833851,33.649224]]}},{"type":"Feature","properties":{"kind":"service","name":""},"geometry":{"type":"LineString","coordinates":[[-117.83454,33.650381],[-117.834449,33.650695],[-117.834616,33.650729],[-117.834806,33.650238],[-117.834849,33.649843],[-117.834763,33.649742],[-117.834254,33.64953],[-117.833502,33.649481]]}},{"type":"Feature","properties":{"kind":"service","name":""},"geometry":{"type":"LineString","coordinates":[[-117.835008,33.650298],[-117.834806,33.650238]]}},{"type":"Feature","properties":{"kind":"service","name":""},"geometry":{"type":"LineString","coordinates":[[-117.834986,33.650393],[-117.834767,33.650368]]}},{"type":"Feature","properties":{"kind":"footway","name":""},"geometry":{"type":"LineString","coordinates":[[-117.840701,33.642716],[-117.840805,33.643009]]}},{"type":"Feature","properties":{"kind":"footway","name":""},"geometry":{"type":"LineString","coordinates":[[-117.839029,33.643566],[-117.838997,33.643356],[-117.839142,33.642874],[-117.839491,33.642899],[-117.840353,33.642796],[-117.84175,33.642461],[-117.841869,33.642522],[-117.841847,33.642698],[-117.8419,33.642728]]}},{"type":"Feature","properties":{"kind":"footway","name":""},"geometry":{"type":"LineString","coordinates":[[-117.834011,33.640178],[-117.83389,33.6404]]}},{"type":"Feature","properties":{"kind":"service","name":""},"geometry":{"type":"LineString","coordinates":[[-117.836154,33.639292],[-117.836055,33.639704]]}},{"type":"Feature","properties":{"kind":"footway","name":""},"geometry":{"type":"LineString","coordinates":[[-117.836199,33.639345],[-117.836176,33.639469],[-117.83623,33.639477],[-117.836149,33.639736]]}},{"type":"Feature","properties":{"kind":"footway","name":""},"geometry":{"type":"LineString","coordinates":[[-117.837557,33.641247],[-117.837592,33.641152],[-117.837982,33.64117],[-117.837881,33.641887],[-117.838109,33.641996]]}},{"type":"Feature","properties":{"kind":"footway","name":""},"geometry":{"type":"LineString","coordinates":[[-117.838109,33.641996],[-117.838138,33.642051],[-117.838328,33.642075],[-117.838327,33.642027],[-117.838733,33.641885]]}},{"type":"Feature","properties":{"kind":"footway","name":""},"geometry":{"type":"LineString","coordinates":[[-117.839599,33.641938],[-117.839722,33.641916],[-117.839729,33.641739]]}},{"type":"Feature","properties":{"kind":"footway","name":""},"geometry":{"type":"LineString","coordinates":[[-117.839722,33.641916],[-117.839765,33.64203],[-117.839626,33.642138],[-117.839536,33.642103]]}},{"type":"Feature","properties":{"kind":"footway","name":""},"geometry":{"type":"LineString","coordinates":[[-117.83977,33.642007],[-117.839848,33.642011],[-117.839973,33.642158]]}},{"type":"Feature","properties":{"kind":"footway","name":""},"geometry":{"type":"LineString","coordinates":[[-117.83985,33.642014],[-117.839981,33.64195]]}},{"type":"Feature","properties":{"kind":"footway","name":""},"geometry":{"type":"LineString","coordinates":[[-117.840523,33.640569],[-117.840664,33.640615]]}},{"type":"Feature","properties":{"kind":"footway","name":""},"geometry":{"type":"LineString","coordinates":[[-117.841848,33.642186],[-117.841766,33.642295],[-117.840282,33.642642],[-117.839764,33.642703],[-117.83912,33.642693],[-117.837896,33.642434],[-117.837413,33.642393],[-117.83739,33.642193],[-117.837557,33.641247]]}},{"type":"Feature","properties":{"kind":"footway","name":""},"geometry":{"type":"LineString","coordinates":[[-117.840726,33.642796],[-117.840547,33.642856]]}},{"type":"Feature","properties":{"kind":"footway","name":""},"geometry":{"type":"LineString","coordinates":[[-117.840353,33.642796],[-117.840427,33.642878]]}},{"type":"Feature","properties":{"kind":"footway","name":""},"geometry":{"type":"LineString","coordinates":[[-117.841272,33.643307],[-117.841718,33.643028],[-117.842052,33.642945]]}},{"type":"Feature","properties":{"kind":"footway","name":""},"geometry":{"type":"LineString","coordinates":[[-117.842052,33.642945],[-117.842217,33.643027],[-117.842262,33.643173],[-117.842439,33.643178],[-117.842572,33.643293],[-117.842593,33.643591]]}},{"type":"Feature","properties":{"kind":"footway","name":""},"geometry":{"type":"LineString","coordinates":[[-117.842572,33.643293],[-117.84284,33.643342]]}},{"type":"Feature","properties":{"kind":"footway","name":""},"geometry":{"type":"LineString","coordinates":[[-117.84156,33.642941],[-117.841588,33.643009],[-117.841239,33.643212],[-117.841272,33.643307]]}},{"type":"Feature","properties":{"kind":"footway","name":""},"geometry":{"type":"LineString","coordinates":[[-117.830381,33.639271],[-117.831037,33.639577],[-117.832454,33.639972],[-117.833718,33.640614]]}},{"type":"Feature","properties":{"kind":"footway","name":""},"geometry":{"type":"LineString","coordinates":[[-117.83735,33.636109],[-117.837019,33.636197],[-117.836219,33.636587]]}},{"type":"Feature","properties":{"kind":"footway","name":""},"geometry":{"type":"LineString","coordinates":[[-117.836423,33.636504],[-117.836273,33.636457],[-117.836074,33.636285]]}},{"type":"Feature","properties":{"kind":"footway","name":""},"geometry":{"type":"LineString","coordinates":[[-117.836098,33.636614],[-117.836092,33.636499],[-117.835958,33.636402]]}},{"type":"Feature","properties":{"kind":"footway","name":""},"geometry":{"type":"LineString","coordinates":[[-117.835733,33.636548],[-117.835469,33.636372]]}},{"type":"Feature","properties":{"kind":"footway","name":""},"geometry":{"type":"LineString","coordinates":[[-117.836515,33.63662],[-117.836253,33.636786],[-117.835954,33.636815],[-117.83537,33.637029],[-117.835556,33.637243],[-117.835552,33.637525],[-117.835788,33.637742],[-117.835996,33.638063],[-117.83604,33.638336],[-117.836272,33.638868],[-117.836752,33.63943]]}},{"type":"Feature","properties":{"kind":"footway","name":""},"geometry":{"type":"LineString","coordinates":[[-117.833434,33.641102],[-117.832879,33.640838],[-117.83237,33.640704],[-117.832159,33.641269],[-117.832401,33.641389],[-117.832331,33.641677]]}},{"type":"Feature","properties":{"kind":"footway","name":""},"geometry":{"type":"LineString","coordinates":[[-117.832159,33.641269],[-117.831819,33.641141],[-117.831608,33.64113],[-117.831518,33.641248],[-117.831581,33.641461]]}},{"type":"Feature","properties":{"kind":"footway","name":""},"geometry":{"type":"LineString","coordinates":[[-117.831394,33.64104],[-117.830711,33.640698],[-117.830676,33.64076],[-117.830421,33.640765],[-117.83046,33.64098],[-117.830604,33.640973],[-117.830995,33.641119],[-117.830945,33.641243],[-117.831119,33.641333]]}},{"type":"Feature","properties":{"kind":"footway","name":""},"geometry":{"type":"LineString","coordinates":[[-117.831394,33.64104],[-117.831814,33.640576]]}},{"type":"Feature","properties":{"kind":"footway","name":""},"geometry":{"type":"LineString","coordinates":[[-117.831814,33.640576],[-117.832128,33.640718]]}},{"type":"Feature","properties":{"kind":"footway","name":""},"geometry":{"type":"LineString","coordinates":[[-117.831814,33.640576],[-117.831838,33.640535],[-117.83172,33.640489],[-117.83162,33.64053],[-117.831339,33.64041],[-117.83105,33.640842]]}},{"type":"Feature","properties":{"kind":"footway","name":""},"geometry":{"type":"LineString","coordinates":[[-117.832599,33.641419],[-117.832674,33.641123]]}},{"type":"Feature","properties":{"kind":"footway","name":""},"geometry":{"type":"LineString","coordinates":[[-117.832331,33.641677],[-117.832221,33.641773],[-117.832104,33.642066],[-117.832406,33.642136],[-117.833015,33.642439],[-117.83293,33.642653],[-117.832213,33.642429],[-117.832285,33.642212]]}},{"type":"Feature","properties":{"kind":"footway","name":""},"geometry":{"type":"LineString","coordinates":[[-117.832012,33.642144],[-117.832125,33.641747],[-117.832017,33.641611]]}},{"type":"Feature","properties":{"kind":"footway","name":""},"geometry":{"type":"LineString","coordinates":[[-117.831686,33.642563],[-117.831625,33.642626],[-117.831336,33.642569],[-117.831213,33.642675],[-117.831193,33.642796],[-117.830792,33.642742],[-117.830755,33.642891],[-117.830595,33.642843],[-117.830523,33.642925]]}},{"type":"Feature","properties":{"kind":"footway","name":""},"geometry":{"type":"LineString","coordinates":[[-117.833838,33.640685],[-117.834308,33.640909],[-117.835339,33.641684],[-117.836229,33.642755],[-117.835675,33.6433],[-117.835572,33.643332],[-117.834962,33.643099],[-117.835049,33.64291],[-117.834946,33.642676],[-117.834869,33.642547],[-117.834752,33.642527],[-117.83459,33.64226]]}},{"type":"Feature","properties":{"kind":"footway","name":""},"geometry":{"type":"LineString","coordinates":[[-117.836499,33.642554],[-117.836241,33.642722],[-117.836442,33.642914],[-117.836653,33.642792],[-117.836499,33.642554]]}},{"type":"Feature","properties":{"kind":"footway","name":""},"geometry":{"type":"LineString","coordinates":[[-117.832417,33.64071],[-117.832383,33.640818],[-117.832547,33.640894]]}},{"type":"Feature","properties":{"kind":"footway","name":""},"geometry":{"type":"LineString","coordinates":[[-117.832614,33.641365],[-117.83258,33.641218],[-117.832453,33.641176]]}},{"type":"Feature","properties":{"kind":"footway","name":""},"geometry":{"type":"LineString","coordinates":[[-117.838804,33.638722],[-117.838883,33.638911],[-117.838781,33.639067],[-117.837805,33.639414],[-117.837406,33.639636],[-117.837211,33.639671],[-117.837168,33.639789],[-117.837243,33.639863],[-117.837388,33.639844],[-117.837468,33.639736],[-117.837936,33.639509],[-117.838165,33.639795],[-117.838408,33.639967],[-117.83906,33.640087],[-117.839254,33.640041],[-117.839275,33.639935],[-117.839135,33.639827],[-117.838817,33.639944],[-117.838444,33.639849],[-117.838296,33.639755],[-117.838099,33.639483],[-117.838142,33.639409],[-117.838772,33.639202],[-117.838941,33.639092],[-117.839017,33.638903],[-117.838985,33.638676]]}},{"type":"Feature","properties":{"kind":"footway","name":""},"geometry":{"type":"LineString","coordinates":[[-117.839566,33.640397],[-117.839689,33.640495],[-117.839633,33.640608],[-117.838781,33.640656],[-117.83866,33.641144],[-117.838877,33.641239],[-117.839405,33.641282],[-117.839634,33.641259],[-117.839799,33.641159]]}},{"type":"Feature","properties":{"kind":"footway","name":""},"geometry":{"type":"LineString","coordinates":[[-117.839799,33.641159],[-117.839939,33.641227],[-117.839868,33.641371],[-117.839189,33.641396],[-117.838136,33.641176],[-117.838054,33.641872]]}},{"type":"Feature","properties":{"kind":"service","name":""},"geometry":{"type":"LineString","coordinates":[[-117.845435,33.641948],[-117.845208,33.641849],[-117.845043,33.641652]]}},{"type":"Feature","properties":{"kind":"footway","name":""},"geometry":{"type":"LineString","coordinates":[[-117.838038,33.640645],[-117.837502,33.640799]]}},{"type":"Feature","properties":{"kind":"footway","name":""},"geometry":{"type":"LineString","coordinates":[[-117.837577,33.640791],[-117.837576,33.640938],[-117.837673,33.64096]]}},{"type":"Feature","properties":{"kind":"footway","name":""},"geometry":{"type":"LineString","coordinates":[[-117.837848,33.640772],[-117.837914,33.640923],[-117.83786,33.640958]]}},{"type":"Feature","properties":{"kind":"footway","name":""},"geometry":{"type":"LineString","coordinates":[[-117.837883,33.64077],[-117.837866,33.640717]]}},{"type":"Feature","properties":{"kind":"footway","name":""},"geometry":{"type":"LineString","coordinates":[[-117.836653,33.642792],[-117.837277,33.642577]]}},{"type":"Feature","properties":{"kind":"footway","name":""},"geometry":{"type":"LineString","coordinates":[[-117.837277,33.642577],[-117.837857,33.642586],[-117.838959,33.642843]]}},{"type":"Feature","properties":{"kind":"footway","name":""},"geometry":{"type":"LineString","coordinates":[[-117.838737,33.642798],[-117.838668,33.643007],[-117.838543,33.642974]]}},{"type":"Feature","properties":{"kind":"footway","name":""},"geometry":{"type":"LineString","coordinates":[[-117.837548,33.642807],[-117.837303,33.642702],[-117.837508,33.642556]]}},{"type":"Feature","properties":{"kind":"footway","name":""},"geometry":{"type":"LineString","coordinates":[[-117.837307,33.642726],[-117.837211,33.642766]]}},{"type":"Feature","properties":{"kind":"footway","name":""},"geometry":{"type":"LineString","coordinates":[[-117.839595,33.642875],[-117.839677,33.642956]]}},{"type":"Feature","properties":{"kind":"footway","name":""},"geometry":{"type":"LineString","coordinates":[[-117.838453,33.64218],[-117.838413,33.642156],[-117.838571,33.642005],[-117.838833,33.642127],[-117.838813,33.642246],[-117.838712,33.642317],[-117.838558,33.642257]]}},{"type":"Feature","properties":{"kind":"footway","name":""},"geometry":{"type":"LineString","coordinates":[[-117.838668,33.642028],[-117.838723,33.641969]]}},{"type":"Feature","properties":{"kind":"footway","name":""},"geometry":{"type":"LineString","coordinates":[[-117.838833,33.642127],[-117.838897,33.641979]]}},{"type":"Feature","properties":{"kind":"footway","name":""},"geometry":{"type":"LineString","coordinates":[[-117.838847,33.64211],[-117.83922,33.642221],[-117.8392,33.642366],[-117.839072,33.642394]]}},{"type":"Feature","properties":{"kind":"footway","name":""},"geometry":{"type":"LineString","coordinates":[[-117.83922,33.642221],[-117.83956,33.642245],[-117.839626,33.642138]]}},{"type":"Feature","properties":{"kind":"footway","name":""},"geometry":{"type":"LineString","coordinates":[[-117.83956,33.642245],[-117.839759,33.642355]]}},{"type":"Feature","properties":{"kind":"footway","name":""},"geometry":{"type":"LineString","coordinates":[[-117.839364,33.642217],[-117.839397,33.642102]]}},{"type":"Feature","properties":{"kind":"footway","name":""},"geometry":{"type":"LineString","coordinates":[[-117.838064,33.640994],[-117.838166,33.641072],[-117.838511,33.641111]]}},{"type":"Feature","properties":{"kind":"footway","name":""},"geometry":{"type":"LineString","coordinates":[[-117.838038,33.640645],[-117.838209,33.640674],[-117.838212,33.641012],[-117.838415,33.641022]]}},{"type":"Feature","properties":{"kind":"footway","name":""},"geometry":{"type":"LineString","coordinates":[[-117.83811,33.640993],[-117.838207,33.640985]]}},{"type":"Feature","properties":{"kind":"footway","name":""},"geometry":{"type":"LineString","coordinates":[[-117.838201,33.640806],[-117.838053,33.640817]]}},{"type":"Feature","properties":{"kind":"footway","name":""},"geometry":{"type":"LineString","coordinates":[[-117.838209,33.640674],[-117.838504,33.640723],[-117.838474,33.640641]]}},{"type":"Feature","properties":{"kind":"footway","name":""},"geometry":{"type":"LineString","coordinates":[[-117.838142,33.640643],[-117.838292,33.640398],[-117.838521,33.640419],[-117.83854,33.640482]]}},{"type":"Feature","properties":{"kind":"footway","name":""},"geometry":{"type":"LineString","coordinates":[[-117.838052,33.640547],[-117.83815,33.640583]]}},{"type":"Feature","properties":{"kind":"footway","name":""},"geometry":{"type":"LineString","coordinates":[[-117.838931,33.637471],[-117.838733,33.637516]]}},{"type":"Feature","properties":{"kind":"footway","name":""},"geometry":{"type":"LineString","coordinates":[[-117.838931,33.637471],[-117.838717,33.637972],[-117.838392,33.637952],[-117.838098,33.637719],[-117.837818,33.637252]]}},{"type":"Feature","properties":{"kind":"footway","name":""},"geometry":{"type":"LineString","coordinates":[[-117.83858,33.637487],[-117.838569,33.637507]]}},{"type":"Feature","properties":{"kind":"footway","name":""},"geometry":{"type":"LineString","coordinates":[[-117.838178,33.637428],[-117.838195,33.637444]]}},{"type":"Feature","properties":{"kind":"footway","name":""},"geometry":{"type":"LineString","coordinates":[[-117.837818,33.637252],[-117.837523,33.636721],[-117.837336,33.636629],[-117.836578,33.637078],[-117.835746,33.637267],[-117.835668,33.637332],[-117.835734,33.637473],[-117.835874,33.637469],[-117.836107,33.637281],[-117.836634,33.637173],[-117.837081,33.636874],[-117.837319,33.636789],[-117.837425,33.636837],[-117.837694,33.637359],[-117.83744,33.637473],[-117.837093,33.637864],[-117.836427,33.637993],[-117.83621,33.637965],[-117.836116,33.638064],[-117.836153,33.638155],[-117.836287,33.638183],[-117.837365,33.637896],[-117.837511,33.637785],[-117.837508,33.637578],[-117.837716,33.637483],[-117.837781,33.637489],[-117.83822,33.638056],[-117.837938,33.638352],[-117.837057,33.638702],[-117.836758,33.638729],[-117.836728,33.638841],[-117.836819,33.638912],[-117.838088,33.638402],[-117.838357,33.638084],[-117.838699,33.638121]]}},{"type":"Feature","properties":{"kind":"footway","name":""},"geometry":{"type":"LineString","coordinates":[[-117.836744,33.638748],[-117.836537,33.638525],[-117.836179,33.638697]]}},{"type":"Feature","properties":{"kind":"footway","name":""},"geometry":{"type":"LineString","coordinates":[[-117.838931,33.637471],[-117.839231,33.636816],[-117.838904,33.636733],[-117.838675,33.636966],[-117.838496,33.63698],[-117.838157,33.636818],[-117.838064,33.636621]]}},{"type":"Feature","properties":{"kind":"footway","name":""},"geometry":{"type":"LineString","coordinates":[[-117.838898,33.636619],[-117.839282,33.636703],[-117.839336,33.636402],[-117.839203,33.635962],[-117.83888,33.635627]]}},{"type":"Feature","properties":{"kind":"footway","name":""},"geometry":{"type":"LineString","coordinates":[[-117.83888,33.635627],[-117.83858,33.63589],[-117.83777,33.636302],[-117.837767,33.636498],[-117.838064,33.636621]]}},{"type":"Feature","properties":{"kind":"footway","name":""},"geometry":{"type":"LineString","coordinates":[[-117.837135,33.636331],[-117.836515,33.63662]]}},{"type":"Feature","properties":{"kind":"footway","name":""},"geometry":{"type":"LineString","coordinates":[[-117.837564,33.636785],[-117.837748,33.636351]]}},{"type":"Feature","properties":{"kind":"footway","name":""},"geometry":{"type":"LineString","coordinates":[[-117.84198,33.642665],[-117.842048,33.642415],[-117.84295,33.642229]]}},{"type":"Feature","properties":{"kind":"footway","name":""},"geometry":{"type":"LineString","coordinates":[[-117.84295,33.642229],[-117.843363,33.642084]]}},{"type":"Feature","properties":{"kind":"footway","name":""},"geometry":{"type":"LineString","coordinates":[[-117.843363,33.642084],[-117.843545,33.6423],[-117.843542,33.642436]]}},{"type":"Feature","properties":{"kind":"footway","name":""},"geometry":{"type":"LineString","coordinates":[[-117.843527,33.64199],[-117.844306,33.641729],[-117.845602,33.641673],[-117.846518,33.641512]]}},{"type":"Feature","properties":{"kind":"footway","name":""},"geometry":{"type":"LineString","coordinates":[[-117.846518,33.641512],[-117.84696,33.641438],[-117.84752,33.641464],[-117.84788,33.641555],[-117.84824,33.641736],[-117.848698,33.642135],[-117.848862,33.642374],[-117.849036,33.64295],[-117.848981,33.643051],[-117.848766,33.643122],[-117.848057,33.643228],[-117.846948,33.643213]]}},{"type":"Feature","properties":{"kind":"footway","name":""},"geometry":{"type":"LineString","coordinates":[[-117.841466,33.641301],[-117.841501,33.641227],[-117.841816,33.641148],[-117.842016,33.641015],[-117.842393,33.640974],[-117.842484,33.641032],[-117.842719,33.641464],[-117.842444,33.641752],[-117.842211,33.641804],[-117.841928,33.641965]]}},{"type":"Feature","properties":{"kind":"footway","name":""},"geometry":{"type":"LineString","coordinates":[[-117.836642,33.641789],[-117.836555,33.641709],[-117.836238,33.641699],[-117.836139,33.641595],[-117.835845,33.641705]]}},{"type":"Feature","properties":{"kind":"footway","name":""},"geometry":{"type":"LineString","coordinates":[[-117.836642,33.641789],[-117.836642,33.641933],[-117.836507,33.641953],[-117.836419,33.641836],[-117.836461,33.641718]]}},{"type":"Feature","properties":{"kind":"footway","name":""},"geometry":{"type":"LineString","coordinates":[[-117.836463,33.641562],[-117.836502,33.641699]]}},{"type":"Feature","properties":{"kind":"footway","name":""},"geometry":{"type":"LineString","coordinates":[[-117.836613,33.641749],[-117.836738,33.641634],[-117.836708,33.641377]]}},{"type":"Feature","properties":{"kind":"footway","name":""},"geometry":{"type":"LineString","coordinates":[[-117.836624,33.641948],[-117.836694,33.642211],[-117.836516,33.642291],[-117.83649,33.642388]]}},{"type":"Feature","properties":{"kind":"footway","name":""},"geometry":{"type":"LineString","coordinates":[[-117.836694,33.642211],[-117.836956,33.642186]]}},{"type":"Feature","properties":{"kind":"footway","name":""},"geometry":{"type":"LineString","coordinates":[[-117.836507,33.641953],[-117.836427,33.642059]]}},{"type":"Feature","properties":{"kind":"footway","name":""},"geometry":{"type":"LineString","coordinates":[[-117.836611,33.642056],[-117.836486,33.642014]]}},{"type":"Feature","properties":{"kind":"footway","name":""},"geometry":{"type":"LineString","coordinates":[[-117.836282,33.641829],[-117.836084,33.641958]]}},{"type":"Feature","properties":{"kind":"footway","name":""},"geometry":{"type":"LineString","coordinates":[[-117.841797,33.643657],[-117.841803,33.643483]]}},{"type":"Feature","properties":{"kind":"footway","name":""},"geometry":{"type":"LineString","coordinates":[[-117.842283,33.64387],[-117.842495,33.643839],[-117.842816,33.643675]]}},{"type":"Feature","properties":{"kind":"service","name":""},"geometry":{"type":"LineString","coordinates":[[-117.852273,33.642417],[-117.852726,33.642048],[-117.852942,33.641967]]}},{"type":"Feature","properties":{"kind":"cycleway","name":""},"geometry":{"type":"LineString","coordinates":[[-117.852851,33.64183],[-117.851681,33.642769]]}},{"type":"Feature","properties":{"kind":"service","name":""},"geometry":{"type":"LineString","coordinates":[[-117.82111,33.650767],[-117.821097,33.651087]]}},{"type":"Feature","properties":{"kind":"service","name":""},"geometry":{"type":"LineString","coordinates":[[-117.846564,33.641697],[-117.846504,33.641475]]}},{"type":"Feature","properties":{"kind":"unclassified","name":"Michael Drake Drive"},"geometry":{"type":"LineString","coordinates":[[-117.848506,33.643228],[-117.847925,33.643279],[-117.847265,33.643238],[-117.846706,33.643322],[-117.846248,33.643536],[-117.845904,33.643853]]}},{"type":"Feature","properties":{"kind":"service","name":""},"geometry":{"type":"LineString","coordinates":[[-117.846514,33.644951],[-117.846256,33.644365]]}},{"type":"Feature","properties":{"kind":"service","name":""},"geometry":{"type":"LineString","coordinates":[[-117.846316,33.644954],[-117.846102,33.644488]]}},{"type":"Feature","properties":{"kind":"service","name":""},"geometry":{"type":"LineString","coordinates":[[-117.840874,33.650358],[-117.840854,33.650228],[-117.840605,33.650013],[-117.84046,33.650061],[-117.840439,33.650154]]}},{"type":"Feature","properties":{"kind":"service","name":""},"geometry":{"type":"LineString","coordinates":[[-117.839831,33.649831],[-117.839477,33.650043]]}},{"type":"Feature","properties":{"kind":"service","name":""},"geometry":{"type":"LineString","coordinates":[[-117.840045,33.650149],[-117.840218,33.650034],[-117.840294,33.649868],[-117.839786,33.649492],[-117.839707,33.649498],[-117.839524,33.6497],[-117.839526,33.649852]]}},{"type":"Feature","properties":{"kind":"service","name":""},"geometry":{"type":"LineString","coordinates":[[-117.839259,33.651407],[-117.839253,33.651799]]}},{"type":"Feature","properties":{"kind":"service","name":""},"geometry":{"type":"LineString","coordinates":[[-117.83902,33.651235],[-117.839259,33.651407]]}},{"type":"Feature","properties":{"kind":"service","name":""},"geometry":{"type":"LineString","coordinates":[[-117.840902,33.650357],[-117.840431,33.650358]]}},{"type":"Feature","properties":{"kind":"service","name":""},"geometry":{"type":"LineString","coordinates":[[-117.840618,33.650682],[-117.840741,33.651111],[-117.841164,33.650947]]}},{"type":"Feature","properties":{"kind":"service","name":""},"geometry":{"type":"LineString","coordinates":[[-117.838355,33.648717],[-117.837923,33.649294]]}},{"type":"Feature","properties":{"kind":"service","name":""},"geometry":{"type":"LineString","coordinates":[[-117.838355,33.648717],[-117.838048,33.648519],[-117.837937,33.648569]]}},{"type":"Feature","properties":{"kind":"service","name":""},"geometry":{"type":"LineString","coordinates":[[-117.837828,33.64885],[-117.83814,33.649005]]}},{"type":"Feature","properties":{"kind":"service","name":""},"geometry":{"type":"LineString","coordinates":[[-117.83814,33.649005],[-117.838675,33.649295]]}},{"type":"Feature","properties":{"kind":"service","name":""},"geometry":{"type":"LineString","coordinates":[[-117.845435,33.641948],[-117.845774,33.642089],[-117.845903,33.642316]]}},{"type":"Feature","properties":{"kind":"service","name":""},"geometry":{"type":"LineString","coordinates":[[-117.846816,33.643023],[-117.846539,33.641885],[-117.846564,33.641697]]}},{"type":"Feature","properties":{"kind":"service","name":""},"geometry":{"type":"LineString","coordinates":[[-117.846816,33.643023],[-117.84721,33.642975],[-117.847873,33.643031],[-117.848236,33.642975],[-117.848265,33.642846],[-117.848128,33.642333],[-117.847999,33.642162],[-117.84782,33.642076],[-117.847483,33.642241],[-117.847095,33.642222],[-117.847067,33.642981]]}},{"type":"Feature","properties":{"kind":"service","name":""},"geometry":{"type":"LineString","coordinates":[[-117.847392,33.643429],[-117.847424,33.643249]]}},{"type":"Feature","properties":{"kind":"footway","name":""},"geometry":{"type":"LineString","coordinates":[[-117.84719,33.643204],[-117.847182,33.6431],[-117.847081,33.643102],[-117.847067,33.642981]]}},{"type":"Feature","properties":{"kind":"pedestrian","name":"Ring Mall"},"geometry":{"type":"LineString","coordinates":[[-117.840866,33.647719],[-117.841919,33.648146],[-117.842371,33.648245],[-117.842669,33.648246]]}},{"type":"Feature","properties":{"kind":"footway","name":""},"geometry":{"type":"LineString","coordinates":[[-117.828643,33.651964],[-117.829209,33.651466]]}},{"type":"Feature","properties":{"kind":"footway","name":""},"geometry":{"type":"LineString","coordinates":[[-117.829764,33.651395],[-117.829448,33.651403]]}},{"type":"Feature","properties":{"kind":"footway","name":""},"geometry":{"type":"LineString","coordinates":[[-117.829857,33.651775],[-117.82945,33.651459]]}},{"type":"Feature","properties":{"kind":"footway","name":""},"geometry":{"type":"LineString","coordinates":[[-117.829324,33.651352],[-117.829319,33.651244]]}},{"type":"Feature","properties":{"kind":"footway","name":""},"geometry":{"type":"LineString","coordinates":[[-117.829799,33.65104],[-117.829446,33.651348]]}},{"type":"Feature","properties":{"kind":"service","name":""},"geometry":{"type":"LineString","coordinates":[[-117.830713,33.649606],[-117.830647,33.649821],[-117.830709,33.649991],[-117.830821,33.649953],[-117.830927,33.649665]]}},{"type":"Feature","properties":{"kind":"service","name":""},"geometry":{"type":"LineString","coordinates":[[-117.831908,33.648978],[-117.831865,33.648829],[-117.831497,33.648916],[-117.831537,33.649046]]}},{"type":"Feature","properties":{"kind":"secondary","name":"Campus Drive"},"geometry":{"type":"LineString","coordinates":[[-117.844761,33.655065],[-117.844896,33.655128]]}},{"type":"Feature","properties":{"kind":"secondary","name":"Campus Drive"},"geometry":{"type":"LineString","coordinates":[[-117.835364,33.647772],[-117.835239,33.647779]]}},{"type":"Feature","properties":{"kind":"primary","name":"University Drive"},"geometry":{"type":"LineString","coordinates":[[-117.844761,33.655065],[-117.844854,33.654982]]}},{"type":"Feature","properties":{"kind":"tertiary","name":"Berkeley"},"geometry":{"type":"LineString","coordinates":[[-117.835308,33.647876],[-117.835396,33.648716]]}},{"type":"Feature","properties":{"kind":"footway","name":""},"geometry":{"type":"LineString","coordinates":[[-117.848689,33.643907],[-117.848606,33.643958]]}},{"type":"Feature","properties":{"kind":"footway","name":""},"geometry":{"type":"LineString","coordinates":[[-117.848486,33.644123],[-117.848532,33.644075]]}},{"type":"Feature","properties":{"kind":"footway","name":""},"geometry":{"type":"LineString","coordinates":[[-117.848057,33.64418],[-117.848112,33.644185]]}},{"type":"Feature","properties":{"kind":"footway","name":""},"geometry":{"type":"LineString","coordinates":[[-117.847989,33.644283],[-117.847868,33.644209]]}},{"type":"Feature","properties":{"kind":"footway","name":""},"geometry":{"type":"LineString","coordinates":[[-117.847467,33.644224],[-117.847694,33.644048]]}},{"type":"Feature","properties":{"kind":"footway","name":""},"geometry":{"type":"LineString","coordinates":[[-117.847585,33.644131],[-117.847516,33.644059]]}},{"type":"Feature","properties":{"kind":"footway","name":""},"geometry":{"type":"LineString","coordinates":[[-117.848159,33.644472],[-117.848004,33.64452]]}},{"type":"Feature","properties":{"kind":"footway","name":""},"geometry":{"type":"LineString","coordinates":[[-117.848087,33.644481],[-117.847951,33.644467]]}},{"type":"Feature","properties":{"kind":"footway","name":""},"geometry":{"type":"LineString","coordinates":[[-117.847951,33.644467],[-117.847934,33.644487]]}},{"type":"Feature","properties":{"kind":"footway","name":""},"geometry":{"type":"LineString","coordinates":[[-117.847951,33.644467],[-117.847929,33.644443]]}},{"type":"Feature","properties":{"kind":"footway","name":""},"geometry":{"type":"LineString","coordinates":[[-117.848062,33.644174],[-117.847958,33.644094]]}},{"type":"Feature","properties":{"kind":"footway","name":""},"geometry":{"type":"LineString","coordinates":[[-117.848001,33.644133],[-117.847972,33.644143]]}},{"type":"Feature","properties":{"kind":"footway","name":""},"geometry":{"type":"LineString","coordinates":[[-117.848105,33.644126],[-117.848013,33.644036]]}},{"type":"Feature","properties":{"kind":"footway","name":""},"geometry":{"type":"LineString","coordinates":[[-117.847694,33.644048],[-117.847698,33.643951]]}},{"type":"Feature","properties":{"kind":"footway","name":""},"geometry":{"type":"LineString","coordinates":[[-117.847596,33.644122],[-117.847612,33.644136]]}},{"type":"Feature","properties":{"kind":"footway","name":""},"geometry":{"type":"LineString","coordinates":[[-117.847582,33.644304],[-117.847415,33.644407]]}},{"type":"Feature","properties":{"kind":"footway","name":""},"geometry":{"type":"LineString","coordinates":[[-117.847591,33.644302],[-117.847587,33.644391]]}},{"type":"Feature","properties":{"kind":"footway","name":""},"geometry":{"type":"LineString","coordinates":[[-117.847587,33.644391],[-117.847646,33.644413]]}},{"type":"Feature","properties":{"kind":"footway","name":""},"geometry":{"type":"LineString","coordinates":[[-117.847587,33.644391],[-117.847581,33.644462]]}},{"type":"Feature","properties":{"kind":"footway","name":""},"geometry":{"type":"LineString","coordinates":[[-117.847384,33.644567],[-117.847696,33.644869],[-117.847687,33.645032]]}},{"type":"Feature","properties":{"kind":"footway","name":""},"geometry":{"type":"LineString","coordinates":[[-117.847581,33.644462],[-117.84779,33.644663]]}},{"type":"Feature","properties":{"kind":"footway","name":""},"geometry":{"type":"LineString","coordinates":[[-117.84779,33.644663],[-117.847826,33.644643]]}},{"type":"Feature","properties":{"kind":"footway","name":""},"geometry":{"type":"LineString","coordinates":[[-117.847826,33.644643],[-117.847814,33.644569]]}},{"type":"Feature","properties":{"kind":"footway","name":""},"geometry":{"type":"LineString","coordinates":[[-117.848004,33.64452],[-117.84806,33.644577]]}},{"type":"Feature","properties":{"kind":"footway","name":""},"geometry":{"type":"LineString","coordinates":[[-117.848004,33.64452],[-117.847826,33.644643]]}},{"type":"Feature","properties":{"kind":"footway","name":""},"geometry":{"type":"LineString","coordinates":[[-117.847646,33.644413],[-117.847785,33.644556]]}},{"type":"Feature","properties":{"kind":"footway","name":""},"geometry":{"type":"LineString","coordinates":[[-117.847785,33.644556],[-117.847814,33.644569]]}},{"type":"Feature","properties":{"kind":"footway","name":""},"geometry":{"type":"LineString","coordinates":[[-117.847814,33.644569],[-117.847837,33.644575]]}},{"type":"Feature","properties":{"kind":"footway","name":""},"geometry":{"type":"LineString","coordinates":[[-117.847444,33.644194],[-117.847167,33.644244],[-117.84706,33.644096]]}},{"type":"Feature","properties":{"kind":"footway","name":""},"geometry":{"type":"LineString","coordinates":[[-117.847291,33.644239],[-117.847243,33.644173]]}},{"type":"Feature","properties":{"kind":"footway","name":""},"geometry":{"type":"LineString","coordinates":[[-117.84706,33.644096],[-117.846944,33.644022]]}},{"type":"Feature","properties":{"kind":"footway","name":""},"geometry":{"type":"LineString","coordinates":[[-117.84706,33.644096],[-117.846844,33.644204]]}},{"type":"Feature","properties":{"kind":"footway","name":""},"geometry":{"type":"LineString","coordinates":[[-117.846844,33.644204],[-117.846711,33.644349],[-117.846765,33.644518],[-117.846611,33.644594]]}},{"type":"Feature","properties":{"kind":"footway","name":""},"geometry":{"type":"LineString","coordinates":[[-117.841829,33.643575],[-117.84188,33.643629]]}},{"type":"Feature","properties":{"kind":"footway","name":""},"geometry":{"type":"LineString","coordinates":[[-117.841697,33.643414],[-117.841438,33.643425],[-117.841309,33.643337]]}},{"type":"Feature","properties":{"kind":"pedestrian","name":""},"geometry":{"type":"LineString","coordinates":[[-117.841797,33.643395],[-117.841809,33.643478],[-117.841715,33.643485],[-117.841709,33.643401],[-117.841797,33.643395]]}},{"type":"Feature","properties":{"kind":"footway","name":""},"geometry":{"type":"LineString","coordinates":[[-117.842262,33.643173],[-117.842325,33.643528]]}},{"type":"Feature","properties":{"kind":"footway","name":"Mesa Court Bridge"},"geometry":{"type":"LineString","coordinates":[[-117.843374,33.650278],[-117.84304,33.649366],[-117.84297,33.649324]]}},{"type":"Feature","properties":{"kind":"residential","name":"Angelou Street"},"geometry":{"type":"LineString","coordinates":[[-117.828442,33.635269],[-117.8285,33.635935],[-117.828813,33.637092],[-117.829261,33.637625],[-117.82985,33.638008]]}},{"type":"Feature","properties":{"kind":"residential","name":"Howser Street"},"geometry":{"type":"LineString","coordinates":[[-117.830824,33.635221],[-117.830854,33.635843],[-117.831365,33.636997]]}},{"type":"Feature","properties":{"kind":"footway","name":""},"geometry":{"type":"LineString","coordinates":[[-117.847837,33.644575],[-117.847845,33.644553]]}},{"type":"Feature","properties":{"kind":"footway","name":""},"geometry":{"type":"LineString","coordinates":[[-117.843289,33.645801],[-117.84358,33.645869],[-117.843876,33.646044],[-117.844045,33.646323],[-117.84409,33.64654]]}},{"type":"Feature","properties":{"kind":"cycleway","name":""},"geometry":{"type":"LineString","coordinates":[[-117.843042,33.646623],[-117.842882,33.647198]]}},{"type":"Feature","properties":{"kind":"tertiary","name":"West Peltason Drive"},"geometry":{"type":"LineString","coordinates":[[-117.842935,33.650008],[-117.842883,33.650111]]}},{"type":"Feature","properties":{"kind":"footway","name":""},"geometry":{"type":"LineString","coordinates":[[-117.843109,33.649399],[-117.842992,33.64944],[-117.842636,33.649847]]}},{"type":"Feature","properties":{"kind":"secondary","name":"Anteater Drive"},"geometry":{"type":"LineString","coordinates":[[-117.83646,33.642672],[-117.836007,33.642156]]}},{"type":"Feature","properties":{"kind":"secondary","name":"East Peltason Drive"},"geometry":{"type":"LineString","coordinates":[[-117.83646,33.642672],[-117.836372,33.642711]]}},{"type":"Feature","properties":{"kind":"secondary","name":"East Peltason Drive"},"geometry":{"type":"LineString","coordinates":[[-117.836372,33.642711],[-117.836069,33.642924],[-117.835731,33.643299],[-117.835569,33.64362],[-117.835404,33.644223]]}},{"type":"Feature","properties":{"kind":"footway","name":""},"geometry":{"type":"LineString","coordinates":[[-117.83792,33.637281],[-117.838171,33.637426],[-117.838733,33.637516]]}},{"type":"Feature","properties":{"kind":"service","name":""},"geometry":{"type":"LineString","coordinates":[[-117.841439,33.654419],[-117.841791,33.65468],[-117.841851,33.654884],[-117.84157,33.65563]]}},{"type":"Feature","properties":{"kind":"service","name":""},"geometry":{"type":"LineString","coordinates":[[-117.842051,33.65442],[-117.841791,33.65468]]}},{"type":"Feature","properties":{"kind":"service","name":""},"geometry":{"type":"LineString","coordinates":[[-117.834509,33.646784],[-117.834931,33.646769]]}},{"type":"Feature","properties":{"kind":"service","name":""},"geometry":{"type":"LineString","coordinates":[[-117.834551,33.647563],[-117.834947,33.647543],[-117.83492,33.646913],[-117.834719,33.646916],[-117.834747,33.647552]]}},{"type":"Feature","properties":{"kind":"service","name":""},"geometry":{"type":"LineString","coordinates":[[-117.834719,33.646916],[-117.834717,33.646773]]}},{"type":"Feature","properties":{"kind":"service","name":""},"geometry":{"type":"LineString","coordinates":[[-117.826879,33.651707],[-117.827033,33.651663],[-117.827004,33.651567],[-117.82748,33.651468],[-117.827533,33.651638],[-117.827065,33.651742],[-117.827033,33.651663]]}},{"type":"Feature","properties":{"kind":"service","name":""},"geometry":{"type":"LineString","coordinates":[[-117.827975,33.652213],[-117.827806,33.651678],[-117.828109,33.651608],[-117.828156,33.651763],[-117.828001,33.651799],[-117.828125,33.65218]]}},{"type":"Feature","properties":{"kind":"service","name":""},"geometry":{"type":"LineString","coordinates":[[-117.828001,33.651799],[-117.827855,33.651834]]}},{"type":"Feature","properties":{"kind":"service","name":""},"geometry":{"type":"LineString","coordinates":[[-117.829548,33.650511],[-117.829408,33.650541],[-117.829381,33.650446],[-117.828631,33.650612],[-117.828682,33.650771],[-117.829424,33.650606],[-117.829408,33.650541]]}},{"type":"Feature","properties":{"kind":"service","name":""},"geometry":{"type":"LineString","coordinates":[[-117.830095,33.650868],[-117.830261,33.651185],[-117.830173,33.651216],[-117.830313,33.651467],[-117.830193,33.651548],[-117.830243,33.651697],[-117.830604,33.651512],[-117.830404,33.651146],[-117.830261,33.651185]]}},{"type":"Feature","properties":{"kind":"residential","name":"Whitman Court"},"geometry":{"type":"LineString","coordinates":[[-117.840025,33.636862],[-117.839961,33.636578],[-117.840086,33.636466],[-117.839932,33.636329],[-117.839802,33.636448],[-117.839961,33.636578]]}},{"type":"Feature","properties":{"kind":"residential","name":"Cornell"},"geometry":{"type":"LineString","coordinates":[[-117.834459,33.649105],[-117.834984,33.64936]]}},{"type":"Feature","properties":{"kind":"unclassified","name":"Cornell"},"geometry":{"type":"LineString","coordinates":[[-117.835464,33.649393],[-117.836418,33.649369]]}},{"type":"Feature","properties":{"kind":"unclassified","name":"Cornell"},"geometry":{"type":"LineString","coordinates":[[-117.836418,33.649369],[-117.836778,33.64938]]}},{"type":"Feature","properties":{"kind":"secondary","name":"Campus Drive"},"geometry":{"type":"LineString","coordinates":[[-117.832325,33.648463],[-117.834108,33.64807]]}},{"type":"Feature","properties":{"kind":"residential","name":"Cornell"},"geometry":{"type":"LineString","coordinates":[[-117.832291,33.648353],[-117.832325,33.648463]]}},{"type":"Feature","properties":{"kind":"tertiary","name":"Campus Drive"},"geometry":{"type":"LineString","coordinates":[[-117.820537,33.650699],[-117.821347,33.650764]]}},{"type":"Feature","properties":{"kind":"primary","name":"Culver Drive"},"geometry":{"type":"LineString","coordinates":[[-117.821873,33.643255],[-117.8219,33.642494]]}},{"type":"Feature","properties":{"kind":"tertiary","name":"Vista del Campo"},"geometry":{"type":"LineString","coordinates":[[-117.822057,33.642513],[-117.8219,33.642494]]}},{"type":"Feature","properties":{"kind":"primary","name":"Culver Drive"},"geometry":{"type":"LineString","coordinates":[[-117.8219,33.642494],[-117.82177,33.643098]]}},{"type":"Feature","properties":{"kind":"secondary","name":"East Peltason Drive"},"geometry":{"type":"LineString","coordinates":[[-117.835172,33.64608],[-117.835197,33.647087]]}},{"type":"Feature","properties":{"kind":"primary","name":"Culver Drive"},"geometry":{"type":"LineString","coordinates":[[-117.826797,33.65369],[-117.826127,33.652569]]}},{"type":"Feature","properties":{"kind":"footway","name":""},"geometry":{"type":"LineString","coordinates":[[-117.847294,33.643678],[-117.847113,33.643646]]}},{"type":"Feature","properties":{"kind":"footway","name":""},"geometry":{"type":"LineString","coordinates":[[-117.847287,33.643775],[-117.847145,33.643729],[-117.847113,33.643646]]}},{"type":"Feature","properties":{"kind":"footway","name":""},"geometry":{"type":"LineString","coordinates":[[-117.846844,33.644204],[-117.846471,33.643909]]}},{"type":"Feature","properties":{"kind":"footway","name":""},"geometry":{"type":"LineString","coordinates":[[-117.846604,33.644036],[-117.846459,33.644126]]}},{"type":"Feature","properties":{"kind":"footway","name":""},"geometry":{"type":"LineString","coordinates":[[-117.846686,33.644056],[-117.846665,33.64398],[-117.846587,33.64402]]}},{"type":"Feature","properties":{"kind":"footway","name":""},"geometry":{"type":"LineString","coordinates":[[-117.846849,33.643857],[-117.846665,33.64398]]}},{"type":"Feature","properties":{"kind":"footway","name":""},"geometry":{"type":"LineString","coordinates":[[-117.847222,33.645061],[-117.847242,33.644864],[-117.847484,33.644663]]}},{"type":"Feature","properties":{"kind":"footway","name":""},"geometry":{"type":"LineString","coordinates":[[-117.847384,33.644567],[-117.847415,33.644205]]}},{"type":"Feature","properties":{"kind":"footway","name":""},"geometry":{"type":"LineString","coordinates":[[-117.84779,33.644663],[-117.847627,33.644787]]}},{"type":"Feature","properties":{"kind":"service","name":""},"geometry":{"type":"LineString","coordinates":[[-117.836315,33.636641],[-117.836029,33.636333],[-117.835696,33.636653],[-117.835448,33.636552]]}},{"type":"Feature","properties":{"kind":"service","name":""},"geometry":{"type":"LineString","coordinates":[[-117.836307,33.652691],[-117.836119,33.65258],[-117.836524,33.652089],[-117.836222,33.651933]]}},{"type":"Feature","properties":{"kind":"service","name":""},"geometry":{"type":"LineString","coordinates":[[-117.839747,33.64774],[-117.839972,33.647482],[-117.840478,33.647792],[-117.840366,33.647934]]}},{"type":"Feature","properties":{"kind":"service","name":""},"geometry":{"type":"LineString","coordinates":[[-117.840094,33.648232],[-117.839968,33.648355]]}},{"type":"Feature","properties":{"kind":"residential","name":"Verano Road South"},"geometry":{"type":"LineString","coordinates":[[-117.831791,33.644651],[-117.831893,33.645209],[-117.831615,33.64649],[-117.831609,33.646946]]}},{"type":"Feature","properties":{"kind":"service","name":""},"geometry":{"type":"LineString","coordinates":[[-117.831609,33.646946],[-117.831877,33.646932]]}},{"type":"Feature","properties":{"kind":"tertiary","name":"Los Trancos Drive"},"geometry":{"type":"LineString","coordinates":[[-117.841923,33.642318],[-117.841813,33.641896],[-117.84124,33.641092],[-117.841236,33.640711],[-117.841424,33.640431],[-117.842352,33.63987],[-117.842658,33.639552],[-117.843343,33.638373],[-117.843365,33.637571],[-117.84355,33.636908],[-117.844336,33.635802],[-117.844413,33.635584]]}},{"type":"Feature","properties":{"kind":"footway","name":""},"geometry":{"type":"LineString","coordinates":[[-117.847255,33.645067],[-117.847142,33.645276],[-117.846722,33.645334]]}},{"type":"Feature","properties":{"kind":"footway","name":""},"geometry":{"type":"LineString","coordinates":[[-117.84718,33.646209],[-117.847174,33.646122],[-117.847038,33.646121],[-117.847029,33.645594],[-117.847763,33.64558],[-117.847779,33.645851]]}},{"type":"Feature","properties":{"kind":"service","name":""},"geometry":{"type":"LineString","coordinates":[[-117.850603,33.646468],[-117.850626,33.646586],[-117.851482,33.646589],[-117.851709,33.646653]]}},{"type":"Feature","properties":{"kind":"service","name":""},"geometry":{"type":"LineString","coordinates":[[-117.850679,33.645051],[-117.850672,33.644618]]}},{"type":"Feature","properties":{"kind":"service","name":""},"geometry":{"type":"LineString","coordinates":[[-117.850145,33.645104],[-117.850168,33.644628]]}},{"type":"Feature","properties":{"kind":"service","name":""},"geometry":{"type":"LineString","coordinates":[[-117.850953,33.643594],[-117.850769,33.643604]]}},{"type":"Feature","properties":{"kind":"footway","name":""},"geometry":{"type":"LineString","coordinates":[[-117.840327,33.648584],[-117.840341,33.648618],[-117.840327,33.648584]]}},{"type":"Feature","properties":{"kind":"footway","name":""},"geometry":{"type":"LineString","coordinates":[[-117.840406,33.648523],[-117.840347,33.648587]]}},{"type":"Feature","properties":{"kind":"footway","name":""},"geometry":{"type":"LineString","coordinates":[[-117.840252,33.648691],[-117.840323,33.648617]]}},{"type":"Feature","properties":{"kind":"footway","name":""},"geometry":{"type":"LineString","coordinates":[[-117.840351,33.648612],[-117.840494,33.648702]]}},{"type":"Feature","properties":{"kind":"footway","name":""},"geometry":{"type":"LineString","coordinates":[[-117.840316,33.648591],[-117.840175,33.648502]]}},{"type":"Feature","properties":{"kind":"footway","name":""},"geometry":{"type":"LineString","coordinates":[[-117.841545,33.649356],[-117.84143,33.649498]]}},{"type":"Feature","properties":{"kind":"footway","name":""},"geometry":{"type":"LineString","coordinates":[[-117.833371,33.656247],[-117.833207,33.656306]]}},{"type":"Feature","properties":{"kind":"footway","name":""},"geometry":{"type":"LineString","coordinates":[[-117.844742,33.646823],[-117.844261,33.646677],[-117.84409,33.64654]]}},{"type":"Feature","properties":{"kind":"footway","name":""},"geometry":{"type":"LineString","coordinates":[[-117.842988,33.650273],[-117.843029,33.65009],[-117.842819,33.649929],[-117.842709,33.650132]]}},{"type":"Feature","properties":{"kind":"footway","name":""},"geometry":{"type":"LineString","coordinates":[[-117.842709,33.650132],[-117.842371,33.650588],[-117.841864,33.650866]]}},{"type":"Feature","properties":{"kind":"footway","name":""},"geometry":{"type":"LineString","coordinates":[[-117.841571,33.650993],[-117.841698,33.651245],[-117.842006,33.651138],[-117.841864,33.650866],[-117.841571,33.650993]]}},{"type":"Feature","properties":{"kind":"service","name":""},"geometry":{"type":"LineString","coordinates":[[-117.847347,33.64773],[-117.847225,33.647664],[-117.847228,33.64758],[-117.846915,33.647407]]}},{"type":"Feature","properties":{"kind":"service","name":""},"geometry":{"type":"LineString","coordinates":[[-117.834506,33.644624],[-117.834824,33.644529]]}},{"type":"Feature","properties":{"kind":"service","name":""},"geometry":{"type":"LineString","coordinates":[[-117.833681,33.647329],[-117.83373,33.647395]]}},{"type":"Feature","properties":{"kind":"service","name":""},"geometry":{"type":"LineString","coordinates":[[-117.831614,33.647849],[-117.831636,33.647927]]}},{"type":"Feature","properties":{"kind":"service","name":"South Circle View"},"geometry":{"type":"LineString","coordinates":[[-117.843238,33.643337],[-117.843374,33.64313],[-117.843438,33.642776],[-117.843632,33.642322]]}},{"type":"Feature","properties":{"kind":"service","name":"South Circle View"},"geometry":{"type":"LineString","coordinates":[[-117.843034,33.643646],[-117.842894,33.643825],[-117.842864,33.643977],[-117.843198,33.644172]]}},{"type":"Feature","properties":{"kind":"service","name":""},"geometry":{"type":"LineString","coordinates":[[-117.843,33.644093],[-117.842911,33.644233]]}},{"type":"Feature","properties":{"kind":"service","name":""},"geometry":{"type":"LineString","coordinates":[[-117.846282,33.644345],[-117.846181,33.64423]]}},{"type":"Feature","properties":{"kind":"service","name":""},"geometry":{"type":"LineString","coordinates":[[-117.834509,33.646784],[-117.834551,33.647563]]}},{"type":"Feature","properties":{"kind":"service","name":""},"geometry":{"type":"LineString","coordinates":[[-117.834333,33.646748],[-117.834509,33.646784]]}},{"type":"Feature","properties":{"kind":"service","name":""},"geometry":{"type":"LineString","coordinates":[[-117.848634,33.643217],[-117.848515,33.642619],[-117.848801,33.642572],[-117.848883,33.642889],[-117.848811,33.64297],[-117.848591,33.642998]]}},{"type":"Feature","properties":{"kind":"service","name":""},"geometry":{"type":"LineString","coordinates":[[-117.835005,33.64344],[-117.83488,33.643721],[-117.83491,33.643859],[-117.835164,33.644006]]}},{"type":"Feature","properties":{"kind":"service","name":""},"geometry":{"type":"LineString","coordinates":[[-117.834277,33.646428],[-117.834137,33.646669],[-117.833885,33.646503]]}},{"type":"Feature","properties":{"kind":"service","name":""},"geometry":{"type":"LineString","coordinates":[[-117.833951,33.647284],[-117.833888,33.647214]]}},{"type":"Feature","properties":{"kind":"service","name":""},"geometry":{"type":"LineString","coordinates":[[-117.83373,33.647395],[-117.83376,33.647464],[-117.833991,33.647416],[-117.833951,33.647284]]}},{"type":"Feature","properties":{"kind":"service","name":""},"geometry":{"type":"LineString","coordinates":[[-117.831877,33.646932],[-117.832147,33.646949]]}},{"type":"Feature","properties":{"kind":"service","name":""},"geometry":{"type":"LineString","coordinates":[[-117.83223,33.647555],[-117.832285,33.647692]]}},{"type":"Feature","properties":{"kind":"service","name":""},"geometry":{"type":"LineString","coordinates":[[-117.831636,33.647927],[-117.831675,33.648053]]}},{"type":"Feature","properties":{"kind":"service","name":""},"geometry":{"type":"LineString","coordinates":[[-117.834658,33.653186],[-117.834599,33.653353],[-117.834777,33.653398],[-117.834687,33.653613]]}},{"type":"Feature","properties":{"kind":"service","name":""},"geometry":{"type":"LineString","coordinates":[[-117.834292,33.652849],[-117.834081,33.652932],[-117.834239,33.653208]]}},{"type":"Feature","properties":{"kind":"service","name":""},"geometry":{"type":"LineString","coordinates":[[-117.830238,33.649333],[-117.829546,33.649474],[-117.829423,33.649079]]}},{"type":"Feature","properties":{"kind":"tertiary","name":"California Avenue"},"geometry":{"type":"LineString","coordinates":[[-117.830238,33.649333],[-117.830198,33.649212]]}},{"type":"Feature","properties":{"kind":"tertiary","name":"California Avenue"},"geometry":{"type":"LineString","coordinates":[[-117.830306,33.649543],[-117.830238,33.649333]]}},{"type":"Feature","properties":{"kind":"footway","name":""},"geometry":{"type":"LineString","coordinates":[[-117.843881,33.649998],[-117.843593,33.650094],[-117.843029,33.65009]]}},{"type":"Feature","properties":{"kind":"footway","name":""},"geometry":{"type":"LineString","coordinates":[[-117.843375,33.650173],[-117.843401,33.650297]]}},{"type":"Feature","properties":{"kind":"footway","name":""},"geometry":{"type":"LineString","coordinates":[[-117.844992,33.651633],[-117.84487,33.651886]]}},{"type":"Feature","properties":{"kind":"footway","name":""},"geometry":{"type":"LineString","coordinates":[[-117.84498,33.651744],[-117.845119,33.651738]]}},{"type":"Feature","properties":{"kind":"service","name":""},"geometry":{"type":"LineString","coordinates":[[-117.84603,33.652561],[-117.846149,33.652874]]}},{"type":"Feature","properties":{"kind":"footway","name":""},"geometry":{"type":"LineString","coordinates":[[-117.843785,33.651676],[-117.843697,33.651765],[-117.843449,33.651844]]}},{"type":"Feature","properties":{"kind":"footway","name":""},"geometry":{"type":"LineString","coordinates":[[-117.843975,33.651753],[-117.844131,33.651656],[-117.844346,33.651375]]}},{"type":"Feature","properties":{"kind":"footway","name":""},"geometry":{"type":"LineString","coordinates":[[-117.844861,33.651462],[-117.844643,33.651575]]}},{"type":"Feature","properties":{"kind":"footway","name":""},"geometry":{"type":"LineString","coordinates":[[-117.844714,33.651818],[-117.8444,33.651925],[-117.844378,33.652258]]}},{"type":"Feature","properties":{"kind":"pedestrian","name":"UCI Student Center"},"geometry":{"type":"LineString","coordinates":[[-117.842379,33.648997],[-117.842534,33.648976],[-117.842443,33.648423],[-117.842818,33.64838],[-117.8428,33.648296],[-117.84267,33.648291],[-117.842669,33.648208],[-117.84209,33.648121],[-117.842,33.648214],[-117.842285,33.648403],[-117.842302,33.64853],[-117.842194,33.648542],[-117.842171,33.648813],[-117.842227,33.648808],[-117.842247,33.648914],[-117.842357,33.648903],[-117.842379,33.648997]]}},{"type":"Feature","properties":{"kind":"footway","name":""},"geometry":{"type":"LineString","coordinates":[[-117.845302,33.645127],[-117.845125,33.645144]]}},{"type":"Feature","properties":{"kind":"footway","name":""},"geometry":{"type":"LineString","coordinates":[[-117.845143,33.644815],[-117.845011,33.644996]]}},{"type":"Feature","properties":{"kind":"service","name":""},"geometry":{"type":"LineString","coordinates":[[-117.843365,33.637571],[-117.843188,33.637485],[-117.843252,33.63739],[-117.843394,33.6374]]}},{"type":"Feature","properties":{"kind":"service","name":""},"geometry":{"type":"LineString","coordinates":[[-117.818517,33.64661],[-117.818404,33.646718]]}},{"type":"Feature","properties":{"kind":"service","name":""},"geometry":{"type":"LineString","coordinates":[[-117.818404,33.646718],[-117.818091,33.646486],[-117.817954,33.646598],[-117.818792,33.647113],[-117.818829,33.646958],[-117.818404,33.646718]]}},{"type":"Feature","properties":{"kind":"footway","name":""},"geometry":{"type":"LineString","coordinates":[[-117.833677,33.649934],[-117.833864,33.649918],[-117.833893,33.650162],[-117.833703,33.650176],[-117.833677,33.649934]]}},{"type":"Feature","properties":{"kind":"service","name":""},"geometry":{"type":"LineString","coordinates":[[-117.849986,33.636398],[-117.848427,33.635311],[-117.849441,33.634282],[-117.850614,33.635084],[-117.851032,33.635446],[-117.851274,33.635785],[-117.851231,33.636025],[-117.851063,33.636277],[-117.850424,33.636918]]}},{"type":"Feature","properties":{"kind":"service","name":""},"geometry":{"type":"LineString","coordinates":[[-117.849986,33.636398],[-117.849592,33.636802]]}},{"type":"Feature","properties":{"kind":"service","name":""},"geometry":{"type":"LineString","coordinates":[[-117.849592,33.636802],[-117.850016,33.637345]]}},{"type":"Feature","properties":{"kind":"service","name":""},"geometry":{"type":"LineString","coordinates":[[-117.849592,33.636802],[-117.848873,33.637546]]}},{"type":"Feature","properties":{"kind":"service","name":""},"geometry":{"type":"LineString","coordinates":[[-117.848864,33.636294],[-117.849592,33.636802]]}},{"type":"Feature","properties":{"kind":"service","name":""},"geometry":{"type":"LineString","coordinates":[[-117.85053,33.637079],[-117.850872,33.636725],[-117.850878,33.63695],[-117.850627,33.637232],[-117.85053,33.637079]]}},{"type":"Feature","properties":{"kind":"service","name":""},"geometry":{"type":"LineString","coordinates":[[-117.850115,33.637498],[-117.849547,33.638009],[-117.848145,33.637031],[-117.848864,33.636294]]}},{"type":"Feature","properties":{"kind":"service","name":""},"geometry":{"type":"LineString","coordinates":[[-117.850115,33.637498],[-117.850564,33.63841]]}},{"type":"Feature","properties":{"kind":"service","name":""},"geometry":{"type":"LineString","coordinates":[[-117.850564,33.63841],[-117.850266,33.638687],[-117.850006,33.638595],[-117.849397,33.638635],[-117.849204,33.638598],[-117.847347,33.637305],[-117.847794,33.636796],[-117.848145,33.637031]]}},{"type":"Feature","properties":{"kind":"service","name":""},"geometry":{"type":"LineString","coordinates":[[-117.850533,33.639416],[-117.850242,33.639301],[-117.850393,33.639027],[-117.850596,33.639104],[-117.850445,33.639379]]}},{"type":"Feature","properties":{"kind":"service","name":""},"geometry":{"type":"LineString","coordinates":[[-117.851842,33.638607],[-117.851244,33.638943]]}},{"type":"Feature","properties":{"kind":"service","name":""},"geometry":{"type":"LineString","coordinates":[[-117.852553,33.638208],[-117.851969,33.637807]]}},{"type":"Feature","properties":{"kind":"service","name":""},"geometry":{"type":"LineString","coordinates":[[-117.851117,33.642022],[-117.85126,33.642341]]}},{"type":"Feature","properties":{"kind":"service","name":""},"geometry":{"type":"LineString","coordinates":[[-117.851352,33.642314],[-117.851219,33.642047],[-117.851117,33.642022]]}},{"type":"Feature","properties":{"kind":"service","name":""},"geometry":{"type":"LineString","coordinates":[[-117.852928,33.642718],[-117.852629,33.642696],[-117.852337,33.64245],[-117.852103,33.64237],[-117.851669,33.642316],[-117.85126,33.642341]]}},{"type":"Feature","properties":{"kind":"service","name":""},"geometry":{"type":"LineString","coordinates":[[-117.85126,33.642341],[-117.850745,33.642492],[-117.850785,33.644363]]}},{"type":"Feature","properties":{"kind":"service","name":""},"geometry":{"type":"LineString","coordinates":[[-117.850377,33.643471],[-117.849908,33.643471]]}},{"type":"Feature","properties":{"kind":"service","name":""},"geometry":{"type":"LineString","coordinates":[[-117.848772,33.644859],[-117.848577,33.644791],[-117.848297,33.644546]]}},{"type":"Feature","properties":{"kind":"service","name":""},"geometry":{"type":"LineString","coordinates":[[-117.845699,33.643678],[-117.845904,33.643853]]}},{"type":"Feature","properties":{"kind":"service","name":""},"geometry":{"type":"LineString","coordinates":[[-117.846099,33.643535],[-117.846169,33.643596]]}},{"type":"Feature","properties":{"kind":"service","name":""},"geometry":{"type":"LineString","coordinates":[[-117.846446,33.644298],[-117.846789,33.645096],[-117.846904,33.645084]]}},{"type":"Feature","properties":{"kind":"service","name":""},"geometry":{"type":"LineString","coordinates":[[-117.846744,33.644939],[-117.846132,33.644958],[-117.845936,33.644606],[-117.846396,33.644249]]}},{"type":"Feature","properties":{"kind":"service","name":"Medical Plaza Drive"},"geometry":{"type":"LineString","coordinates":[[-117.851628,33.646763],[-117.851781,33.646546],[-117.85183,33.646295],[-117.850599,33.646305],[-117.850603,33.646468],[-117.85181,33.646464]]}},{"type":"Feature","properties":{"kind":"service","name":""},"geometry":{"type":"LineString","coordinates":[[-117.849159,33.646413],[-117.849148,33.646461],[-117.848913,33.646493]]}},{"type":"Feature","properties":{"kind":"service","name":"Pereira Drive"},"geometry":{"type":"LineString","coordinates":[[-117.836501,33.646063],[-117.836712,33.646176]]}},{"type":"Feature","properties":{"kind":"service","name":""},"geometry":{"type":"LineString","coordinates":[[-117.850368,33.640979],[-117.850621,33.640931]]}},{"type":"Feature","properties":{"kind":"service","name":""},"geometry":{"type":"LineString","coordinates":[[-117.850621,33.640931],[-117.851715,33.640765]]}},{"type":"Feature","properties":{"kind":"service","name":""},"geometry":{"type":"LineString","coordinates":[[-117.850481,33.639866],[-117.850709,33.639937]]}},{"type":"Feature","properties":{"kind":"service","name":""},"geometry":{"type":"LineString","coordinates":[[-117.850709,33.639937],[-117.851747,33.640265]]}},{"type":"Feature","properties":{"kind":"service","name":""},"geometry":{"type":"LineString","coordinates":[[-117.852306,33.640059],[-117.851301,33.639323],[-117.851123,33.639506],[-117.850823,33.639973],[-117.850713,33.640613],[-117.850787,33.641081],[-117.851079,33.641605],[-117.851642,33.641173],[-117.852291,33.640507]]}},{"type":"Feature","properties":{"kind":"service","name":""},"geometry":{"type":"LineString","coordinates":[[-117.850742,33.640303],[-117.850593,33.640332],[-117.850571,33.640563],[-117.850713,33.640613]]}},{"type":"Feature","properties":{"kind":"service","name":""},"geometry":{"type":"LineString","coordinates":[[-117.851433,33.639435],[-117.851009,33.640032],[-117.850913,33.64051],[-117.850926,33.640884],[-117.851229,33.64151]]}},{"type":"Feature","properties":{"kind":"service","name":""},"geometry":{"type":"LineString","coordinates":[[-117.851353,33.641414],[-117.851127,33.640854],[-117.851121,33.640423],[-117.851289,33.639896],[-117.851577,33.639556]]}},{"type":"Feature","properties":{"kind":"service","name":""},"geometry":{"type":"LineString","coordinates":[[-117.851723,33.639679],[-117.851481,33.639951],[-117.851331,33.640313],[-117.851323,33.640824],[-117.851503,33.641293]]}},{"type":"Feature","properties":{"kind":"service","name":""},"geometry":{"type":"LineString","coordinates":[[-117.851642,33.641173],[-117.851521,33.640794],[-117.851509,33.640472],[-117.85157,33.640209],[-117.85186,33.639771]]}},{"type":"Feature","properties":{"kind":"service","name":""},"geometry":{"type":"LineString","coordinates":[[-117.851787,33.641038],[-117.851705,33.640452],[-117.851801,33.640152],[-117.852017,33.639876]]}},{"type":"Feature","properties":{"kind":"service","name":""},"geometry":{"type":"LineString","coordinates":[[-117.851934,33.640884],[-117.851897,33.640457],[-117.851947,33.640273],[-117.852162,33.639971]]}},{"type":"Feature","properties":{"kind":"service","name":""},"geometry":{"type":"LineString","coordinates":[[-117.852291,33.640507],[-117.852194,33.640388],[-117.852107,33.640398],[-117.852095,33.640721]]}},{"type":"Feature","properties":{"kind":"cycleway","name":""},"geometry":{"type":"LineString","coordinates":[[-117.839056,33.648947],[-117.840451,33.649833]]}},{"type":"Feature","properties":{"kind":"cycleway","name":""},"geometry":{"type":"LineString","coordinates":[[-117.840566,33.64991],[-117.84106,33.650327],[-117.841571,33.650993]]}},{"type":"Feature","properties":{"kind":"footway","name":""},"geometry":{"type":"LineString","coordinates":[[-117.840451,33.649833],[-117.840566,33.64991]]}},{"type":"Feature","properties":{"kind":"cycleway","name":""},"geometry":{"type":"LineString","coordinates":[[-117.839011,33.64892],[-117.83895,33.648883]]}},{"type":"Feature","properties":{"kind":"cycleway","name":""},"geometry":{"type":"LineString","coordinates":[[-117.838894,33.648848],[-117.837974,33.648374]]}},{"type":"Feature","properties":{"kind":"footway","name":"SCPS Path"},"geometry":{"type":"LineString","coordinates":[[-117.838157,33.648143],[-117.838314,33.647829],[-117.838235,33.647623]]}},{"type":"Feature","properties":{"kind":"footway","name":""},"geometry":{"type":"LineString","coordinates":[[-117.837706,33.648298],[-117.837974,33.648374],[-117.838157,33.648143],[-117.83787,33.648055]]}},{"type":"Feature","properties":{"kind":"footway","name":""},"geometry":{"type":"LineString","coordinates":[[-117.836744,33.645395],[-117.836755,33.645912]]}},{"type":"Feature","properties":{"kind":"footway","name":""},"geometry":{"type":"LineString","coordinates":[[-117.836757,33.646064],[-117.836782,33.646437]]}},{"type":"Feature","properties":{"kind":"footway","name":""},"geometry":{"type":"LineString","coordinates":[[-117.836755,33.645912],[-117.836616,33.645908]]}},{"type":"Feature","properties":{"kind":"footway","name":""},"geometry":{"type":"LineString","coordinates":[[-117.836731,33.645348],[-117.83665,33.64542],[-117.836643,33.645586]]}},{"type":"Feature","properties":{"kind":"footway","name":""},"geometry":{"type":"LineString","coordinates":[[-117.836643,33.645586],[-117.836649,33.645701]]}},{"type":"Feature","properties":{"kind":"footway","name":""},"geometry":{"type":"LineString","coordinates":[[-117.836616,33.645908],[-117.835397,33.645905]]}},{"type":"Feature","properties":{"kind":"footway","name":""},"geometry":{"type":"LineString","coordinates":[[-117.835409,33.646141],[-117.835397,33.645905],[-117.835301,33.645903],[-117.835052,33.645905],[-117.835063,33.646139]]}},{"type":"Feature","properties":{"kind":"footway","name":""},"geometry":{"type":"LineString","coordinates":[[-117.835462,33.64769],[-117.835134,33.647708],[-117.835161,33.647989],[-117.83549,33.647962],[-117.835462,33.64769]]}},{"type":"Feature","properties":{"kind":"cycleway","name":""},"geometry":{"type":"LineString","coordinates":[[-117.83549,33.647962],[-117.836859,33.648066],[-117.837706,33.648298]]}},{"type":"Feature","properties":{"kind":"service","name":""},"geometry":{"type":"LineString","coordinates":[[-117.846178,33.651597],[-117.846007,33.651649],[-117.845904,33.651515]]}},{"type":"Feature","properties":{"kind":"service","name":""},"geometry":{"type":"LineString","coordinates":[[-117.836911,33.648376],[-117.836791,33.648264],[-117.836535,33.648226],[-117.83652,33.648318],[-117.836908,33.648627]]}},{"type":"Feature","properties":{"kind":"service","name":""},"geometry":{"type":"LineString","coordinates":[[-117.829997,33.650332],[-117.829669,33.650403],[-117.829618,33.650233],[-117.829944,33.650166],[-117.829997,33.650332]]}},{"type":"Feature","properties":{"kind":"service","name":""},"geometry":{"type":"LineString","coordinates":[[-117.829644,33.650318],[-117.8295,33.650348]]}},{"type":"Feature","properties":{"kind":"service","name":""},"geometry":{"type":"LineString","coordinates":[[-117.838942,33.647753],[-117.838436,33.647586],[-117.838396,33.648054]]}},{"type":"Feature","properties":{"kind":"service","name":""},"geometry":{"type":"LineString","coordinates":[[-117.839449,33.648603],[-117.839751,33.648537],[-117.839968,33.648355],[-117.838942,33.647753]]}},{"type":"Feature","properties":{"kind":"service","name":""},"geometry":{"type":"LineString","coordinates":[[-117.838942,33.647753],[-117.838755,33.648047]]}},{"type":"Feature","properties":{"kind":"service","name":""},"geometry":{"type":"LineString","coordinates":[[-117.84051,33.650211],[-117.840547,33.650355]]}},{"type":"Feature","properties":{"kind":"service","name":""},"geometry":{"type":"LineString","coordinates":[[-117.840439,33.650154],[-117.84051,33.650211]]}},{"type":"Feature","properties":{"kind":"tertiary","name":"West Peltason Drive"},"geometry":{"type":"LineString","coordinates":[[-117.844991,33.648978],[-117.843956,33.649216],[-117.843477,33.649434],[-117.843203,33.649653]]}},{"type":"Feature","properties":{"kind":"service","name":""},"geometry":{"type":"LineString","coordinates":[[-117.833349,33.642126],[-117.83319,33.642111],[-117.833092,33.642382],[-117.83325,33.642398]]}},{"type":"Feature","properties":{"kind":"service","name":""},"geometry":{"type":"LineString","coordinates":[[-117.828783,33.649799],[-117.828679,33.649443]]}},{"type":"Feature","properties":{"kind":"service","name":""},"geometry":{"type":"LineString","coordinates":[[-117.827443,33.650085],[-117.827331,33.649735]]}},{"type":"Feature","properties":{"kind":"tertiary","name":"Mesa Road"},"geometry":{"type":"LineString","coordinates":[[-117.845977,33.649559],[-117.8458,33.648869]]}},{"type":"Feature","properties":{"kind":"service","name":""},"geometry":{"type":"LineString","coordinates":[[-117.823775,33.650585],[-117.823697,33.650325]]}},{"type":"Feature","properties":{"kind":"secondary","name":"Campus Drive"},"geometry":{"type":"LineString","coordinates":[[-117.841081,33.650039],[-117.840764,33.649775]]}},{"type":"Feature","properties":{"kind":"secondary","name":"Campus Drive"},"geometry":{"type":"LineString","coordinates":[[-117.840673,33.649867],[-117.841342,33.65047]]}},{"type":"Feature","properties":{"kind":"secondary","name":"Campus Drive"},"geometry":{"type":"LineString","coordinates":[[-117.840579,33.649796],[-117.840673,33.649867]]}},{"type":"Feature","properties":{"kind":"service","name":""},"geometry":{"type":"LineString","coordinates":[[-117.841209,33.65015],[-117.841219,33.65007],[-117.841061,33.64989]]}},{"type":"Feature","properties":{"kind":"service","name":""},"geometry":{"type":"LineString","coordinates":[[-117.842961,33.652897],[-117.842747,33.652542],[-117.842562,33.65197],[-117.842519,33.651606],[-117.842595,33.651175]]}},{"type":"Feature","properties":{"kind":"tertiary","name":"Mesa Road"},"geometry":{"type":"LineString","coordinates":[[-117.846978,33.652963],[-117.847082,33.653066]]}},{"type":"Feature","properties":{"kind":"primary","name":"University Drive"},"geometry":{"type":"LineString","coordinates":[[-117.846978,33.652963],[-117.846116,33.653605],[-117.845253,33.654389]]}},{"type":"Feature","properties":{"kind":"tertiary","name":"Mesa Road"},"geometry":{"type":"LineString","coordinates":[[-117.847069,33.652907],[-117.846563,33.652485]]}},{"type":"Feature","properties":{"kind":"primary","name":"University Drive"},"geometry":{"type":"LineString","coordinates":[[-117.847172,33.65301],[-117.848522,33.652212],[-117.849515,33.651769],[-117.850829,33.651322],[-117.852445,33.650956]]}},{"type":"Feature","properties":{"kind":"service","name":""},"geometry":{"type":"LineString","coordinates":[[-117.827162,33.647798],[-117.827141,33.647641]]}},{"type":"Feature","properties":{"kind":"primary","name":"Culver Drive"},"geometry":{"type":"LineString","coordinates":[[-117.82455,33.650101],[-117.82456,33.649935],[-117.822645,33.646602],[-117.822296,33.645843],[-117.821949,33.644553],[-117.821873,33.643255]]}},{"type":"Feature","properties":{"kind":"footway","name":""},"geometry":{"type":"LineString","coordinates":[[-117.832488,33.639912],[-117.832527,33.639843]]}},{"type":"Feature","properties":{"kind":"service","name":""},"geometry":{"type":"LineString","coordinates":[[-117.846625,33.651587],[-117.846569,33.651474]]}},{"type":"Feature","properties":{"kind":"service","name":""},"geometry":{"type":"LineString","coordinates":[[-117.846776,33.651974],[-117.846923,33.652231],[-117.847245,33.652463],[-117.847155,33.652606],[-117.846859,33.65243],[-117.84658,33.652029]]}},{"type":"Feature","properties":{"kind":"primary","name":"University Drive"},"geometry":{"type":"LineString","coordinates":[[-117.85336,33.650699],[-117.852025,33.650868],[-117.850445,33.65128],[-117.848802,33.651919],[-117.847638,33.65255]]}},{"type":"Feature","properties":{"kind":"tertiary","name":"Campus Drive"},"geometry":{"type":"LineString","coordinates":[[-117.818389,33.649445],[-117.818781,33.649868],[-117.819309,33.650265],[-117.81984,33.650521],[-117.820537,33.650699]]}},{"type":"Feature","properties":{"kind":"tertiary","name":"West Peltason Drive"},"geometry":{"type":"LineString","coordinates":[[-117.845369,33.648926],[-117.844991,33.648978]]}},{"type":"Feature","properties":{"kind":"footway","name":""},"geometry":{"type":"LineString","coordinates":[[-117.846719,33.645865],[-117.847034,33.645859]]}},{"type":"Feature","properties":{"kind":"residential","name":"Paseo Segovia"},"geometry":{"type":"LineString","coordinates":[[-117.820206,33.648257],[-117.821086,33.648573],[-117.821571,33.648533],[-117.821774,33.648447]]}},{"type":"Feature","properties":{"kind":"residential","name":"Paseo Segovia"},"geometry":{"type":"LineString","coordinates":[[-117.820206,33.648257],[-117.820129,33.64817],[-117.819667,33.647991]]}},{"type":"Feature","properties":{"kind":"path","name":""},"geometry":{"type":"LineString","coordinates":[[-117.819849,33.653909],[-117.820302,33.654149],[-117.820476,33.654557],[-117.820822,33.654837],[-117.820997,33.654921],[-117.821206,33.654926],[-117.821552,33.654848],[-117.821962,33.655049],[-117.823652,33.654798],[-117.824524,33.654824],[-117.825601,33.654693],[-117.825942,33.654789],[-117.826424,33.654717]]}},{"type":"Feature","properties":{"kind":"service","name":""},"geometry":{"type":"LineString","coordinates":[[-117.827197,33.652879],[-117.8272,33.652957],[-117.826869,33.653033]]}},{"type":"Feature","properties":{"kind":"service","name":""},"geometry":{"type":"LineString","coordinates":[[-117.827022,33.652998],[-117.8269,33.652588],[-117.827099,33.652586],[-117.827197,33.652879]]}},{"type":"Feature","properties":{"kind":"service","name":""},"geometry":{"type":"LineString","coordinates":[[-117.834494,33.649634],[-117.834404,33.649718],[-117.833957,33.649717],[-117.833863,33.649645],[-117.833864,33.649502]]}},{"type":"Feature","properties":{"kind":"residential","name":"Ride Street"},"geometry":{"type":"LineString","coordinates":[[-117.830501,33.63747],[-117.830318,33.637296],[-117.830173,33.637248],[-117.829139,33.63727],[-117.828975,33.637339]]}},{"type":"Feature","properties":{"kind":"service","name":""},"geometry":{"type":"LineString","coordinates":[[-117.83458,33.652521],[-117.834434,33.65258],[-117.834254,33.652454]]}},{"type":"Feature","properties":{"kind":"residential","name":"Graham Street"},"geometry":{"type":"LineString","coordinates":[[-117.831201,33.636604],[-117.828665,33.63667]]}},{"type":"Feature","properties":{"kind":"residential","name":"Truth Street"},"geometry":{"type":"LineString","coordinates":[[-117.82985,33.638008],[-117.829971,33.637998],[-117.830501,33.63747],[-117.831365,33.636997]]}},{"type":"Feature","properties":{"kind":"cycleway","name":""},"geometry":{"type":"LineString","coordinates":[[-117.831464,33.636968],[-117.831631,33.637222],[-117.831736,33.637269],[-117.832001,33.63713],[-117.832754,33.636888],[-117.833652,33.636853],[-117.834672,33.636986],[-117.835153,33.636914]]}},{"type":"Feature","properties":{"kind":"footway","name":""},"geometry":{"type":"LineString","coordinates":[[-117.832709,33.636869],[-117.832719,33.636894]]}},{"type":"Feature","properties":{"kind":"footway","name":""},"geometry":{"type":"LineString","coordinates":[[-117.832285,33.63701],[-117.83229,33.637038]]}},{"type":"Feature","properties":{"kind":"footway","name":""},"geometry":{"type":"LineString","coordinates":[[-117.831869,33.63717],[-117.831889,33.637213]]}},{"type":"Feature","properties":{"kind":"cycleway","name":""},"geometry":{"type":"LineString","coordinates":[[-117.826885,33.634418],[-117.826689,33.634451],[-117.825934,33.63511],[-117.822677,33.639938],[-117.822248,33.640735],[-117.821737,33.642368],[-117.82164,33.643475],[-117.821727,33.64464],[-117.821885,33.645368],[-117.822435,33.646694],[-117.823785,33.649048],[-117.824252,33.64999]]}},{"type":"Feature","properties":{"kind":"footway","name":""},"geometry":{"type":"LineString","coordinates":[[-117.830281,33.638949],[-117.829277,33.638388],[-117.828579,33.63773],[-117.828232,33.637174],[-117.828019,33.636147]]}},{"type":"Feature","properties":{"kind":"cycleway","name":""},"geometry":{"type":"LineString","coordinates":[[-117.832887,33.636259],[-117.833026,33.636579],[-117.83318,33.636688],[-117.83314,33.636869]]}},{"type":"Feature","properties":{"kind":"footway","name":""},"geometry":{"type":"LineString","coordinates":[[-117.833121,33.636829],[-117.832985,33.636799],[-117.832953,33.636713],[-117.833053,33.636661],[-117.833089,33.636735]]}},{"type":"Feature","properties":{"kind":"service","name":""},"geometry":{"type":"LineString","coordinates":[[-117.828979,33.636366],[-117.828982,33.636663]]}},{"type":"Feature","properties":{"kind":"service","name":""},"geometry":{"type":"LineString","coordinates":[[-117.829341,33.636362],[-117.829343,33.636655]]}},{"type":"Feature","properties":{"kind":"service","name":""},"geometry":{"type":"LineString","coordinates":[[-117.829704,33.636353],[-117.829708,33.636647]]}},{"type":"Feature","properties":{"kind":"service","name":""},"geometry":{"type":"LineString","coordinates":[[-117.830063,33.636351],[-117.830068,33.636639]]}},{"type":"Feature","properties":{"kind":"service","name":""},"geometry":{"type":"LineString","coordinates":[[-117.830423,33.636349],[-117.83043,33.636631]]}},{"type":"Feature","properties":{"kind":"service","name":""},"geometry":{"type":"LineString","coordinates":[[-117.830792,33.636346],[-117.830792,33.636623]]}},{"type":"Feature","properties":{"kind":"footway","name":""},"geometry":{"type":"LineString","coordinates":[[-117.832781,33.639481],[-117.832527,33.639843]]}},{"type":"Feature","properties":{"kind":"footway","name":""},"geometry":{"type":"LineString","coordinates":[[-117.835939,33.637993],[-117.83612,33.638083]]}},{"type":"Feature","properties":{"kind":"service","name":""},"geometry":{"type":"LineString","coordinates":[[-117.831002,33.636866],[-117.831152,33.637129]]}},{"type":"Feature","properties":{"kind":"service","name":""},"geometry":{"type":"LineString","coordinates":[[-117.829763,33.637535],[-117.829756,33.637255]]}},{"type":"Feature","properties":{"kind":"service","name":""},"geometry":{"type":"LineString","coordinates":[[-117.830128,33.637533],[-117.830122,33.637248]]}},{"type":"Feature","properties":{"kind":"service","name":""},"geometry":{"type":"LineString","coordinates":[[-117.829401,33.637533],[-117.829394,33.637257]]}},{"type":"Feature","properties":{"kind":"service","name":""},"geometry":{"type":"LineString","coordinates":[[-117.830681,33.637017],[-117.830849,33.63726]]}},{"type":"Feature","properties":{"kind":"footway","name":""},"geometry":{"type":"LineString","coordinates":[[-117.843214,33.638616],[-117.843457,33.638762],[-117.8435,33.638855],[-117.843642,33.638851],[-117.843909,33.638986],[-117.8441,33.639182],[-117.844606,33.639071],[-117.844772,33.639139],[-117.845013,33.639098]]}},{"type":"Feature","properties":{"kind":"footway","name":""},"geometry":{"type":"LineString","coordinates":[[-117.84371,33.638899],[-117.843822,33.639079],[-117.843942,33.639044]]}},{"type":"Feature","properties":{"kind":"service","name":""},"geometry":{"type":"LineString","coordinates":[[-117.841279,33.640613],[-117.841127,33.640596],[-117.841073,33.640822],[-117.841207,33.64087]]}},{"type":"Feature","properties":{"kind":"footway","name":""},"geometry":{"type":"LineString","coordinates":[[-117.83908,33.63878],[-117.838997,33.638797]]}},{"type":"Feature","properties":{"kind":"residential","name":"Whitman Court"},"geometry":{"type":"LineString","coordinates":[[-117.840864,33.636219],[-117.840562,33.636244],[-117.840528,33.636316],[-117.8407,33.636543]]}},{"type":"Feature","properties":{"kind":"residential","name":"Schubert Court"},"geometry":{"type":"LineString","coordinates":[[-117.838029,33.640348],[-117.837954,33.640438],[-117.838065,33.640505]]}},{"type":"Feature","properties":{"kind":"service","name":""},"geometry":{"type":"LineString","coordinates":[[-117.839758,33.647482],[-117.839534,33.647326]]}},{"type":"Feature","properties":{"kind":"footway","name":""},"geometry":{"type":"LineString","coordinates":[[-117.831545,33.636488],[-117.831201,33.636604]]}},{"type":"Feature","properties":{"kind":"footway","name":""},"geometry":{"type":"LineString","coordinates":[[-117.831634,33.636673],[-117.83139,33.63677]]}},{"type":"Feature","properties":{"kind":"footway","name":""},"geometry":{"type":"LineString","coordinates":[[-117.833039,33.636879],[-117.832916,33.636791],[-117.832651,33.636263]]}},{"type":"Feature","properties":{"kind":"footway","name":""},"geometry":{"type":"LineString","coordinates":[[-117.831505,33.63592],[-117.831815,33.636542]]}},{"type":"Feature","properties":{"kind":"footway","name":""},"geometry":{"type":"LineString","coordinates":[[-117.832545,33.636975],[-117.832235,33.6364]]}},{"type":"Feature","properties":{"kind":"footway","name":""},"geometry":{"type":"LineString","coordinates":[[-117.831815,33.636542],[-117.832078,33.63712]]}},{"type":"Feature","properties":{"kind":"footway","name":""},"geometry":{"type":"LineString","coordinates":[[-117.836149,33.639736],[-117.836151,33.639872]]}},{"type":"Feature","properties":{"kind":"footway","name":""},"geometry":{"type":"LineString","coordinates":[[-117.836151,33.639872],[-117.836201,33.639921],[-117.83614,33.640156]]}},{"type":"Feature","properties":{"kind":"footway","name":""},"geometry":{"type":"LineString","coordinates":[[-117.836201,33.639921],[-117.836367,33.639984],[-117.836474,33.640107]]}},{"type":"Feature","properties":{"kind":"footway","name":""},"geometry":{"type":"LineString","coordinates":[[-117.834955,33.637461],[-117.834969,33.637327]]}},{"type":"Feature","properties":{"kind":"footway","name":""},"geometry":{"type":"LineString","coordinates":[[-117.833863,33.640444],[-117.833854,33.640458]]}},{"type":"Feature","properties":{"kind":"service","name":""},"geometry":{"type":"LineString","coordinates":[[-117.836463,33.641562],[-117.836436,33.641408]]}},{"type":"Feature","properties":{"kind":"footway","name":""},"geometry":{"type":"LineString","coordinates":[[-117.836084,33.641613],[-117.836024,33.641501]]}},{"type":"Feature","properties":{"kind":"footway","name":""},"geometry":{"type":"LineString","coordinates":[[-117.835921,33.641653],[-117.835868,33.641573]]}},{"type":"Feature","properties":{"kind":"footway","name":""},"geometry":{"type":"LineString","coordinates":[[-117.835781,33.641638],[-117.835672,33.641713]]}},{"type":"Feature","properties":{"kind":"footway","name":""},"geometry":{"type":"LineString","coordinates":[[-117.836694,33.642211],[-117.836733,33.642308]]}},{"type":"Feature","properties":{"kind":"service","name":""},"geometry":{"type":"LineString","coordinates":[[-117.836427,33.642059],[-117.836271,33.642161]]}},{"type":"Feature","properties":{"kind":"service","name":""},"geometry":{"type":"LineString","coordinates":[[-117.836796,33.641891],[-117.836994,33.641912]]}},{"type":"Feature","properties":{"kind":"footway","name":""},"geometry":{"type":"LineString","coordinates":[[-117.836796,33.641891],[-117.836667,33.641879]]}},{"type":"Feature","properties":{"kind":"footway","name":""},"geometry":{"type":"LineString","coordinates":[[-117.83674,33.641621],[-117.837037,33.641685]]}},{"type":"Feature","properties":{"kind":"service","name":""},"geometry":{"type":"LineString","coordinates":[[-117.837248,33.641602],[-117.837053,33.641581]]}},{"type":"Feature","properties":{"kind":"footway","name":""},"geometry":{"type":"LineString","coordinates":[[-117.837248,33.641602],[-117.837467,33.641624]]}},{"type":"Feature","properties":{"kind":"footway","name":""},"geometry":{"type":"LineString","coordinates":[[-117.836911,33.642264],[-117.836934,33.642361],[-117.836589,33.642521]]}},{"type":"Feature","properties":{"kind":"service","name":""},"geometry":{"type":"LineString","coordinates":[[-117.833092,33.642382],[-117.832869,33.642326]]}},{"type":"Feature","properties":{"kind":"footway","name":""},"geometry":{"type":"LineString","coordinates":[[-117.836361,33.647518],[-117.836369,33.6474],[-117.836615,33.647242],[-117.83673,33.646851]]}},{"type":"Feature","properties":{"kind":"footway","name":""},"geometry":{"type":"LineString","coordinates":[[-117.835462,33.64769],[-117.835392,33.647209],[-117.835409,33.646141]]}},{"type":"Feature","properties":{"kind":"footway","name":""},"geometry":{"type":"LineString","coordinates":[[-117.836731,33.646789],[-117.83674,33.646686]]}},{"type":"Feature","properties":{"kind":"footway","name":""},"geometry":{"type":"LineString","coordinates":[[-117.83674,33.646686],[-117.836834,33.646653]]}},{"type":"Feature","properties":{"kind":"footway","name":""},"geometry":{"type":"LineString","coordinates":[[-117.836944,33.646564],[-117.837123,33.646477],[-117.837349,33.64624]]}},{"type":"Feature","properties":{"kind":"service","name":""},"geometry":{"type":"LineString","coordinates":[[-117.821365,33.652767],[-117.821296,33.65285],[-117.821492,33.653145],[-117.822739,33.652643],[-117.823204,33.652597],[-117.823552,33.652483],[-117.823742,33.652582],[-117.823868,33.652541]]}},{"type":"Feature","properties":{"kind":"service","name":""},"geometry":{"type":"LineString","coordinates":[[-117.823081,33.651017],[-117.823046,33.650891]]}},{"type":"Feature","properties":{"kind":"service","name":""},"geometry":{"type":"LineString","coordinates":[[-117.829281,33.65229],[-117.829335,33.652277],[-117.829399,33.652374],[-117.829562,33.652331],[-117.829449,33.652025],[-117.829279,33.652083],[-117.829335,33.652277]]}},{"type":"Feature","properties":{"kind":"service","name":""},"geometry":{"type":"LineString","coordinates":[[-117.836336,33.649371],[-117.836326,33.649674],[-117.836419,33.649781]]}},{"type":"Feature","properties":{"kind":"service","name":""},"geometry":{"type":"LineString","coordinates":[[-117.839818,33.636875],[-117.839808,33.63717]]}},{"type":"Feature","properties":{"kind":"service","name":""},"geometry":{"type":"LineString","coordinates":[[-117.834849,33.649843],[-117.835207,33.649854]]}},{"type":"Feature","properties":{"kind":"service","name":""},"geometry":{"type":"LineString","coordinates":[[-117.824769,33.651914],[-117.824563,33.652094],[-117.825304,33.653382],[-117.825612,33.654143]]}},{"type":"Feature","properties":{"kind":"footway","name":""},"geometry":{"type":"LineString","coordinates":[[-117.824788,33.652486],[-117.824231,33.652723],[-117.824002,33.652923],[-117.823899,33.653261],[-117.824053,33.653572]]}},{"type":"Feature","properties":{"kind":"cycleway","name":"Campus Sidepath"},"geometry":{"type":"LineString","coordinates":[[-117.829938,33.648778],[-117.824667,33.64992]]}},{"type":"Feature","properties":{"kind":"footway","name":""},"geometry":{"type":"LineString","coordinates":[[-117.825696,33.649462],[-117.825819,33.649612],[-117.826148,33.649536],[-117.826227,33.649578]]}},{"type":"Feature","properties":{"kind":"footway","name":""},"geometry":{"type":"LineString","coordinates":[[-117.824252,33.64999],[-117.824427,33.650262],[-117.824847,33.650165],[-117.824667,33.64992]]}},{"type":"Feature","properties":{"kind":"footway","name":""},"geometry":{"type":"LineString","coordinates":[[-117.826852,33.653513],[-117.824847,33.650165]]}},{"type":"Feature","properties":{"kind":"path","name":""},"geometry":{"type":"LineString","coordinates":[[-117.825667,33.654181],[-117.824977,33.654429],[-117.822994,33.654562],[-117.822641,33.654621],[-117.822437,33.654742],[-117.82231,33.654695],[-117.820541,33.654615]]}},{"type":"Feature","properties":{"kind":"cycleway","name":""},"geometry":{"type":"LineString","coordinates":[[-117.833927,33.645025],[-117.833723,33.64502],[-117.833186,33.645323],[-117.832671,33.645463]]}},{"type":"Feature","properties":{"kind":"service","name":""},"geometry":{"type":"LineString","coordinates":[[-117.826591,33.652104],[-117.826257,33.652186]]}},{"type":"Feature","properties":{"kind":"service","name":""},"geometry":{"type":"LineString","coordinates":[[-117.826439,33.651621],[-117.825958,33.651725]]}},{"type":"Feature","properties":{"kind":"service","name":""},"geometry":{"type":"LineString","coordinates":[[-117.842173,33.653354],[-117.841903,33.652849],[-117.841672,33.652944]]}},{"type":"Feature","properties":{"kind":"service","name":""},"geometry":{"type":"LineString","coordinates":[[-117.846553,33.641776],[-117.847656,33.641683]]}},{"type":"Feature","properties":{"kind":"service","name":""},"geometry":{"type":"LineString","coordinates":[[-117.847656,33.641683],[-117.84822,33.641846],[-117.848551,33.64215],[-117.848801,33.642572]]}},{"type":"Feature","properties":{"kind":"service","name":""},"geometry":{"type":"LineString","coordinates":[[-117.819705,33.641671],[-117.819954,33.641758],[-117.820078,33.64191]]}},{"type":"Feature","properties":{"kind":"footway","name":""},"geometry":{"type":"LineString","coordinates":[[-117.835755,33.654914],[-117.835618,33.655006]]}},{"type":"Feature","properties":{"kind":"residential","name":"Bridge Road"},"geometry":{"type":"LineString","coordinates":[[-117.838609,33.653433],[-117.838187,33.653643]]}},{"type":"Feature","properties":{"kind":"cycleway","name":""},"geometry":{"type":"LineString","coordinates":[[-117.818373,33.649588],[-117.818628,33.649423]]}},{"type":"Feature","properties":{"kind":"cycleway","name":""},"geometry":{"type":"LineString","coordinates":[[-117.818628,33.649423],[-117.81851,33.649313]]}},{"type":"Feature","properties":{"kind":"footway","name":""},"geometry":{"type":"LineString","coordinates":[[-117.838607,33.643946],[-117.83876,33.64378]]}},{"type":"Feature","properties":{"kind":"service","name":""},"geometry":{"type":"LineString","coordinates":[[-117.825783,33.647771],[-117.825703,33.647812],[-117.825627,33.648017]]}},{"type":"Feature","properties":{"kind":"service","name":""},"geometry":{"type":"LineString","coordinates":[[-117.825627,33.648017],[-117.82558,33.648277],[-117.825939,33.64874],[-117.825956,33.649129],[-117.825839,33.649249],[-117.824855,33.649473]]}},{"type":"Feature","properties":{"kind":"service","name":""},"geometry":{"type":"LineString","coordinates":[[-117.840699,33.655178],[-117.840542,33.655443]]}},{"type":"Feature","properties":{"kind":"residential","name":""},"geometry":{"type":"LineString","coordinates":[[-117.840699,33.655178],[-117.840719,33.655128]]}},{"type":"Feature","properties":{"kind":"service","name":""},"geometry":{"type":"LineString","coordinates":[[-117.841524,33.652677],[-117.840617,33.653043]]}},{"type":"Feature","properties":{"kind":"service","name":""},"geometry":{"type":"LineString","coordinates":[[-117.839845,33.65531],[-117.839802,33.65568]]}},{"type":"Feature","properties":{"kind":"service","name":""},"geometry":{"type":"LineString","coordinates":[[-117.839802,33.65568],[-117.840441,33.6558]]}},{"type":"Feature","properties":{"kind":"service","name":""},"geometry":{"type":"LineString","coordinates":[[-117.839802,33.65568],[-117.839618,33.655862],[-117.83953,33.656057],[-117.83947,33.656762]]}},{"type":"Feature","properties":{"kind":"service","name":""},"geometry":{"type":"LineString","coordinates":[[-117.842223,33.65512],[-117.842592,33.655205]]}},{"type":"Feature","properties":{"kind":"service","name":""},"geometry":{"type":"LineString","coordinates":[[-117.842592,33.655205],[-117.842869,33.655416],[-117.843153,33.655498],[-117.843766,33.655014]]}},{"type":"Feature","properties":{"kind":"service","name":""},"geometry":{"type":"LineString","coordinates":[[-117.824056,33.645558],[-117.823746,33.645618],[-117.823666,33.645684]]}},{"type":"Feature","properties":{"kind":"service","name":""},"geometry":{"type":"LineString","coordinates":[[-117.823666,33.645684],[-117.822629,33.645947]]}},{"type":"Feature","properties":{"kind":"service","name":""},"geometry":{"type":"LineString","coordinates":[[-117.827745,33.64785],[-117.827876,33.648229],[-117.827803,33.648261]]}},{"type":"Feature","properties":{"kind":"service","name":""},"geometry":{"type":"LineString","coordinates":[[-117.828198,33.649233],[-117.82807,33.648817]]}},{"type":"Feature","properties":{"kind":"footway","name":""},"geometry":{"type":"LineString","coordinates":[[-117.821998,33.65077],[-117.82176,33.650803],[-117.821687,33.650531],[-117.821944,33.650503]]}},{"type":"Feature","properties":{"kind":"service","name":""},"geometry":{"type":"LineString","coordinates":[[-117.830798,33.643668],[-117.830572,33.6434],[-117.830775,33.643044]]}},{"type":"Feature","properties":{"kind":"footway","name":""},"geometry":{"type":"LineString","coordinates":[[-117.835352,33.655938],[-117.835068,33.65576]]}},{"type":"Feature","properties":{"kind":"service","name":""},"geometry":{"type":"LineString","coordinates":[[-117.822018,33.651123],[-117.822006,33.651278],[-117.821671,33.651295],[-117.82153,33.651364],[-117.821517,33.651899],[-117.821569,33.651971],[-117.822166,33.651869],[-117.822212,33.651727],[-117.822154,33.651357],[-117.822006,33.651278]]}},{"type":"Feature","properties":{"kind":"footway","name":""},"geometry":{"type":"LineString","coordinates":[[-117.829938,33.648778],[-117.82965,33.648236],[-117.829567,33.647815],[-117.829605,33.647635]]}},{"type":"Feature","properties":{"kind":"footway","name":""},"geometry":{"type":"LineString","coordinates":[[-117.829595,33.647637],[-117.829437,33.647562],[-117.82933,33.64721]]}},{"type":"Feature","properties":{"kind":"footway","name":""},"geometry":{"type":"LineString","coordinates":[[-117.829696,33.648523],[-117.829859,33.648464]]}},{"type":"Feature","properties":{"kind":"footway","name":""},"geometry":{"type":"LineString","coordinates":[[-117.82978,33.648208],[-117.829609,33.648249]]}},{"type":"Feature","properties":{"kind":"footway","name":""},"geometry":{"type":"LineString","coordinates":[[-117.829491,33.647818],[-117.829656,33.647811]]}},{"type":"Feature","properties":{"kind":"footway","name":""},"geometry":{"type":"LineString","coordinates":[[-117.828285,33.649136],[-117.828606,33.648989],[-117.829531,33.648792],[-117.829826,33.648803]]}},{"type":"Feature","properties":{"kind":"footway","name":""},"geometry":{"type":"LineString","coordinates":[[-117.829165,33.647742],[-117.829026,33.647604],[-117.82884,33.647887],[-117.829041,33.647886],[-117.829165,33.647742]]}},{"type":"Feature","properties":{"kind":"footway","name":""},"geometry":{"type":"LineString","coordinates":[[-117.828617,33.647709],[-117.828974,33.64891]]}},{"type":"Feature","properties":{"kind":"cycleway","name":""},"geometry":{"type":"LineString","coordinates":[[-117.82807,33.648817],[-117.827876,33.648229]]}},{"type":"Feature","properties":{"kind":"footway","name":""},"geometry":{"type":"LineString","coordinates":[[-117.82933,33.64721],[-117.828701,33.647476]]}},{"type":"Feature","properties":{"kind":"footway","name":""},"geometry":{"type":"LineString","coordinates":[[-117.83221,33.645775],[-117.832281,33.645679],[-117.832299,33.645452],[-117.832671,33.645463],[-117.832678,33.645627],[-117.832618,33.645694],[-117.832281,33.645679]]}},{"type":"Feature","properties":{"kind":"cycleway","name":""},"geometry":{"type":"LineString","coordinates":[[-117.832582,33.645437],[-117.832578,33.645325],[-117.832466,33.645193],[-117.832464,33.644981],[-117.83275,33.644945]]}},{"type":"Feature","properties":{"kind":"service","name":""},"geometry":{"type":"LineString","coordinates":[[-117.833721,33.652649],[-117.834001,33.652541],[-117.83396,33.652404],[-117.834153,33.652316]]}},{"type":"Feature","properties":{"kind":"footway","name":""},"geometry":{"type":"LineString","coordinates":[[-117.828925,33.647639],[-117.829116,33.647484]]}},{"type":"Feature","properties":{"kind":"footway","name":""},"geometry":{"type":"LineString","coordinates":[[-117.828857,33.6477],[-117.828621,33.647567]]}},{"type":"Feature","properties":{"kind":"cycleway","name":""},"geometry":{"type":"LineString","coordinates":[[-117.828112,33.647772],[-117.828951,33.647233],[-117.829441,33.647126]]}},{"type":"Feature","properties":{"kind":"service","name":""},"geometry":{"type":"LineString","coordinates":[[-117.831728,33.645958],[-117.831912,33.645981]]}},{"type":"Feature","properties":{"kind":"service","name":""},"geometry":{"type":"LineString","coordinates":[[-117.830412,33.647865],[-117.830324,33.64752]]}},{"type":"Feature","properties":{"kind":"footway","name":""},"geometry":{"type":"LineString","coordinates":[[-117.82957,33.647521],[-117.829372,33.64735]]}},{"type":"Feature","properties":{"kind":"footway","name":""},"geometry":{"type":"LineString","coordinates":[[-117.82933,33.64721],[-117.829311,33.647139]]}},{"type":"Feature","properties":{"kind":"cycleway","name":""},"geometry":{"type":"LineString","coordinates":[[-117.827287,33.648031],[-117.827657,33.647953]]}},{"type":"Feature","properties":{"kind":"footway","name":""},"geometry":{"type":"LineString","coordinates":[[-117.828648,33.647812],[-117.828569,33.647828]]}},{"type":"Feature","properties":{"kind":"service","name":""},"geometry":{"type":"LineString","coordinates":[[-117.835635,33.652542],[-117.835522,33.65276]]}},{"type":"Feature","properties":{"kind":"cycleway","name":""},"geometry":{"type":"LineString","coordinates":[[-117.843561,33.642545],[-117.844798,33.643084]]}},{"type":"Feature","properties":{"kind":"service","name":""},"geometry":{"type":"LineString","coordinates":[[-117.844894,33.642947],[-117.844035,33.642607],[-117.844068,33.642421]]}},{"type":"Feature","properties":{"kind":"path","name":""},"geometry":{"type":"LineString","coordinates":[[-117.828075,33.641431],[-117.827678,33.641257],[-117.827635,33.640735],[-117.827472,33.640533],[-117.827454,33.640243],[-117.827933,33.639969],[-117.82814,33.63996],[-117.828391,33.639861],[-117.828753,33.63995]]}},{"type":"Feature","properties":{"kind":"footway","name":""},"geometry":{"type":"LineString","coordinates":[[-117.84132,33.645406],[-117.84111,33.645071]]}},{"type":"Feature","properties":{"kind":"footway","name":""},"geometry":{"type":"LineString","coordinates":[[-117.828736,33.648028],[-117.828599,33.648049]]}},{"type":"Feature","properties":{"kind":"footway","name":""},"geometry":{"type":"LineString","coordinates":[[-117.828436,33.647572],[-117.828569,33.647701],[-117.828767,33.647643]]}},{"type":"Feature","properties":{"kind":"footway","name":""},"geometry":{"type":"LineString","coordinates":[[-117.82884,33.647887],[-117.828736,33.648028]]}},{"type":"Feature","properties":{"kind":"service","name":""},"geometry":{"type":"LineString","coordinates":[[-117.837037,33.641349],[-117.837291,33.64134]]}},{"type":"Feature","properties":{"kind":"service","name":""},"geometry":{"type":"LineString","coordinates":[[-117.841358,33.641295],[-117.841438,33.641201],[-117.841328,33.640906],[-117.841207,33.64087]]}},{"type":"Feature","properties":{"kind":"cycleway","name":""},"geometry":{"type":"LineString","coordinates":[[-117.824922,33.643774],[-117.824805,33.643879],[-117.824216,33.643959]]}},{"type":"Feature","properties":{"kind":"residential","name":"Russell Place"},"geometry":{"type":"LineString","coordinates":[[-117.835466,33.641629],[-117.835415,33.641671]]}},{"type":"Feature","properties":{"kind":"service","name":""},"geometry":{"type":"LineString","coordinates":[[-117.835015,33.653247],[-117.834898,33.653028],[-117.834751,33.653062],[-117.834571,33.652958],[-117.834399,33.653034]]}},{"type":"Feature","properties":{"kind":"service","name":""},"geometry":{"type":"LineString","coordinates":[[-117.821812,33.650721],[-117.821895,33.651024]]}},{"type":"Feature","properties":{"kind":"service","name":""},"geometry":{"type":"LineString","coordinates":[[-117.827779,33.652759],[-117.827684,33.652425]]}},{"type":"Feature","properties":{"kind":"tertiary","name":"California Avenue"},"geometry":{"type":"LineString","coordinates":[[-117.834664,33.637056],[-117.83527,33.636961]]}},{"type":"Feature","properties":{"kind":"cycleway","name":""},"geometry":{"type":"LineString","coordinates":[[-117.835319,33.636866],[-117.835482,33.636808],[-117.835674,33.63661]]}},{"type":"Feature","properties":{"kind":"footway","name":""},"geometry":{"type":"LineString","coordinates":[[-117.835319,33.636866],[-117.835153,33.636914],[-117.835212,33.637047],[-117.835381,33.637005],[-117.835319,33.636866]]}},{"type":"Feature","properties":{"kind":"footway","name":""},"geometry":{"type":"LineString","coordinates":[[-117.832426,33.648529],[-117.832242,33.648574],[-117.832168,33.648321]]}},{"type":"Feature","properties":{"kind":"service","name":""},"geometry":{"type":"LineString","coordinates":[[-117.836391,33.65225],[-117.836204,33.652155],[-117.836082,33.652179],[-117.836057,33.652302],[-117.836257,33.652412]]}},{"type":"Feature","properties":{"kind":"service","name":""},"geometry":{"type":"LineString","coordinates":[[-117.825684,33.651225],[-117.825597,33.6511],[-117.82564,33.65106],[-117.826074,33.650969]]}},{"type":"Feature","properties":{"kind":"residential","name":"Emporia Avenue"},"geometry":{"type":"LineString","coordinates":[[-117.821053,33.638315],[-117.821625,33.638411]]}},{"type":"Feature","properties":{"kind":"residential","name":"Emporia Avenue"},"geometry":{"type":"LineString","coordinates":[[-117.821643,33.638335],[-117.82107,33.638235]]}},{"type":"Feature","properties":{"kind":"service","name":""},"geometry":{"type":"LineString","coordinates":[[-117.843075,33.655708],[-117.843153,33.655498]]}},{"type":"Feature","properties":{"kind":"service","name":""},"geometry":{"type":"LineString","coordinates":[[-117.840493,33.65648],[-117.840492,33.656321]]}},{"type":"Feature","properties":{"kind":"footway","name":""},"geometry":{"type":"LineString","coordinates":[[-117.840861,33.656568],[-117.840867,33.656233],[-117.840991,33.65633],[-117.841023,33.656498],[-117.840861,33.656568]]}},{"type":"Feature","properties":{"kind":"footway","name":""},"geometry":{"type":"LineString","coordinates":[[-117.841216,33.656768],[-117.841176,33.656679],[-117.841765,33.656431],[-117.842113,33.656396],[-117.842198,33.656275],[-117.842193,33.655971],[-117.842489,33.655997],[-117.842745,33.655824],[-117.842987,33.655758],[-117.843109,33.655493]]}},{"type":"Feature","properties":{"kind":"footway","name":""},"geometry":{"type":"LineString","coordinates":[[-117.841282,33.656282],[-117.841157,33.656294]]}},{"type":"Feature","properties":{"kind":"footway","name":""},"geometry":{"type":"LineString","coordinates":[[-117.841221,33.656038],[-117.841145,33.65632],[-117.840979,33.656316]]}},{"type":"Feature","properties":{"kind":"footway","name":""},"geometry":{"type":"LineString","coordinates":[[-117.840641,33.656022],[-117.840614,33.656109],[-117.840729,33.656204]]}},{"type":"Feature","properties":{"kind":"footway","name":""},"geometry":{"type":"LineString","coordinates":[[-117.840013,33.656377],[-117.840029,33.656289],[-117.839968,33.65628],[-117.840024,33.656177],[-117.84051,33.656281],[-117.840747,33.656202],[-117.840834,33.656249]]}},{"type":"Feature","properties":{"kind":"footway","name":""},"geometry":{"type":"LineString","coordinates":[[-117.840175,33.656205],[-117.840255,33.655936]]}},{"type":"Feature","properties":{"kind":"footway","name":""},"geometry":{"type":"LineString","coordinates":[[-117.840083,33.656122],[-117.8398,33.656086],[-117.839682,33.655965]]}},{"type":"Feature","properties":{"kind":"footway","name":""},"geometry":{"type":"LineString","coordinates":[[-117.839646,33.656065],[-117.839822,33.655817],[-117.839743,33.655734]]}},{"type":"Feature","properties":{"kind":"footway","name":""},"geometry":{"type":"LineString","coordinates":[[-117.841955,33.656116],[-117.841907,33.655942]]}},{"type":"Feature","properties":{"kind":"footway","name":""},"geometry":{"type":"LineString","coordinates":[[-117.842007,33.655893],[-117.842193,33.655971]]}},{"type":"Feature","properties":{"kind":"footway","name":""},"geometry":{"type":"LineString","coordinates":[[-117.841907,33.655942],[-117.842007,33.655893]]}},{"type":"Feature","properties":{"kind":"footway","name":""},"geometry":{"type":"LineString","coordinates":[[-117.842332,33.655967],[-117.842355,33.655918]]}},{"type":"Feature","properties":{"kind":"footway","name":""},"geometry":{"type":"LineString","coordinates":[[-117.842374,33.65591],[-117.842343,33.6559]]}},{"type":"Feature","properties":{"kind":"footway","name":""},"geometry":{"type":"LineString","coordinates":[[-117.843262,33.655423],[-117.84319,33.655359],[-117.84332,33.655247]]}},{"type":"Feature","properties":{"kind":"footway","name":""},"geometry":{"type":"LineString","coordinates":[[-117.842703,33.655281],[-117.842805,33.655202],[-117.842891,33.655323]]}},{"type":"Feature","properties":{"kind":"footway","name":""},"geometry":{"type":"LineString","coordinates":[[-117.843283,33.655279],[-117.843041,33.655155],[-117.842842,33.65526]]}},{"type":"Feature","properties":{"kind":"footway","name":""},"geometry":{"type":"LineString","coordinates":[[-117.843093,33.655029],[-117.843052,33.655157]]}},{"type":"Feature","properties":{"kind":"footway","name":""},"geometry":{"type":"LineString","coordinates":[[-117.842827,33.654851],[-117.842881,33.654729],[-117.842674,33.654694],[-117.842589,33.654604]]}},{"type":"Feature","properties":{"kind":"footway","name":""},"geometry":{"type":"LineString","coordinates":[[-117.842897,33.654664],[-117.842822,33.654728]]}},{"type":"Feature","properties":{"kind":"footway","name":""},"geometry":{"type":"LineString","coordinates":[[-117.842692,33.654549],[-117.842471,33.654624],[-117.842397,33.654554],[-117.842625,33.654184],[-117.842257,33.653802],[-117.842096,33.65351],[-117.842318,33.653402]]}},{"type":"Feature","properties":{"kind":"footway","name":""},"geometry":{"type":"LineString","coordinates":[[-117.842195,33.653703],[-117.842088,33.653742]]}},{"type":"Feature","properties":{"kind":"footway","name":""},"geometry":{"type":"LineString","coordinates":[[-117.842096,33.65351],[-117.841979,33.653549]]}},{"type":"Feature","properties":{"kind":"footway","name":""},"geometry":{"type":"LineString","coordinates":[[-117.842256,33.653427],[-117.842173,33.653354]]}},{"type":"Feature","properties":{"kind":"service","name":""},"geometry":{"type":"LineString","coordinates":[[-117.841791,33.65468],[-117.842107,33.654467]]}},{"type":"Feature","properties":{"kind":"footway","name":""},"geometry":{"type":"LineString","coordinates":[[-117.841811,33.655022],[-117.841707,33.654988],[-117.841683,33.654745]]}},{"type":"Feature","properties":{"kind":"footway","name":""},"geometry":{"type":"LineString","coordinates":[[-117.841752,33.65465],[-117.841529,33.654895]]}},{"type":"Feature","properties":{"kind":"footway","name":""},"geometry":{"type":"LineString","coordinates":[[-117.841821,33.654753],[-117.841712,33.654789]]}},{"type":"Feature","properties":{"kind":"footway","name":""},"geometry":{"type":"LineString","coordinates":[[-117.841553,33.655378],[-117.841585,33.655306]]}},{"type":"Feature","properties":{"kind":"footway","name":""},"geometry":{"type":"LineString","coordinates":[[-117.841686,33.655336],[-117.841086,33.655158]]}},{"type":"Feature","properties":{"kind":"footway","name":""},"geometry":{"type":"LineString","coordinates":[[-117.841159,33.65526],[-117.841189,33.655188]]}},{"type":"Feature","properties":{"kind":"footway","name":""},"geometry":{"type":"LineString","coordinates":[[-117.841376,33.655244],[-117.841529,33.654895],[-117.841306,33.654752],[-117.841265,33.654521],[-117.841336,33.654451],[-117.841402,33.654507],[-117.841476,33.654448]]}},{"type":"Feature","properties":{"kind":"footway","name":""},"geometry":{"type":"LineString","coordinates":[[-117.841182,33.654882],[-117.841216,33.654814],[-117.841286,33.654837],[-117.841306,33.654752]]}},{"type":"Feature","properties":{"kind":"footway","name":""},"geometry":{"type":"LineString","coordinates":[[-117.841265,33.654521],[-117.841185,33.654458],[-117.840799,33.654514],[-117.840355,33.654465]]}},{"type":"Feature","properties":{"kind":"footway","name":""},"geometry":{"type":"LineString","coordinates":[[-117.841295,33.654482],[-117.841239,33.654485]]}},{"type":"Feature","properties":{"kind":"footway","name":""},"geometry":{"type":"LineString","coordinates":[[-117.840739,33.655135],[-117.840849,33.654857]]}},{"type":"Feature","properties":{"kind":"footway","name":""},"geometry":{"type":"LineString","coordinates":[[-117.840961,33.654855],[-117.840726,33.654865],[-117.840611,33.6548]]}},{"type":"Feature","properties":{"kind":"footway","name":""},"geometry":{"type":"LineString","coordinates":[[-117.840278,33.654831],[-117.840611,33.6548],[-117.840654,33.654498]]}},{"type":"Feature","properties":{"kind":"footway","name":""},"geometry":{"type":"LineString","coordinates":[[-117.843529,33.650799],[-117.843408,33.650847]]}},{"type":"Feature","properties":{"kind":"pedestrian","name":""},"geometry":{"type":"LineString","coordinates":[[-117.845435,33.645155],[-117.845326,33.645183]]}},{"type":"Feature","properties":{"kind":"footway","name":""},"geometry":{"type":"LineString","coordinates":[[-117.844794,33.655198],[-117.845707,33.655851]]}},{"type":"Feature","properties":{"kind":"footway","name":""},"geometry":{"type":"LineString","coordinates":[[-117.845748,33.655893],[-117.845902,33.656023]]}},{"type":"Feature","properties":{"kind":"footway","name":""},"geometry":{"type":"LineString","coordinates":[[-117.838504,33.640555],[-117.838555,33.640568],[-117.838525,33.640659]]}},{"type":"Feature","properties":{"kind":"footway","name":""},"geometry":{"type":"LineString","coordinates":[[-117.837435,33.640592],[-117.83749,33.640508],[-117.837422,33.640318],[-117.837683,33.640249],[-117.837781,33.640473],[-117.837571,33.640557],[-117.83749,33.640508]]}},{"type":"Feature","properties":{"kind":"footway","name":""},"geometry":{"type":"LineString","coordinates":[[-117.837482,33.640589],[-117.837513,33.64066]]}},{"type":"Feature","properties":{"kind":"footway","name":""},"geometry":{"type":"LineString","coordinates":[[-117.838141,33.640418],[-117.838259,33.640422]]}},{"type":"Feature","properties":{"kind":"footway","name":""},"geometry":{"type":"LineString","coordinates":[[-117.837799,33.640203],[-117.837683,33.640249]]}},{"type":"Feature","properties":{"kind":"footway","name":""},"geometry":{"type":"LineString","coordinates":[[-117.835924,33.638196],[-117.835814,33.638248]]}},{"type":"Feature","properties":{"kind":"footway","name":""},"geometry":{"type":"LineString","coordinates":[[-117.836219,33.636587],[-117.835942,33.636633],[-117.835657,33.636761],[-117.835546,33.636742]]}},{"type":"Feature","properties":{"kind":"service","name":"Engineering Service Road"},"geometry":{"type":"LineString","coordinates":[[-117.839048,33.642806],[-117.838941,33.643457],[-117.839463,33.644515]]}},{"type":"Feature","properties":{"kind":"secondary","name":"East Peltason Drive"},"geometry":{"type":"LineString","coordinates":[[-117.839048,33.642806],[-117.840185,33.64278],[-117.841494,33.642463]]}},{"type":"Feature","properties":{"kind":"footway","name":""},"geometry":{"type":"LineString","coordinates":[[-117.836601,33.640093],[-117.836997,33.639989],[-117.837295,33.64057],[-117.837387,33.641062],[-117.836108,33.641218],[-117.835984,33.641053],[-117.835195,33.640669],[-117.835373,33.640395],[-117.83545,33.640019],[-117.835817,33.639365],[-117.836425,33.639281]]}},{"type":"Feature","properties":{"kind":"footway","name":""},"geometry":{"type":"LineString","coordinates":[[-117.835212,33.637047],[-117.835509,33.637748],[-117.835849,33.638183],[-117.836265,33.639164],[-117.836111,33.63923],[-117.835856,33.639222],[-117.835712,33.638736],[-117.835533,33.638554],[-117.835358,33.638473]]}},{"type":"Feature","properties":{"kind":"footway","name":""},"geometry":{"type":"LineString","coordinates":[[-117.836937,33.639897],[-117.836997,33.639989]]}},{"type":"Feature","properties":{"kind":"footway","name":""},"geometry":{"type":"LineString","coordinates":[[-117.836425,33.639281],[-117.836937,33.639897]]}},{"type":"Feature","properties":{"kind":"footway","name":""},"geometry":{"type":"LineString","coordinates":[[-117.836277,33.639139],[-117.836404,33.639289]]}},{"type":"Feature","properties":{"kind":"footway","name":""},"geometry":{"type":"LineString","coordinates":[[-117.842572,33.643293],[-117.842708,33.643065]]}},{"type":"Feature","properties":{"kind":"footway","name":""},"geometry":{"type":"LineString","coordinates":[[-117.842699,33.643025],[-117.842686,33.642966]]}},{"type":"Feature","properties":{"kind":"footway","name":""},"geometry":{"type":"LineString","coordinates":[[-117.842611,33.642637],[-117.842652,33.642802]]}},{"type":"Feature","properties":{"kind":"footway","name":""},"geometry":{"type":"LineString","coordinates":[[-117.843625,33.644575],[-117.84366,33.644523]]}},{"type":"Feature","properties":{"kind":"footway","name":""},"geometry":{"type":"LineString","coordinates":[[-117.841273,33.644352],[-117.841573,33.644687]]}},{"type":"Feature","properties":{"kind":"footway","name":""},"geometry":{"type":"LineString","coordinates":[[-117.841249,33.644327],[-117.841166,33.644237]]}},{"type":"Feature","properties":{"kind":"footway","name":""},"geometry":{"type":"LineString","coordinates":[[-117.840829,33.648026],[-117.840905,33.647939]]}},{"type":"Feature","properties":{"kind":"footway","name":""},"geometry":{"type":"LineString","coordinates":[[-117.837407,33.641201],[-117.836157,33.641342],[-117.835672,33.641557],[-117.835617,33.641642],[-117.835672,33.641713]]}},{"type":"Feature","properties":{"kind":"footway","name":""},"geometry":{"type":"LineString","coordinates":[[-117.835424,33.641803],[-117.835617,33.641642]]}},{"type":"Feature","properties":{"kind":"footway","name":""},"geometry":{"type":"LineString","coordinates":[[-117.835617,33.641642],[-117.835469,33.641526]]}},{"type":"Feature","properties":{"kind":"service","name":""},"geometry":{"type":"LineString","coordinates":[[-117.827894,33.655177],[-117.82762,33.655233]]}},{"type":"Feature","properties":{"kind":"cycleway","name":""},"geometry":{"type":"LineString","coordinates":[[-117.84471,33.655267],[-117.844794,33.655198]]}},{"type":"Feature","properties":{"kind":"cycleway","name":"San Diego Creek Trail"},"geometry":{"type":"LineString","coordinates":[[-117.842037,33.657773],[-117.844285,33.655696]]}},{"type":"Feature","properties":{"kind":"cycleway","name":"San Diego Creek Trail"},"geometry":{"type":"LineString","coordinates":[[-117.844285,33.655696],[-117.844798,33.655358],[-117.845151,33.655026],[-117.845419,33.654652]]}},{"type":"Feature","properties":{"kind":"footway","name":""},"geometry":{"type":"LineString","coordinates":[[-117.844692,33.654739],[-117.844461,33.654968]]}},{"type":"Feature","properties":{"kind":"cycleway","name":""},"geometry":{"type":"LineString","coordinates":[[-117.846745,33.653452],[-117.847566,33.652882]]}},{"type":"Feature","properties":{"kind":"footway","name":""},"geometry":{"type":"LineString","coordinates":[[-117.852191,33.641187],[-117.851034,33.642114],[-117.849926,33.642777],[-117.849285,33.643083],[-117.849345,33.643599],[-117.849225,33.644591]]}},{"type":"Feature","properties":{"kind":"footway","name":""},"geometry":{"type":"LineString","coordinates":[[-117.835469,33.641526],[-117.834406,33.640771],[-117.832847,33.639924],[-117.831168,33.639385],[-117.830521,33.639106],[-117.830486,33.639002],[-117.83077,33.638463],[-117.831084,33.638051],[-117.831469,33.637785],[-117.832388,33.637335],[-117.832962,33.637168],[-117.833611,33.637104],[-117.833638,33.637357],[-117.832693,33.637589],[-117.831628,33.638104],[-117.831133,33.638609],[-117.831067,33.638761],[-117.831093,33.638904],[-117.831232,33.639045],[-117.832781,33.639481],[-117.833828,33.640098],[-117.834505,33.640386],[-117.835358,33.640933],[-117.835908,33.641169],[-117.835952,33.641279],[-117.835469,33.641526]]}},{"type":"Feature","properties":{"kind":"footway","name":""},"geometry":{"type":"LineString","coordinates":[[-117.837985,33.641052],[-117.838117,33.641051]]}},{"type":"Feature","properties":{"kind":"footway","name":""},"geometry":{"type":"LineString","coordinates":[[-117.837982,33.64117],[-117.838136,33.641176]]}},{"type":"Feature","properties":{"kind":"footway","name":""},"geometry":{"type":"LineString","coordinates":[[-117.838511,33.641111],[-117.83866,33.641144]]}},{"type":"Feature","properties":{"kind":"footway","name":""},"geometry":{"type":"LineString","coordinates":[[-117.837387,33.641062],[-117.837407,33.641201],[-117.837563,33.641171],[-117.837558,33.641045],[-117.837387,33.641062]]}},{"type":"Feature","properties":{"kind":"footway","name":""},"geometry":{"type":"LineString","coordinates":[[-117.837085,33.64183],[-117.837353,33.64185],[-117.837407,33.641201]]}},{"type":"Feature","properties":{"kind":"footway","name":""},"geometry":{"type":"LineString","coordinates":[[-117.836108,33.641218],[-117.83597,33.641254]]}},{"type":"Feature","properties":{"kind":"footway","name":""},"geometry":{"type":"LineString","coordinates":[[-117.835035,33.640543],[-117.834144,33.64008],[-117.834398,33.639685],[-117.835294,33.64001],[-117.835226,33.64035],[-117.835035,33.640543]]}},{"type":"Feature","properties":{"kind":"footway","name":""},"geometry":{"type":"LineString","coordinates":[[-117.835188,33.640638],[-117.835035,33.640543]]}},{"type":"Feature","properties":{"kind":"footway","name":""},"geometry":{"type":"LineString","coordinates":[[-117.834031,33.64003],[-117.83426,33.639738],[-117.834254,33.639606],[-117.833345,33.639107],[-117.833044,33.639479],[-117.834031,33.64003]]}},{"type":"Feature","properties":{"kind":"footway","name":""},"geometry":{"type":"LineString","coordinates":[[-117.834019,33.640032],[-117.834144,33.64008]]}},{"type":"Feature","properties":{"kind":"footway","name":""},"geometry":{"type":"LineString","coordinates":[[-117.832896,33.639355],[-117.833224,33.639024],[-117.833199,33.638955],[-117.832923,33.638818],[-117.832138,33.638622],[-117.831651,33.638304],[-117.831426,33.638468],[-117.831248,33.638708],[-117.831239,33.638858],[-117.83131,33.638935],[-117.832896,33.639355]]}},{"type":"Feature","properties":{"kind":"footway","name":""},"geometry":{"type":"LineString","coordinates":[[-117.833037,33.639461],[-117.832871,33.639373]]}},{"type":"Feature","properties":{"kind":"footway","name":""},"geometry":{"type":"LineString","coordinates":[[-117.831778,33.638209],[-117.832221,33.638507],[-117.833002,33.638706],[-117.833318,33.638875],[-117.833702,33.638541],[-117.83361,33.638413],[-117.83339,33.638284],[-117.832713,33.638114],[-117.832522,33.637807],[-117.831778,33.638209]]}},{"type":"Feature","properties":{"kind":"footway","name":""},"geometry":{"type":"LineString","coordinates":[[-117.831618,33.638305],[-117.831771,33.638185]]}},{"type":"Feature","properties":{"kind":"footway","name":""},"geometry":{"type":"LineString","coordinates":[[-117.834303,33.639477],[-117.833482,33.638979],[-117.833836,33.638622],[-117.834591,33.639094],[-117.834303,33.639477]]}},{"type":"Feature","properties":{"kind":"footway","name":""},"geometry":{"type":"LineString","coordinates":[[-117.833468,33.638982],[-117.833365,33.639085]]}},{"type":"Feature","properties":{"kind":"footway","name":""},"geometry":{"type":"LineString","coordinates":[[-117.833222,33.639008],[-117.833338,33.638898]]}},{"type":"Feature","properties":{"kind":"footway","name":""},"geometry":{"type":"LineString","coordinates":[[-117.835322,33.639856],[-117.834454,33.63954],[-117.834686,33.639136],[-117.835648,33.639348],[-117.835531,33.639643],[-117.835322,33.639856]]}},{"type":"Feature","properties":{"kind":"footway","name":""},"geometry":{"type":"LineString","coordinates":[[-117.835294,33.64001],[-117.835367,33.639858]]}},{"type":"Feature","properties":{"kind":"footway","name":""},"geometry":{"type":"LineString","coordinates":[[-117.834398,33.639685],[-117.834266,33.639624]]}},{"type":"Feature","properties":{"kind":"footway","name":""},"geometry":{"type":"LineString","coordinates":[[-117.834303,33.639477],[-117.834449,33.639534]]}},{"type":"Feature","properties":{"kind":"footway","name":""},"geometry":{"type":"LineString","coordinates":[[-117.833803,33.638377],[-117.833362,33.638119],[-117.83284,33.638009],[-117.832706,33.637729],[-117.83366,33.637501],[-117.833775,33.637689],[-117.834206,33.638],[-117.83387,33.638373],[-117.833803,33.638377]]}},{"type":"Feature","properties":{"kind":"footway","name":""},"geometry":{"type":"LineString","coordinates":[[-117.832522,33.637807],[-117.832706,33.637729]]}},{"type":"Feature","properties":{"kind":"footway","name":""},"geometry":{"type":"LineString","coordinates":[[-117.833638,33.637357],[-117.83366,33.637501]]}},{"type":"Feature","properties":{"kind":"footway","name":""},"geometry":{"type":"LineString","coordinates":[[-117.833966,33.63848],[-117.834289,33.638159],[-117.83439,33.638154],[-117.834726,33.638443],[-117.835299,33.638583],[-117.835493,33.638698],[-117.835651,33.638969],[-117.835673,33.63916],[-117.835608,33.639187],[-117.834626,33.638942],[-117.834029,33.638577],[-117.833966,33.63848]]}},{"type":"Feature","properties":{"kind":"footway","name":""},"geometry":{"type":"LineString","coordinates":[[-117.833836,33.638622],[-117.833966,33.63848]]}},{"type":"Feature","properties":{"kind":"footway","name":""},"geometry":{"type":"LineString","coordinates":[[-117.833702,33.638541],[-117.83387,33.638373]]}},{"type":"Feature","properties":{"kind":"footway","name":""},"geometry":{"type":"LineString","coordinates":[[-117.834338,33.638136],[-117.834207,33.638009]]}},{"type":"Feature","properties":{"kind":"footway","name":""},"geometry":{"type":"LineString","coordinates":[[-117.834207,33.638009],[-117.834391,33.637979]]}},{"type":"Feature","properties":{"kind":"footway","name":""},"geometry":{"type":"LineString","coordinates":[[-117.834338,33.638136],[-117.834391,33.637979]]}},{"type":"Feature","properties":{"kind":"footway","name":""},"geometry":{"type":"LineString","coordinates":[[-117.835212,33.637047],[-117.83467,33.637114],[-117.833852,33.637113]]}},{"type":"Feature","properties":{"kind":"footway","name":""},"geometry":{"type":"LineString","coordinates":[[-117.83279,33.639486],[-117.832871,33.639373]]}},{"type":"Feature","properties":{"kind":"footway","name":""},"geometry":{"type":"LineString","coordinates":[[-117.835648,33.639348],[-117.835659,33.639174]]}},{"type":"Feature","properties":{"kind":"footway","name":""},"geometry":{"type":"LineString","coordinates":[[-117.835659,33.639174],[-117.835856,33.639222]]}},{"type":"Feature","properties":{"kind":"footway","name":""},"geometry":{"type":"LineString","coordinates":[[-117.835856,33.639222],[-117.835834,33.639356]]}},{"type":"Feature","properties":{"kind":"footway","name":""},"geometry":{"type":"LineString","coordinates":[[-117.835834,33.639356],[-117.835648,33.639348]]}},{"type":"Feature","properties":{"kind":"footway","name":""},"geometry":{"type":"LineString","coordinates":[[-117.834724,33.639137],[-117.83457,33.639074]]}},{"type":"Feature","properties":{"kind":"footway","name":""},"geometry":{"type":"LineString","coordinates":[[-117.836752,33.63943],[-117.836843,33.639553]]}},{"type":"Feature","properties":{"kind":"footway","name":""},"geometry":{"type":"LineString","coordinates":[[-117.8412,33.638419],[-117.841263,33.63847]]}},{"type":"Feature","properties":{"kind":"footway","name":""},"geometry":{"type":"LineString","coordinates":[[-117.8412,33.638419],[-117.841196,33.638307]]}},{"type":"Feature","properties":{"kind":"footway","name":""},"geometry":{"type":"LineString","coordinates":[[-117.849066,33.643185],[-117.849285,33.643083],[-117.849254,33.642861],[-117.849032,33.643003],[-117.849066,33.643185]]}},{"type":"Feature","properties":{"kind":"footway","name":""},"geometry":{"type":"LineString","coordinates":[[-117.849186,33.642761],[-117.849254,33.642861],[-117.849325,33.642851],[-117.850878,33.641879],[-117.850484,33.641471],[-117.850188,33.640705]]}},{"type":"Feature","properties":{"kind":"footway","name":""},"geometry":{"type":"LineString","coordinates":[[-117.843375,33.641869],[-117.843677,33.641709],[-117.844377,33.64154],[-117.845774,33.641464],[-117.846806,33.641271],[-117.847622,33.641291],[-117.848091,33.64143],[-117.848717,33.641845],[-117.849069,33.642313],[-117.849186,33.642761]]}},{"type":"Feature","properties":{"kind":"footway","name":""},"geometry":{"type":"LineString","coordinates":[[-117.841027,33.649848],[-117.839592,33.648937],[-117.838157,33.648143]]}},{"type":"Feature","properties":{"kind":"footway","name":""},"geometry":{"type":"LineString","coordinates":[[-117.83934,33.648801],[-117.839231,33.64849]]}},{"type":"Feature","properties":{"kind":"footway","name":""},"geometry":{"type":"LineString","coordinates":[[-117.846285,33.650533],[-117.846069,33.650478],[-117.846031,33.650417],[-117.846172,33.650013],[-117.846432,33.649661]]}},{"type":"Feature","properties":{"kind":"footway","name":""},"geometry":{"type":"LineString","coordinates":[[-117.842006,33.651138],[-117.842525,33.650898],[-117.842695,33.650736],[-117.842972,33.650286],[-117.843039,33.650281],[-117.84308,33.650354],[-117.842842,33.650742]]}},{"type":"Feature","properties":{"kind":"footway","name":""},"geometry":{"type":"LineString","coordinates":[[-117.842827,33.650548],[-117.842842,33.650742]]}},{"type":"Feature","properties":{"kind":"footway","name":""},"geometry":{"type":"LineString","coordinates":[[-117.843166,33.652864],[-117.843316,33.652703],[-117.84313,33.652598],[-117.843074,33.652496],[-117.842782,33.651518],[-117.842927,33.650868],[-117.843215,33.650353],[-117.843183,33.650209],[-117.843029,33.65009],[-117.843101,33.649976]]}},{"type":"Feature","properties":{"kind":"footway","name":""},"geometry":{"type":"LineString","coordinates":[[-117.845325,33.653055],[-117.844887,33.653059],[-117.844763,33.653376],[-117.844698,33.653455],[-117.844603,33.65346],[-117.844178,33.653262],[-117.843661,33.653226],[-117.843569,33.653066],[-117.843614,33.652809]]}},{"type":"Feature","properties":{"kind":"footway","name":""},"geometry":{"type":"LineString","coordinates":[[-117.844178,33.653262],[-117.844232,33.653362],[-117.844141,33.653422],[-117.844074,33.653366],[-117.844083,33.653257]]}},{"type":"Feature","properties":{"kind":"footway","name":""},"geometry":{"type":"LineString","coordinates":[[-117.844141,33.653422],[-117.844016,33.653612],[-117.843812,33.653638]]}},{"type":"Feature","properties":{"kind":"footway","name":""},"geometry":{"type":"LineString","coordinates":[[-117.840759,33.651331],[-117.840015,33.65189]]}},{"type":"Feature","properties":{"kind":"footway","name":""},"geometry":{"type":"LineString","coordinates":[[-117.840257,33.652053],[-117.840989,33.652609],[-117.841873,33.654139],[-117.842397,33.654554]]}},{"type":"Feature","properties":{"kind":"footway","name":""},"geometry":{"type":"LineString","coordinates":[[-117.839855,33.652054],[-117.839353,33.652702],[-117.838619,33.653229]]}},{"type":"Feature","properties":{"kind":"footway","name":""},"geometry":{"type":"LineString","coordinates":[[-117.838616,33.653255],[-117.837738,33.652421],[-117.837086,33.651935]]}},{"type":"Feature","properties":{"kind":"footway","name":""},"geometry":{"type":"LineString","coordinates":[[-117.838816,33.653426],[-117.839505,33.652941],[-117.840115,33.652198]]}},{"type":"Feature","properties":{"kind":"footway","name":""},"geometry":{"type":"LineString","coordinates":[[-117.836859,33.65213],[-117.838384,33.653417]]}},{"type":"Feature","properties":{"kind":"footway","name":""},"geometry":{"type":"LineString","coordinates":[[-117.836218,33.652884],[-117.835811,33.653076],[-117.835642,33.653023],[-117.835695,33.652876],[-117.83612,33.652797]]}},{"type":"Feature","properties":{"kind":"footway","name":""},"geometry":{"type":"LineString","coordinates":[[-117.836685,33.65202],[-117.836859,33.65213],[-117.837086,33.651935],[-117.836847,33.65179],[-117.836685,33.65202]]}},{"type":"Feature","properties":{"kind":"footway","name":""},"geometry":{"type":"LineString","coordinates":[[-117.831424,33.651776],[-117.832005,33.651562],[-117.832848,33.651361],[-117.834156,33.651292],[-117.835398,33.651493],[-117.836685,33.65202]]}},{"type":"Feature","properties":{"kind":"footway","name":""},"geometry":{"type":"LineString","coordinates":[[-117.835308,33.649483],[-117.835264,33.650053],[-117.834944,33.651092],[-117.834296,33.65101],[-117.833328,33.651009],[-117.832222,33.65119],[-117.831276,33.651525]]}},{"type":"Feature","properties":{"kind":"footway","name":""},"geometry":{"type":"LineString","coordinates":[[-117.832188,33.65102],[-117.831952,33.650944],[-117.831846,33.650742],[-117.832273,33.650686],[-117.832326,33.65099]]}},{"type":"Feature","properties":{"kind":"footway","name":""},"geometry":{"type":"LineString","coordinates":[[-117.832333,33.651177],[-117.832276,33.651003],[-117.832326,33.65099]]}},{"type":"Feature","properties":{"kind":"footway","name":""},"geometry":{"type":"LineString","coordinates":[[-117.840115,33.652198],[-117.840628,33.652502],[-117.840916,33.652771],[-117.841727,33.654218],[-117.842286,33.654719],[-117.841866,33.655745],[-117.841765,33.65576],[-117.840257,33.655313],[-117.839324,33.655143],[-117.839302,33.654341],[-117.839124,33.653862],[-117.838816,33.653426]]}},{"type":"Feature","properties":{"kind":"footway","name":""},"geometry":{"type":"LineString","coordinates":[[-117.83728,33.649686],[-117.837254,33.649652]]}},{"type":"Feature","properties":{"kind":"footway","name":""},"geometry":{"type":"LineString","coordinates":[[-117.837228,33.649618],[-117.837256,33.649545],[-117.838306,33.649644]]}},{"type":"Feature","properties":{"kind":"footway","name":""},"geometry":{"type":"LineString","coordinates":[[-117.838947,33.64906],[-117.839333,33.649222],[-117.83938,33.64942],[-117.83963,33.649583]]}},{"type":"Feature","properties":{"kind":"footway","name":""},"geometry":{"type":"LineString","coordinates":[[-117.839553,33.649534],[-117.839748,33.649387]]}},{"type":"Feature","properties":{"kind":"footway","name":""},"geometry":{"type":"LineString","coordinates":[[-117.839342,33.649239],[-117.839429,33.649184]]}},{"type":"Feature","properties":{"kind":"footway","name":""},"geometry":{"type":"LineString","coordinates":[[-117.84242,33.644569],[-117.842379,33.644319],[-117.842168,33.644098]]}},{"type":"Feature","properties":{"kind":"footway","name":""},"geometry":{"type":"LineString","coordinates":[[-117.844742,33.646823],[-117.844842,33.646803],[-117.845077,33.646885],[-117.845097,33.646986]]}},{"type":"Feature","properties":{"kind":"service","name":""},"geometry":{"type":"LineString","coordinates":[[-117.828638,33.642796],[-117.828831,33.642581]]}},{"type":"Feature","properties":{"kind":"service","name":""},"geometry":{"type":"LineString","coordinates":[[-117.828387,33.642567],[-117.828427,33.642401],[-117.828251,33.642286],[-117.827978,33.642308]]}},{"type":"Feature","properties":{"kind":"service","name":""},"geometry":{"type":"LineString","coordinates":[[-117.828154,33.642275],[-117.82816,33.642433]]}},{"type":"Feature","properties":{"kind":"footway","name":""},"geometry":{"type":"LineString","coordinates":[[-117.8459,33.643965],[-117.846099,33.644045],[-117.846285,33.644241],[-117.845901,33.644622],[-117.846088,33.645058],[-117.846362,33.645051]]}},{"type":"Feature","properties":{"kind":"footway","name":""},"geometry":{"type":"LineString","coordinates":[[-117.846084,33.644897],[-117.845414,33.645105]]}},{"type":"Feature","properties":{"kind":"footway","name":""},"geometry":{"type":"LineString","coordinates":[[-117.84572,33.644996],[-117.845711,33.64512],[-117.845508,33.645075]]}},{"type":"Feature","properties":{"kind":"footway","name":""},"geometry":{"type":"LineString","coordinates":[[-117.849328,33.643837],[-117.849432,33.643918],[-117.849589,33.64393],[-117.849674,33.643857],[-117.850565,33.643879]]}},{"type":"Feature","properties":{"kind":"footway","name":""},"geometry":{"type":"LineString","coordinates":[[-117.851664,33.642211],[-117.851471,33.642227],[-117.85146,33.642111],[-117.851236,33.641967]]}},{"type":"Feature","properties":{"kind":"footway","name":""},"geometry":{"type":"LineString","coordinates":[[-117.851383,33.645058],[-117.851361,33.645204],[-117.851177,33.645178],[-117.851206,33.645039],[-117.851383,33.645058]]}},{"type":"Feature","properties":{"kind":"footway","name":""},"geometry":{"type":"LineString","coordinates":[[-117.850781,33.64514],[-117.851019,33.645138],[-117.851437,33.645505]]}},{"type":"Feature","properties":{"kind":"footway","name":""},"geometry":{"type":"LineString","coordinates":[[-117.850679,33.645074],[-117.850462,33.64521],[-117.850697,33.645343],[-117.850781,33.645119],[-117.850679,33.645051]]}},{"type":"Feature","properties":{"kind":"footway","name":""},"geometry":{"type":"LineString","coordinates":[[-117.851936,33.64524],[-117.851984,33.645179],[-117.852684,33.645174]]}},{"type":"Feature","properties":{"kind":"footway","name":""},"geometry":{"type":"LineString","coordinates":[[-117.851794,33.645227],[-117.851779,33.644474]]}},{"type":"Feature","properties":{"kind":"footway","name":""},"geometry":{"type":"LineString","coordinates":[[-117.851782,33.64495],[-117.8516,33.644953]]}},{"type":"Feature","properties":{"kind":"footway","name":""},"geometry":{"type":"LineString","coordinates":[[-117.851776,33.644745],[-117.851592,33.64475]]}},{"type":"Feature","properties":{"kind":"footway","name":""},"geometry":{"type":"LineString","coordinates":[[-117.845918,33.648127],[-117.845691,33.648789],[-117.84482,33.648899],[-117.844014,33.64915],[-117.843555,33.649335],[-117.843098,33.649606],[-117.842819,33.649929],[-117.842091,33.64954],[-117.841315,33.648906]]}},{"type":"Feature","properties":{"kind":"footway","name":""},"geometry":{"type":"LineString","coordinates":[[-117.841382,33.64894],[-117.84136,33.648904]]}},{"type":"Feature","properties":{"kind":"footway","name":""},"geometry":{"type":"LineString","coordinates":[[-117.841307,33.648936],[-117.840605,33.648463]]}},{"type":"Feature","properties":{"kind":"footway","name":""},"geometry":{"type":"LineString","coordinates":[[-117.844048,33.650109],[-117.84444,33.650026],[-117.844843,33.649858]]}},{"type":"Feature","properties":{"kind":"footway","name":""},"geometry":{"type":"LineString","coordinates":[[-117.844667,33.651243],[-117.845464,33.6509],[-117.845358,33.650719]]}},{"type":"Feature","properties":{"kind":"footway","name":""},"geometry":{"type":"LineString","coordinates":[[-117.838959,33.642843],[-117.839142,33.642874],[-117.839161,33.642697]]}},{"type":"Feature","properties":{"kind":"footway","name":""},"geometry":{"type":"LineString","coordinates":[[-117.846054,33.649817],[-117.845593,33.649994],[-117.845394,33.649677],[-117.845627,33.649579],[-117.845674,33.649504]]}},{"type":"Feature","properties":{"kind":"footway","name":""},"geometry":{"type":"LineString","coordinates":[[-117.845845,33.649431],[-117.845914,33.64941]]}},{"type":"Feature","properties":{"kind":"footway","name":""},"geometry":{"type":"LineString","coordinates":[[-117.843156,33.649881],[-117.843315,33.649644],[-117.843531,33.649463],[-117.844284,33.649152],[-117.845693,33.648989],[-117.845987,33.649834],[-117.845972,33.650094],[-117.845812,33.650554],[-117.845813,33.650806],[-117.846422,33.652477]]}},{"type":"Feature","properties":{"kind":"footway","name":""},"geometry":{"type":"LineString","coordinates":[[-117.846422,33.652477],[-117.846169,33.652747],[-117.845565,33.65299],[-117.845517,33.653064]]}},{"type":"Feature","properties":{"kind":"footway","name":""},"geometry":{"type":"LineString","coordinates":[[-117.846824,33.652945],[-117.844692,33.654739]]}},{"type":"Feature","properties":{"kind":"footway","name":""},"geometry":{"type":"LineString","coordinates":[[-117.846442,33.652854],[-117.84651,33.652635]]}},{"type":"Feature","properties":{"kind":"footway","name":""},"geometry":{"type":"LineString","coordinates":[[-117.842791,33.65144],[-117.843011,33.651608],[-117.843403,33.652235],[-117.84358,33.652338],[-117.844187,33.652488],[-117.844528,33.65265],[-117.845125,33.652772],[-117.845791,33.652456],[-117.845924,33.652473],[-117.84603,33.652561]]}},{"type":"Feature","properties":{"kind":"footway","name":""},"geometry":{"type":"LineString","coordinates":[[-117.845817,33.65245],[-117.84599,33.652175]]}},{"type":"Feature","properties":{"kind":"footway","name":""},"geometry":{"type":"LineString","coordinates":[[-117.844493,33.652314],[-117.844475,33.65234]]}},{"type":"Feature","properties":{"kind":"footway","name":""},"geometry":{"type":"LineString","coordinates":[[-117.844306,33.652464],[-117.844281,33.652527]]}},{"type":"Feature","properties":{"kind":"footway","name":""},"geometry":{"type":"LineString","coordinates":[[-117.839308,33.645063],[-117.838783,33.644037],[-117.838648,33.643881],[-117.838457,33.6438],[-117.837717,33.643703],[-117.837154,33.643415],[-117.836348,33.64347],[-117.836231,33.643441],[-117.836229,33.643324]]}},{"type":"Feature","properties":{"kind":"footway","name":""},"geometry":{"type":"LineString","coordinates":[[-117.835632,33.643332],[-117.835603,33.643271]]}},{"type":"Feature","properties":{"kind":"footway","name":""},"geometry":{"type":"LineString","coordinates":[[-117.835591,33.643245],[-117.835582,33.643224]]}},{"type":"Feature","properties":{"kind":"footway","name":""},"geometry":{"type":"LineString","coordinates":[[-117.835563,33.643184],[-117.835405,33.642848]]}},{"type":"Feature","properties":{"kind":"footway","name":""},"geometry":{"type":"LineString","coordinates":[[-117.835124,33.643171],[-117.835207,33.643025],[-117.835181,33.64294]]}},{"type":"Feature","properties":{"kind":"footway","name":""},"geometry":{"type":"LineString","coordinates":[[-117.834958,33.643091],[-117.833783,33.642955],[-117.833201,33.642824]]}},{"type":"Feature","properties":{"kind":"footway","name":""},"geometry":{"type":"LineString","coordinates":[[-117.83293,33.642653],[-117.832896,33.642791]]}},{"type":"Feature","properties":{"kind":"footway","name":""},"geometry":{"type":"LineString","coordinates":[[-117.831463,33.641087],[-117.831523,33.641222]]}},{"type":"Feature","properties":{"kind":"footway","name":""},"geometry":{"type":"LineString","coordinates":[[-117.830428,33.641262],[-117.830371,33.641247],[-117.830405,33.640994],[-117.83046,33.64098]]}},{"type":"Feature","properties":{"kind":"footway","name":""},"geometry":{"type":"LineString","coordinates":[[-117.830945,33.641243],[-117.830625,33.641179],[-117.83046,33.64098]]}},{"type":"Feature","properties":{"kind":"footway","name":""},"geometry":{"type":"LineString","coordinates":[[-117.830625,33.641179],[-117.830428,33.641262]]}},{"type":"Feature","properties":{"kind":"footway","name":""},"geometry":{"type":"LineString","coordinates":[[-117.830428,33.641262],[-117.830315,33.641632],[-117.83113,33.641858],[-117.831305,33.641859],[-117.831596,33.642003],[-117.8318,33.641995],[-117.831701,33.6423],[-117.830514,33.641997]]}},{"type":"Feature","properties":{"kind":"footway","name":""},"geometry":{"type":"LineString","coordinates":[[-117.830514,33.641997],[-117.830487,33.642041],[-117.830386,33.642]]}},{"type":"Feature","properties":{"kind":"footway","name":""},"geometry":{"type":"LineString","coordinates":[[-117.830342,33.641925],[-117.830224,33.641869]]}},{"type":"Feature","properties":{"kind":"footway","name":""},"geometry":{"type":"LineString","coordinates":[[-117.829334,33.644294],[-117.829466,33.643259],[-117.829765,33.642313],[-117.830117,33.639894],[-117.830381,33.639271]]}},{"type":"Feature","properties":{"kind":"footway","name":""},"geometry":{"type":"LineString","coordinates":[[-117.829944,33.641165],[-117.83026,33.641179],[-117.830278,33.641219]]}},{"type":"Feature","properties":{"kind":"footway","name":""},"geometry":{"type":"LineString","coordinates":[[-117.830074,33.640179],[-117.830157,33.640247],[-117.830515,33.640292]]}},{"type":"Feature","properties":{"kind":"footway","name":""},"geometry":{"type":"LineString","coordinates":[[-117.830421,33.640765],[-117.830396,33.640428],[-117.830486,33.639936],[-117.830984,33.640126],[-117.830711,33.640698]]}},{"type":"Feature","properties":{"kind":"footway","name":""},"geometry":{"type":"LineString","coordinates":[[-117.835543,33.635258],[-117.835191,33.636185],[-117.835212,33.636532],[-117.835319,33.636866]]}},{"type":"Feature","properties":{"kind":"footway","name":""},"geometry":{"type":"LineString","coordinates":[[-117.832787,33.63538],[-117.832844,33.635526],[-117.833347,33.635349],[-117.834739,33.635195],[-117.835335,33.635219],[-117.835071,33.635859],[-117.834995,33.636241],[-117.835042,33.63664],[-117.835153,33.636914]]}},{"type":"Feature","properties":{"kind":"footway","name":""},"geometry":{"type":"LineString","coordinates":[[-117.832844,33.635526],[-117.832988,33.636067],[-117.833265,33.63598],[-117.833452,33.635798],[-117.833642,33.635719],[-117.83475,33.635586],[-117.834888,33.635716],[-117.834733,33.635842],[-117.834487,33.635784],[-117.833657,33.635863],[-117.833391,33.63608],[-117.833067,33.636229],[-117.833142,33.636359],[-117.833296,33.636418],[-117.834449,33.636415],[-117.834703,33.636361],[-117.834814,33.636457],[-117.834744,33.636595],[-117.833264,33.63656],[-117.833022,33.636475]]}},{"type":"Feature","properties":{"kind":"footway","name":""},"geometry":{"type":"LineString","coordinates":[[-117.829955,33.638078],[-117.830546,33.637528],[-117.831352,33.637111],[-117.831455,33.636994],[-117.830971,33.635888]]}},{"type":"Feature","properties":{"kind":"footway","name":""},"geometry":{"type":"LineString","coordinates":[[-117.833263,33.642814],[-117.833278,33.642539],[-117.833335,33.642542],[-117.8334,33.642403],[-117.833608,33.642441]]}},{"type":"Feature","properties":{"kind":"footway","name":""},"geometry":{"type":"LineString","coordinates":[[-117.833466,33.642759],[-117.833718,33.642834],[-117.833864,33.642745]]}},{"type":"Feature","properties":{"kind":"footway","name":""},"geometry":{"type":"LineString","coordinates":[[-117.834042,33.642982],[-117.834023,33.642848]]}},{"type":"Feature","properties":{"kind":"footway","name":""},"geometry":{"type":"LineString","coordinates":[[-117.833864,33.642745],[-117.834071,33.642507],[-117.834141,33.64226],[-117.834493,33.642148],[-117.834585,33.642184],[-117.834543,33.642285],[-117.834138,33.64234]]}},{"type":"Feature","properties":{"kind":"footway","name":""},"geometry":{"type":"LineString","coordinates":[[-117.833058,33.643786],[-117.833682,33.643838],[-117.833777,33.643929],[-117.833819,33.644194],[-117.83369,33.644207]]}},{"type":"Feature","properties":{"kind":"footway","name":""},"geometry":{"type":"LineString","coordinates":[[-117.833819,33.644194],[-117.834044,33.644177],[-117.834002,33.643863],[-117.833741,33.643628],[-117.832665,33.643496],[-117.832079,33.643493],[-117.831364,33.643344],[-117.830757,33.643563],[-117.83033,33.64364],[-117.830082,33.643775],[-117.829989,33.643963],[-117.829927,33.644518]]}},{"type":"Feature","properties":{"kind":"footway","name":""},"geometry":{"type":"LineString","coordinates":[[-117.830467,33.644699],[-117.830479,33.644496],[-117.830383,33.644407],[-117.830305,33.644473],[-117.830157,33.644402],[-117.830172,33.644292]]}},{"type":"Feature","properties":{"kind":"footway","name":""},"geometry":{"type":"LineString","coordinates":[[-117.830305,33.644473],[-117.830494,33.64453]]}},{"type":"Feature","properties":{"kind":"footway","name":""},"geometry":{"type":"LineString","coordinates":[[-117.829973,33.644064],[-117.830211,33.644088],[-117.830243,33.643951],[-117.830354,33.643857],[-117.830902,33.643745],[-117.831341,33.643557],[-117.831728,33.64362],[-117.831679,33.643737]]}},{"type":"Feature","properties":{"kind":"footway","name":""},"geometry":{"type":"LineString","coordinates":[[-117.831728,33.64362],[-117.831811,33.643424]]}},{"type":"Feature","properties":{"kind":"footway","name":""},"geometry":{"type":"LineString","coordinates":[[-117.828597,33.643927],[-117.828182,33.644348]]}},{"type":"Feature","properties":{"kind":"footway","name":""},"geometry":{"type":"LineString","coordinates":[[-117.82902,33.644248],[-117.82873,33.644228],[-117.82862,33.643958],[-117.828486,33.643827]]}},{"type":"Feature","properties":{"kind":"footway","name":""},"geometry":{"type":"LineString","coordinates":[[-117.82904,33.645668],[-117.829387,33.646968],[-117.828779,33.647169],[-117.828355,33.64744]]}},{"type":"Feature","properties":{"kind":"footway","name":""},"geometry":{"type":"LineString","coordinates":[[-117.829394,33.646988],[-117.829436,33.647111]]}},{"type":"Feature","properties":{"kind":"footway","name":""},"geometry":{"type":"LineString","coordinates":[[-117.829635,33.64691],[-117.830037,33.646795],[-117.83006,33.646606]]}},{"type":"Feature","properties":{"kind":"footway","name":""},"geometry":{"type":"LineString","coordinates":[[-117.829321,33.64444],[-117.829278,33.645081],[-117.82934,33.645785],[-117.829635,33.64691]]}},{"type":"Feature","properties":{"kind":"footway","name":""},"geometry":{"type":"LineString","coordinates":[[-117.828207,33.647541],[-117.827939,33.64771],[-117.827453,33.647872],[-117.826592,33.647923],[-117.8259,33.647753],[-117.825519,33.647556],[-117.825147,33.647256]]}},{"type":"Feature","properties":{"kind":"footway","name":""},"geometry":{"type":"LineString","coordinates":[[-117.826006,33.639731],[-117.825625,33.639873],[-117.825247,33.640152],[-117.824695,33.640949],[-117.824215,33.641959]]}},{"type":"Feature","properties":{"kind":"footway","name":""},"geometry":{"type":"LineString","coordinates":[[-117.824609,33.640765],[-117.824062,33.641922]]}},{"type":"Feature","properties":{"kind":"footway","name":""},"geometry":{"type":"LineString","coordinates":[[-117.82902,33.644248],[-117.829008,33.644443],[-117.829321,33.64444],[-117.829334,33.644294]]}},{"type":"Feature","properties":{"kind":"footway","name":""},"geometry":{"type":"LineString","coordinates":[[-117.829199,33.643356],[-117.829054,33.643706],[-117.82902,33.644248]]}},{"type":"Feature","properties":{"kind":"footway","name":""},"geometry":{"type":"LineString","coordinates":[[-117.841185,33.651046],[-117.841507,33.650891]]}},{"type":"Feature","properties":{"kind":"footway","name":""},"geometry":{"type":"LineString","coordinates":[[-117.84123,33.651114],[-117.841208,33.651082]]}},{"type":"Feature","properties":{"kind":"footway","name":""},"geometry":{"type":"LineString","coordinates":[[-117.841185,33.651046],[-117.840995,33.650817],[-117.840625,33.650934],[-117.840591,33.650815],[-117.840417,33.650816],[-117.84014,33.650989],[-117.839612,33.650652]]}},{"type":"Feature","properties":{"kind":"footway","name":""},"geometry":{"type":"LineString","coordinates":[[-117.844061,33.636049],[-117.843479,33.636832],[-117.843192,33.636846],[-117.843036,33.636767],[-117.843349,33.636457],[-117.843417,33.636215],[-117.84325,33.635801],[-117.843012,33.635517],[-117.842871,33.635547],[-117.842365,33.635869],[-117.842198,33.636186],[-117.841934,33.636343],[-117.842112,33.636589],[-117.842369,33.636753],[-117.842586,33.636818],[-117.842875,33.636808],[-117.84312,33.636954],[-117.843441,33.636973],[-117.843341,33.637315],[-117.843147,33.637451],[-117.843194,33.637563],[-117.843292,33.637591],[-117.843294,33.638234],[-117.843178,33.638526]]}},{"type":"Feature","properties":{"kind":"footway","name":""},"geometry":{"type":"LineString","coordinates":[[-117.843035,33.636754],[-117.842875,33.636808]]}},{"type":"Feature","properties":{"kind":"footway","name":""},"geometry":{"type":"LineString","coordinates":[[-117.841855,33.640238],[-117.842072,33.640327],[-117.842504,33.640299],[-117.842717,33.640526],[-117.842835,33.640494],[-117.842857,33.640384]]}},{"type":"Feature","properties":{"kind":"footway","name":""},"geometry":{"type":"LineString","coordinates":[[-117.841302,33.64085],[-117.841481,33.640812],[-117.841623,33.640897],[-117.841877,33.640811],[-117.842016,33.641015]]}},{"type":"Feature","properties":{"kind":"footway","name":""},"geometry":{"type":"LineString","coordinates":[[-117.842921,33.638951],[-117.842852,33.639081]]}},{"type":"Feature","properties":{"kind":"footway","name":""},"geometry":{"type":"LineString","coordinates":[[-117.842602,33.639527],[-117.842661,33.639392]]}},{"type":"Feature","properties":{"kind":"footway","name":""},"geometry":{"type":"LineString","coordinates":[[-117.837413,33.642393],[-117.837244,33.64237]]}},{"type":"Feature","properties":{"kind":"footway","name":""},"geometry":{"type":"LineString","coordinates":[[-117.837018,33.642059],[-117.837049,33.641943],[-117.837292,33.641976],[-117.837244,33.64237],[-117.836914,33.642407],[-117.836499,33.642554]]}},{"type":"Feature","properties":{"kind":"footway","name":""},"geometry":{"type":"LineString","coordinates":[[-117.835672,33.641713],[-117.836499,33.642554]]}},{"type":"Feature","properties":{"kind":"footway","name":""},"geometry":{"type":"LineString","coordinates":[[-117.836442,33.642914],[-117.836666,33.64318]]}},{"type":"Feature","properties":{"kind":"footway","name":""},"geometry":{"type":"LineString","coordinates":[[-117.835632,33.643332],[-117.835559,33.64347]]}},{"type":"Feature","properties":{"kind":"footway","name":""},"geometry":{"type":"LineString","coordinates":[[-117.835559,33.64347],[-117.835423,33.643426]]}},{"type":"Feature","properties":{"kind":"footway","name":""},"geometry":{"type":"LineString","coordinates":[[-117.835373,33.643408],[-117.835362,33.643429]]}},{"type":"Feature","properties":{"kind":"footway","name":""},"geometry":{"type":"LineString","coordinates":[[-117.835625,33.644146],[-117.835931,33.644061],[-117.836544,33.644064]]}},{"type":"Feature","properties":{"kind":"footway","name":""},"geometry":{"type":"LineString","coordinates":[[-117.836545,33.644419],[-117.836066,33.644499],[-117.835572,33.644458]]}},{"type":"Feature","properties":{"kind":"footway","name":""},"geometry":{"type":"LineString","coordinates":[[-117.836105,33.644471],[-117.836035,33.644465]]}},{"type":"Feature","properties":{"kind":"footway","name":""},"geometry":{"type":"LineString","coordinates":[[-117.836066,33.644499],[-117.83605,33.644816]]}},{"type":"Feature","properties":{"kind":"footway","name":""},"geometry":{"type":"LineString","coordinates":[[-117.836042,33.644734],[-117.835916,33.644783]]}},{"type":"Feature","properties":{"kind":"footway","name":""},"geometry":{"type":"LineString","coordinates":[[-117.835666,33.644363],[-117.835597,33.644456]]}},{"type":"Feature","properties":{"kind":"footway","name":""},"geometry":{"type":"LineString","coordinates":[[-117.836073,33.644438],[-117.836067,33.644242],[-117.83599,33.644246],[-117.835982,33.644169],[-117.836174,33.644156],[-117.836182,33.644232],[-117.836067,33.644242]]}},{"type":"Feature","properties":{"kind":"footway","name":""},"geometry":{"type":"LineString","coordinates":[[-117.835881,33.644456],[-117.835881,33.644421]]}},{"type":"Feature","properties":{"kind":"footway","name":""},"geometry":{"type":"LineString","coordinates":[[-117.835816,33.644458],[-117.835816,33.644494]]}},{"type":"Feature","properties":{"kind":"footway","name":""},"geometry":{"type":"LineString","coordinates":[[-117.835609,33.644572],[-117.835597,33.644456]]}},{"type":"Feature","properties":{"kind":"footway","name":""},"geometry":{"type":"LineString","coordinates":[[-117.83631,33.644471],[-117.836312,33.64441]]}},{"type":"Feature","properties":{"kind":"footway","name":""},"geometry":{"type":"LineString","coordinates":[[-117.836311,33.644525],[-117.83631,33.644471]]}},{"type":"Feature","properties":{"kind":"footway","name":""},"geometry":{"type":"LineString","coordinates":[[-117.836504,33.644418],[-117.836384,33.644048]]}},{"type":"Feature","properties":{"kind":"footway","name":""},"geometry":{"type":"LineString","coordinates":[[-117.838408,33.647309],[-117.838705,33.646781]]}},{"type":"Feature","properties":{"kind":"footway","name":""},"geometry":{"type":"LineString","coordinates":[[-117.839326,33.646741],[-117.83978,33.646625]]}},{"type":"Feature","properties":{"kind":"footway","name":""},"geometry":{"type":"LineString","coordinates":[[-117.839367,33.646708],[-117.839472,33.646523]]}},{"type":"Feature","properties":{"kind":"footway","name":""},"geometry":{"type":"LineString","coordinates":[[-117.839467,33.646496],[-117.839431,33.646316]]}},{"type":"Feature","properties":{"kind":"footway","name":""},"geometry":{"type":"LineString","coordinates":[[-117.838494,33.646578],[-117.838554,33.646715],[-117.838705,33.646781],[-117.839298,33.646762]]}},{"type":"Feature","properties":{"kind":"footway","name":""},"geometry":{"type":"LineString","coordinates":[[-117.838478,33.646495],[-117.838468,33.646433]]}},{"type":"Feature","properties":{"kind":"footway","name":""},"geometry":{"type":"LineString","coordinates":[[-117.838554,33.646715],[-117.83781,33.646838],[-117.8378,33.64678],[-117.837651,33.646767]]}},{"type":"Feature","properties":{"kind":"footway","name":""},"geometry":{"type":"LineString","coordinates":[[-117.838379,33.647375],[-117.838408,33.647309]]}},{"type":"Feature","properties":{"kind":"footway","name":""},"geometry":{"type":"LineString","coordinates":[[-117.839941,33.646253],[-117.839814,33.646267]]}},{"type":"Feature","properties":{"kind":"footway","name":""},"geometry":{"type":"LineString","coordinates":[[-117.840861,33.643894],[-117.841143,33.644211]]}},{"type":"Feature","properties":{"kind":"footway","name":""},"geometry":{"type":"LineString","coordinates":[[-117.844647,33.645906],[-117.844734,33.645904]]}},{"type":"Feature","properties":{"kind":"footway","name":""},"geometry":{"type":"LineString","coordinates":[[-117.844259,33.646026],[-117.844479,33.646027]]}},{"type":"Feature","properties":{"kind":"footway","name":""},"geometry":{"type":"LineString","coordinates":[[-117.844492,33.645789],[-117.844256,33.645795]]}},{"type":"Feature","properties":{"kind":"footway","name":""},"geometry":{"type":"LineString","coordinates":[[-117.843887,33.647819],[-117.843941,33.647902]]}},{"type":"Feature","properties":{"kind":"footway","name":""},"geometry":{"type":"LineString","coordinates":[[-117.843733,33.647557],[-117.843829,33.647727]]}},{"type":"Feature","properties":{"kind":"footway","name":""},"geometry":{"type":"LineString","coordinates":[[-117.843902,33.648302],[-117.843927,33.648235]]}},{"type":"Feature","properties":{"kind":"footway","name":""},"geometry":{"type":"LineString","coordinates":[[-117.844354,33.648578],[-117.84417,33.648656]]}},{"type":"Feature","properties":{"kind":"footway","name":""},"geometry":{"type":"LineString","coordinates":[[-117.844044,33.648692],[-117.844056,33.648713]]}},{"type":"Feature","properties":{"kind":"footway","name":""},"geometry":{"type":"LineString","coordinates":[[-117.8416,33.647184],[-117.84172,33.647056]]}},{"type":"Feature","properties":{"kind":"footway","name":""},"geometry":{"type":"LineString","coordinates":[[-117.840953,33.647894],[-117.841166,33.64766]]}},{"type":"Feature","properties":{"kind":"footway","name":""},"geometry":{"type":"LineString","coordinates":[[-117.833718,33.640614],[-117.833838,33.640685]]}},{"type":"Feature","properties":{"kind":"footway","name":""},"geometry":{"type":"LineString","coordinates":[[-117.830381,33.639271],[-117.830476,33.63906],[-117.830281,33.638949],[-117.830183,33.63916],[-117.830381,33.639271]]}},{"type":"Feature","properties":{"kind":"footway","name":""},"geometry":{"type":"LineString","coordinates":[[-117.833603,33.63698],[-117.832978,33.63705],[-117.832452,33.637191],[-117.83117,33.637809],[-117.830803,33.63812],[-117.830281,33.638949]]}},{"type":"Feature","properties":{"kind":"tertiary","name":"California Avenue"},"geometry":{"type":"LineString","coordinates":[[-117.833612,33.637041],[-117.834664,33.637056]]}},{"type":"Feature","properties":{"kind":"footway","name":""},"geometry":{"type":"LineString","coordinates":[[-117.833603,33.63698],[-117.833611,33.637104],[-117.833852,33.637113]]}},{"type":"Feature","properties":{"kind":"footway","name":""},"geometry":{"type":"LineString","coordinates":[[-117.833603,33.63698],[-117.834672,33.636986]]}},{"type":"Feature","properties":{"kind":"footway","name":""},"geometry":{"type":"LineString","coordinates":[[-117.846223,33.649141],[-117.846255,33.649093]]}},{"type":"Feature","properties":{"kind":"footway","name":""},"geometry":{"type":"LineString","coordinates":[[-117.846368,33.648982],[-117.846465,33.648969]]}},{"type":"Feature","properties":{"kind":"footway","name":""},"geometry":{"type":"LineString","coordinates":[[-117.832411,33.65672],[-117.832379,33.656478],[-117.83216,33.656322]]}},{"type":"Feature","properties":{"kind":"path","name":""},"geometry":{"type":"LineString","coordinates":[[-117.846234,33.655358],[-117.846114,33.655526]]}},{"type":"Feature","properties":{"kind":"footway","name":""},"geometry":{"type":"LineString","coordinates":[[-117.819401,33.642575],[-117.819309,33.642946],[-117.819296,33.644179],[-117.819379,33.644458],[-117.81939,33.644935],[-117.819576,33.645396],[-117.819633,33.645764],[-117.819878,33.646237],[-117.819913,33.646998]]}},{"type":"Feature","properties":{"kind":"footway","name":""},"geometry":{"type":"LineString","coordinates":[[-117.836847,33.65179],[-117.836013,33.65139],[-117.835283,33.651175]]}},{"type":"Feature","properties":{"kind":"footway","name":""},"geometry":{"type":"LineString","coordinates":[[-117.835283,33.651175],[-117.83497,33.651109],[-117.834879,33.651375]]}},{"type":"Feature","properties":{"kind":"footway","name":""},"geometry":{"type":"LineString","coordinates":[[-117.834944,33.651092],[-117.83497,33.651109]]}},{"type":"Feature","properties":{"kind":"footway","name":""},"geometry":{"type":"LineString","coordinates":[[-117.835283,33.651175],[-117.835616,33.650047],[-117.835631,33.649485]]}},{"type":"Feature","properties":{"kind":"footway","name":""},"geometry":{"type":"LineString","coordinates":[[-117.835631,33.649485],[-117.836687,33.649464],[-117.836975,33.64951],[-117.836905,33.649906],[-117.836925,33.650905],[-117.836982,33.65114],[-117.837177,33.651477],[-117.836847,33.65179]]}},{"type":"Feature","properties":{"kind":"footway","name":""},"geometry":{"type":"LineString","coordinates":[[-117.837249,33.649548],[-117.837226,33.649534]]}},{"type":"Feature","properties":{"kind":"footway","name":""},"geometry":{"type":"LineString","coordinates":[[-117.837226,33.649534],[-117.836975,33.64951]]}},{"type":"Feature","properties":{"kind":"footway","name":""},"geometry":{"type":"LineString","coordinates":[[-117.837706,33.648298],[-117.837059,33.649337],[-117.835619,33.649293]]}},{"type":"Feature","properties":{"kind":"footway","name":""},"geometry":{"type":"LineString","coordinates":[[-117.837059,33.649337],[-117.837253,33.649376]]}},{"type":"Feature","properties":{"kind":"footway","name":""},"geometry":{"type":"LineString","coordinates":[[-117.837253,33.649376],[-117.837311,33.649301]]}},{"type":"Feature","properties":{"kind":"footway","name":""},"geometry":{"type":"LineString","coordinates":[[-117.837311,33.649301],[-117.837366,33.649251]]}},{"type":"Feature","properties":{"kind":"footway","name":""},"geometry":{"type":"LineString","coordinates":[[-117.837366,33.649251],[-117.837974,33.648374]]}},{"type":"Feature","properties":{"kind":"service","name":""},"geometry":{"type":"LineString","coordinates":[[-117.837557,33.649485],[-117.837343,33.649303],[-117.837306,33.649076]]}},{"type":"Feature","properties":{"kind":"unclassified","name":"Marquette"},"geometry":{"type":"LineString","coordinates":[[-117.837169,33.651692],[-117.836871,33.651982]]}},{"type":"Feature","properties":{"kind":"footway","name":""},"geometry":{"type":"LineString","coordinates":[[-117.832799,33.649379],[-117.833279,33.649156],[-117.833731,33.649109],[-117.834451,33.6492],[-117.8349,33.649421],[-117.835291,33.6495]]}},{"type":"Feature","properties":{"kind":"footway","name":""},"geometry":{"type":"LineString","coordinates":[[-117.838526,33.653583],[-117.838784,33.653956],[-117.838971,33.654459],[-117.839,33.654941],[-117.838866,33.655603]]}},{"type":"Feature","properties":{"kind":"footway","name":""},"geometry":{"type":"LineString","coordinates":[[-117.838384,33.653417],[-117.838526,33.653583]]}},{"type":"Feature","properties":{"kind":"footway","name":""},"geometry":{"type":"LineString","coordinates":[[-117.832799,33.649379],[-117.832804,33.649463],[-117.832636,33.649653]]}},{"type":"Feature","properties":{"kind":"footway","name":""},"geometry":{"type":"LineString","coordinates":[[-117.832687,33.649352],[-117.832799,33.649379]]}},{"type":"Feature","properties":{"kind":"footway","name":""},"geometry":{"type":"LineString","coordinates":[[-117.835619,33.649293],[-117.83549,33.647962]]}},{"type":"Feature","properties":{"kind":"footway","name":""},"geometry":{"type":"LineString","coordinates":[[-117.835161,33.647989],[-117.835293,33.649304],[-117.834995,33.64929],[-117.834435,33.649043],[-117.833729,33.648961],[-117.833275,33.649006],[-117.832793,33.649194],[-117.83252,33.648882],[-117.83242,33.648581],[-117.832523,33.648485],[-117.834615,33.648038],[-117.835161,33.647989]]}},{"type":"Feature","properties":{"kind":"residential","name":"Cornell"},"geometry":{"type":"LineString","coordinates":[[-117.834984,33.64936],[-117.835464,33.649393]]}},{"type":"Feature","properties":{"kind":"footway","name":""},"geometry":{"type":"LineString","coordinates":[[-117.835482,33.644768],[-117.835798,33.643613],[-117.836035,33.643262],[-117.836442,33.642914]]}},{"type":"Feature","properties":{"kind":"footway","name":""},"geometry":{"type":"LineString","coordinates":[[-117.835483,33.644872],[-117.835482,33.644768]]}},{"type":"Feature","properties":{"kind":"footway","name":""},"geometry":{"type":"LineString","coordinates":[[-117.827309,33.643895],[-117.82768,33.644188]]}},{"type":"Feature","properties":{"kind":"footway","name":""},"geometry":{"type":"LineString","coordinates":[[-117.827365,33.643884],[-117.827309,33.643895]]}},{"type":"Feature","properties":{"kind":"footway","name":""},"geometry":{"type":"LineString","coordinates":[[-117.827045,33.643704],[-117.827309,33.643895]]}},{"type":"Feature","properties":{"kind":"footway","name":""},"geometry":{"type":"LineString","coordinates":[[-117.828486,33.643827],[-117.828459,33.643863]]}},{"type":"Feature","properties":{"kind":"footway","name":""},"geometry":{"type":"LineString","coordinates":[[-117.828486,33.643827],[-117.828496,33.643725]]}},{"type":"Feature","properties":{"kind":"footway","name":""},"geometry":{"type":"LineString","coordinates":[[-117.828505,33.643648],[-117.828524,33.643565]]}},{"type":"Feature","properties":{"kind":"footway","name":""},"geometry":{"type":"LineString","coordinates":[[-117.827913,33.644471],[-117.828049,33.644455],[-117.828108,33.644349],[-117.828182,33.644348]]}},{"type":"Feature","properties":{"kind":"footway","name":""},"geometry":{"type":"LineString","coordinates":[[-117.828064,33.644541],[-117.828049,33.644455]]}},{"type":"Feature","properties":{"kind":"footway","name":""},"geometry":{"type":"LineString","coordinates":[[-117.833504,33.646289],[-117.833639,33.646627],[-117.833977,33.64688]]}},{"type":"Feature","properties":{"kind":"footway","name":""},"geometry":{"type":"LineString","coordinates":[[-117.819156,33.63464],[-117.819681,33.63494],[-117.820302,33.635403],[-117.820802,33.636053],[-117.821025,33.636669],[-117.821084,33.637507],[-117.820965,33.638324],[-117.820753,33.639009],[-117.819992,33.640429],[-117.819848,33.640818]]}},{"type":"Feature","properties":{"kind":"footway","name":""},"geometry":{"type":"LineString","coordinates":[[-117.819787,33.640968],[-117.819848,33.640818]]}},{"type":"Feature","properties":{"kind":"footway","name":""},"geometry":{"type":"LineString","coordinates":[[-117.819913,33.646998],[-117.819883,33.647176],[-117.820142,33.647207]]}},{"type":"Feature","properties":{"kind":"footway","name":""},"geometry":{"type":"LineString","coordinates":[[-117.819787,33.640968],[-117.819675,33.641179]]}},{"type":"Feature","properties":{"kind":"footway","name":""},"geometry":{"type":"LineString","coordinates":[[-117.819675,33.641179],[-117.819601,33.641717],[-117.81941,33.642256],[-117.819426,33.642415]]}},{"type":"Feature","properties":{"kind":"cycleway","name":""},"geometry":{"type":"LineString","coordinates":[[-117.821082,33.642321],[-117.821301,33.642113],[-117.82116,33.641682],[-117.821247,33.641456]]}},{"type":"Feature","properties":{"kind":"footway","name":""},"geometry":{"type":"LineString","coordinates":[[-117.822051,33.642599],[-117.822059,33.642419],[-117.821737,33.642368]]}},{"type":"Feature","properties":{"kind":"cycleway","name":""},"geometry":{"type":"LineString","coordinates":[[-117.819764,33.642097],[-117.819906,33.64203],[-117.820159,33.642101],[-117.820371,33.642019]]}},{"type":"Feature","properties":{"kind":"cycleway","name":""},"geometry":{"type":"LineString","coordinates":[[-117.82059,33.641306],[-117.820466,33.641462],[-117.820357,33.641807],[-117.820371,33.642019]]}},{"type":"Feature","properties":{"kind":"cycleway","name":""},"geometry":{"type":"LineString","coordinates":[[-117.820078,33.64191],[-117.820369,33.641945]]}},{"type":"Feature","properties":{"kind":"cycleway","name":""},"geometry":{"type":"LineString","coordinates":[[-117.81992,33.642038],[-117.820078,33.64191]]}},{"type":"Feature","properties":{"kind":"cycleway","name":""},"geometry":{"type":"LineString","coordinates":[[-117.820192,33.641779],[-117.820385,33.641729]]}},{"type":"Feature","properties":{"kind":"cycleway","name":""},"geometry":{"type":"LineString","coordinates":[[-117.820256,33.642248],[-117.820457,33.642166],[-117.820371,33.642019]]}},{"type":"Feature","properties":{"kind":"footway","name":""},"geometry":{"type":"LineString","coordinates":[[-117.819848,33.640818],[-117.820034,33.64086]]}},{"type":"Feature","properties":{"kind":"secondary","name":"East Peltason Drive"},"geometry":{"type":"LineString","coordinates":[[-117.845043,33.641652],[-117.845829,33.641607],[-117.846994,33.6414],[-117.847774,33.641487],[-117.84825,33.641691],[-117.848578,33.641943],[-117.849086,33.642679]]}},{"type":"Feature","properties":{"kind":"service","name":"South Circle View"},"geometry":{"type":"LineString","coordinates":[[-117.843409,33.64199],[-117.843373,33.641925]]}},{"type":"Feature","properties":{"kind":"unclassified","name":"Pereira Drive"},"geometry":{"type":"LineString","coordinates":[[-117.836667,33.645974],[-117.836079,33.645968]]}},{"type":"Feature","properties":{"kind":"unclassified","name":"Pereira Drive"},"geometry":{"type":"LineString","coordinates":[[-117.835303,33.646078],[-117.8362,33.646067]]}},{"type":"Feature","properties":{"kind":"unclassified","name":"Pereira Drive"},"geometry":{"type":"LineString","coordinates":[[-117.836501,33.646063],[-117.836675,33.646008]]}},{"type":"Feature","properties":{"kind":"cycleway","name":""},"geometry":{"type":"LineString","coordinates":[[-117.822094,33.650011],[-117.822005,33.649961],[-117.821848,33.649983],[-117.821752,33.64938],[-117.821372,33.648954],[-117.821304,33.648656]]}},{"type":"Feature","properties":{"kind":"cycleway","name":""},"geometry":{"type":"LineString","coordinates":[[-117.821445,33.648976],[-117.82162,33.64884],[-117.821519,33.648624]]}},{"type":"Feature","properties":{"kind":"secondary","name":"Campus Drive"},"geometry":{"type":"LineString","coordinates":[[-117.844854,33.654982],[-117.844724,33.654879]]}},{"type":"Feature","properties":{"kind":"primary","name":"Culver Drive"},"geometry":{"type":"LineString","coordinates":[[-117.825198,33.651015],[-117.824996,33.650728],[-117.824898,33.650695]]}},{"type":"Feature","properties":{"kind":"footway","name":""},"geometry":{"type":"LineString","coordinates":[[-117.827158,33.645668],[-117.826801,33.645712]]}},{"type":"Feature","properties":{"kind":"footway","name":""},"geometry":{"type":"LineString","coordinates":[[-117.827237,33.645672],[-117.827197,33.64567]]}},{"type":"Feature","properties":{"kind":"footway","name":""},"geometry":{"type":"LineString","coordinates":[[-117.826616,33.645092],[-117.826979,33.645109],[-117.827147,33.644992]]}},{"type":"Feature","properties":{"kind":"footway","name":""},"geometry":{"type":"LineString","coordinates":[[-117.82629,33.645194],[-117.826357,33.645097],[-117.82658,33.645091]]}},{"type":"Feature","properties":{"kind":"footway","name":""},"geometry":{"type":"LineString","coordinates":[[-117.826091,33.645585],[-117.825885,33.645605],[-117.825749,33.645761]]}},{"type":"Feature","properties":{"kind":"footway","name":""},"geometry":{"type":"LineString","coordinates":[[-117.828107,33.647025],[-117.828136,33.647025]]}},{"type":"Feature","properties":{"kind":"footway","name":""},"geometry":{"type":"LineString","coordinates":[[-117.82764,33.647197],[-117.827455,33.64719]]}},{"type":"Feature","properties":{"kind":"footway","name":""},"geometry":{"type":"LineString","coordinates":[[-117.826229,33.646648],[-117.82597,33.646587],[-117.82587,33.64669],[-117.826023,33.646909]]}},{"type":"Feature","properties":{"kind":"footway","name":""},"geometry":{"type":"LineString","coordinates":[[-117.826793,33.64648],[-117.826358,33.646336],[-117.826405,33.646699],[-117.826306,33.646695],[-117.826308,33.646651]]}},{"type":"Feature","properties":{"kind":"footway","name":""},"geometry":{"type":"LineString","coordinates":[[-117.826723,33.646163],[-117.82676,33.646156]]}},{"type":"Feature","properties":{"kind":"footway","name":""},"geometry":{"type":"LineString","coordinates":[[-117.826483,33.646032],[-117.826496,33.64613],[-117.826723,33.646163]]}},{"type":"Feature","properties":{"kind":"footway","name":""},"geometry":{"type":"LineString","coordinates":[[-117.842015,33.642231],[-117.841832,33.642273],[-117.841845,33.642481],[-117.842006,33.64244]]}},{"type":"Feature","properties":{"kind":"residential","name":"The Great Street"},"geometry":{"type":"LineString","coordinates":[[-117.824348,33.64056],[-117.824734,33.640731]]}},{"type":"Feature","properties":{"kind":"service","name":""},"geometry":{"type":"LineString","coordinates":[[-117.84646,33.656462],[-117.846567,33.656386]]}},{"type":"Feature","properties":{"kind":"tertiary","name":"Mesa Road"},"geometry":{"type":"LineString","coordinates":[[-117.846563,33.652485],[-117.846639,33.652651]]}},{"type":"Feature","properties":{"kind":"cycleway","name":"Turtle Rock Trail"},"geometry":{"type":"LineString","coordinates":[[-117.818162,33.649713],[-117.818626,33.650167],[-117.81906,33.650396],[-117.819204,33.650584],[-117.819106,33.650829],[-117.818761,33.651172],[-117.818637,33.651582]]}},{"type":"Feature","properties":{"kind":"footway","name":"Turtle Rock Trail"},"geometry":{"type":"LineString","coordinates":[[-117.818637,33.651582],[-117.818744,33.651676]]}},{"type":"Feature","properties":{"kind":"footway","name":""},"geometry":{"type":"LineString","coordinates":[[-117.818744,33.651676],[-117.818692,33.651784],[-117.818444,33.651948],[-117.818226,33.652345]]}},{"type":"Feature","properties":{"kind":"footway","name":""},"geometry":{"type":"LineString","coordinates":[[-117.817945,33.649731],[-117.818307,33.64959],[-117.818425,33.6496],[-117.819004,33.65013],[-117.819405,33.650378],[-117.819981,33.650625],[-117.820945,33.650817],[-117.82176,33.650803]]}},{"type":"Feature","properties":{"kind":"cycleway","name":"Turtle Rock Trail"},"geometry":{"type":"LineString","coordinates":[[-117.818416,33.64923],[-117.81851,33.649313]]}},{"type":"Feature","properties":{"kind":"footway","name":""},"geometry":{"type":"LineString","coordinates":[[-117.818465,33.646659],[-117.819156,33.646999],[-117.819883,33.647176],[-117.819768,33.647517],[-117.81936,33.648174],[-117.818416,33.64923]]}},{"type":"Feature","properties":{"kind":"footway","name":""},"geometry":{"type":"LineString","coordinates":[[-117.831334,33.648752],[-117.832242,33.648574]]}},{"type":"Feature","properties":{"kind":"footway","name":""},"geometry":{"type":"LineString","coordinates":[[-117.831187,33.648784],[-117.831334,33.648752]]}},{"type":"Feature","properties":{"kind":"footway","name":""},"geometry":{"type":"LineString","coordinates":[[-117.830293,33.648986],[-117.831187,33.648784]]}},{"type":"Feature","properties":{"kind":"footway","name":"Campus Sidepath"},"geometry":{"type":"LineString","coordinates":[[-117.829938,33.648778],[-117.83002,33.649043],[-117.830293,33.648986],[-117.83021,33.64872],[-117.829938,33.648778]]}},{"type":"Feature","properties":{"kind":"footway","name":""},"geometry":{"type":"LineString","coordinates":[[-117.824847,33.650165],[-117.83002,33.649043]]}},{"type":"Feature","properties":{"kind":"footway","name":""},"geometry":{"type":"LineString","coordinates":[[-117.835052,33.645905],[-117.834666,33.645941],[-117.834583,33.645894],[-117.834577,33.644613],[-117.834351,33.644337],[-117.834044,33.644177]]}},{"type":"Feature","properties":{"kind":"footway","name":""},"geometry":{"type":"LineString","coordinates":[[-117.834581,33.645399],[-117.834464,33.645394]]}},{"type":"Feature","properties":{"kind":"footway","name":""},"geometry":{"type":"LineString","coordinates":[[-117.834464,33.645394],[-117.834469,33.644874]]}},{"type":"Feature","properties":{"kind":"footway","name":""},"geometry":{"type":"LineString","coordinates":[[-117.834469,33.644874],[-117.834474,33.6448]]}},{"type":"Feature","properties":{"kind":"footway","name":""},"geometry":{"type":"LineString","coordinates":[[-117.833133,33.644385],[-117.833956,33.644321],[-117.834156,33.644357],[-117.834434,33.644578],[-117.834474,33.6448]]}},{"type":"Feature","properties":{"kind":"footway","name":""},"geometry":{"type":"LineString","coordinates":[[-117.832969,33.644396],[-117.833133,33.644385]]}},{"type":"Feature","properties":{"kind":"footway","name":""},"geometry":{"type":"LineString","coordinates":[[-117.831902,33.644694],[-117.832456,33.644483],[-117.832969,33.644396]]}},{"type":"Feature","properties":{"kind":"footway","name":""},"geometry":{"type":"LineString","coordinates":[[-117.831864,33.644561],[-117.831902,33.644694],[-117.831741,33.644743],[-117.831679,33.644625]]}},{"type":"Feature","properties":{"kind":"footway","name":""},"geometry":{"type":"LineString","coordinates":[[-117.83369,33.644207],[-117.832765,33.644315],[-117.831864,33.644561]]}},{"type":"Feature","properties":{"kind":"footway","name":""},"geometry":{"type":"LineString","coordinates":[[-117.831778,33.644495],[-117.831671,33.644534],[-117.831679,33.644625]]}},{"type":"Feature","properties":{"kind":"footway","name":""},"geometry":{"type":"LineString","coordinates":[[-117.830624,33.644893],[-117.830482,33.644868],[-117.83045,33.644743]]}},{"type":"Feature","properties":{"kind":"footway","name":""},"geometry":{"type":"LineString","coordinates":[[-117.834541,33.644536],[-117.834434,33.644578]]}},{"type":"Feature","properties":{"kind":"waterway:stream","name":"Sand Canyon Wash South Branch"},"geometry":{"type":"LineString","coordinates":[[-117.833229,33.65289],[-117.833168,33.653231],[-117.83413,33.65414],[-117.834334,33.65424],[-117.834765,33.654287],[-117.835412,33.654454],[-117.835807,33.654738],[-117.836244,33.654867]]}},{"type":"Feature","properties":{"kind":"waterway:stream","name":""},"geometry":{"type":"LineString","coordinates":[[-117.833457,33.652474],[-117.83325,33.652829]]}},{"type":"Feature","properties":{"kind":"waterway:stream","name":""},"geometry":{"type":"LineString","coordinates":[[-117.83325,33.652829],[-117.833229,33.65289]]}},{"type":"Feature","properties":{"kind":"waterway:stream","name":"Sand Canyon Wash South Branch"},"geometry":{"type":"LineString","coordinates":[[-117.836322,33.654886],[-117.836523,33.655004],[-117.836664,33.655356],[-117.837614,33.65556],[-117.837919,33.655719],[-117.838156,33.656067],[-117.838307,33.656524],[-117.838156,33.657085]]}},{"type":"Feature","properties":{"kind":"waterway:stream","name":""},"geometry":{"type":"LineString","coordinates":[[-117.836244,33.654867],[-117.836322,33.654886]]}},{"type":"Feature","properties":{"kind":"footway","name":""},"geometry":{"type":"LineString","coordinates":[[-117.820967,33.635943],[-117.821211,33.636421],[-117.821323,33.637094],[-117.821253,33.637594],[-117.821278,33.638001],[-117.821203,33.638208]]}},{"type":"Feature","properties":{"kind":"footway","name":""},"geometry":{"type":"LineString","coordinates":[[-117.81974,33.645156],[-117.819574,33.643555],[-117.8198,33.641693],[-117.820002,33.641183],[-117.820034,33.64086],[-117.820332,33.6404],[-117.82047,33.639979],[-117.820729,33.639608],[-117.820867,33.639175],[-117.821068,33.63885],[-117.821142,33.638411]]}},{"type":"Feature","properties":{"kind":"footway","name":""},"geometry":{"type":"LineString","coordinates":[[-117.819401,33.642575],[-117.819426,33.642415],[-117.819611,33.642444]]}},{"type":"Feature","properties":{"kind":"footway","name":""},"geometry":{"type":"LineString","coordinates":[[-117.821142,33.638411],[-117.821203,33.638208]]}},{"type":"Feature","properties":{"kind":"footway","name":""},"geometry":{"type":"LineString","coordinates":[[-117.819694,33.64246],[-117.819611,33.642444]]}},{"type":"Feature","properties":{"kind":"footway","name":""},"geometry":{"type":"LineString","coordinates":[[-117.819825,33.648006],[-117.820141,33.647399],[-117.820235,33.646716],[-117.820155,33.646248],[-117.819783,33.645358]]}},{"type":"Feature","properties":{"kind":"footway","name":""},"geometry":{"type":"LineString","coordinates":[[-117.820185,33.647219],[-117.820142,33.647207]]}},{"type":"Feature","properties":{"kind":"footway","name":""},"geometry":{"type":"LineString","coordinates":[[-117.81974,33.645156],[-117.819783,33.645358]]}},{"type":"Feature","properties":{"kind":"footway","name":""},"geometry":{"type":"LineString","coordinates":[[-117.818628,33.649423],[-117.819199,33.648855],[-117.819691,33.648189]]}},{"type":"Feature","properties":{"kind":"footway","name":""},"geometry":{"type":"LineString","coordinates":[[-117.819691,33.648189],[-117.819825,33.648006]]}},{"type":"Feature","properties":{"kind":"tertiary","name":"West Peltason Drive"},"geometry":{"type":"LineString","coordinates":[[-117.842574,33.650723],[-117.842642,33.650636]]}},{"type":"Feature","properties":{"kind":"footway","name":""},"geometry":{"type":"LineString","coordinates":[[-117.837111,33.651935],[-117.837377,33.65164],[-117.83767,33.651775],[-117.838316,33.65189],[-117.839544,33.651885],[-117.839855,33.652054]]}},{"type":"Feature","properties":{"kind":"footway","name":""},"geometry":{"type":"LineString","coordinates":[[-117.837226,33.649534],[-117.837253,33.649376]]}},{"type":"Feature","properties":{"kind":"primary","name":"Culver Drive"},"geometry":{"type":"LineString","coordinates":[[-117.827691,33.656312],[-117.827706,33.656684]]}},{"type":"Feature","properties":{"kind":"primary","name":"Culver Drive"},"geometry":{"type":"LineString","coordinates":[[-117.827656,33.656023],[-117.827691,33.656312]]}},{"type":"Feature","properties":{"kind":"primary","name":"University Drive"},"geometry":{"type":"LineString","coordinates":[[-117.846018,33.653897],[-117.846422,33.653556]]}},{"type":"Feature","properties":{"kind":"secondary","name":"East Peltason Drive"},"geometry":{"type":"LineString","coordinates":[[-117.843409,33.64199],[-117.8442,33.641712]]}},{"type":"Feature","properties":{"kind":"secondary","name":"East Peltason Drive"},"geometry":{"type":"LineString","coordinates":[[-117.8442,33.641712],[-117.845043,33.641652]]}},{"type":"Feature","properties":{"kind":"service","name":"Rockview"},"geometry":{"type":"LineString","coordinates":[[-117.82003,33.651839],[-117.819798,33.651368],[-117.819602,33.651214],[-117.819433,33.651167],[-117.819046,33.651249],[-117.818649,33.651682]]}},{"type":"Feature","properties":{"kind":"residential","name":"Rockview"},"geometry":{"type":"LineString","coordinates":[[-117.818649,33.651682],[-117.817383,33.652953],[-117.817239,33.653225],[-117.817225,33.653611],[-117.8175,33.65423],[-117.817427,33.654687]]}},{"type":"Feature","properties":{"kind":"service","name":"Rockview"},"geometry":{"type":"LineString","coordinates":[[-117.820098,33.652054],[-117.82003,33.651839]]}},{"type":"Feature","properties":{"kind":"tertiary","name":"Arroyo Drive"},"geometry":{"type":"LineString","coordinates":[[-117.829591,33.646998],[-117.829491,33.647025]]}},{"type":"Feature","properties":{"kind":"secondary","name":"California Avenue"},"geometry":{"type":"LineString","coordinates":[[-117.829419,33.646783],[-117.829491,33.647025]]}},{"type":"Feature","properties":{"kind":"secondary","name":"East Peltason Drive"},"geometry":{"type":"LineString","coordinates":[[-117.835223,33.645267],[-117.835191,33.645535]]}},{"type":"Feature","properties":{"kind":"footway","name":""},"geometry":{"type":"LineString","coordinates":[[-117.836877,33.654923],[-117.836859,33.655009],[-117.83708,33.655231],[-117.836941,33.655189],[-117.836859,33.655009]]}},{"type":"Feature","properties":{"kind":"footway","name":""},"geometry":{"type":"LineString","coordinates":[[-117.836941,33.655189],[-117.836872,33.655203],[-117.836928,33.655158]]}},{"type":"Feature","properties":{"kind":"footway","name":""},"geometry":{"type":"LineString","coordinates":[[-117.833525,33.652916],[-117.833413,33.652928]]}},{"type":"Feature","properties":{"kind":"footway","name":""},"geometry":{"type":"LineString","coordinates":[[-117.833297,33.652863],[-117.83321,33.652845]]}},{"type":"Feature","properties":{"kind":"service","name":""},"geometry":{"type":"LineString","coordinates":[[-117.833668,33.642463],[-117.833548,33.642732]]}},{"type":"Feature","properties":{"kind":"service","name":""},"geometry":{"type":"LineString","coordinates":[[-117.837972,33.648157],[-117.838229,33.647873],[-117.838221,33.647707],[-117.83813,33.647653]]}},{"type":"Feature","properties":{"kind":"footway","name":""},"geometry":{"type":"LineString","coordinates":[[-117.830302,33.643085],[-117.830139,33.643357],[-117.829739,33.643342],[-117.829764,33.6436],[-117.830036,33.643839]]}},{"type":"Feature","properties":{"kind":"service","name":""},"geometry":{"type":"LineString","coordinates":[[-117.850409,33.638554],[-117.850577,33.63883],[-117.850832,33.638867],[-117.850564,33.63841]]}},{"type":"Feature","properties":{"kind":"service","name":""},"geometry":{"type":"LineString","coordinates":[[-117.847962,33.636905],[-117.847476,33.637396]]}},{"type":"Feature","properties":{"kind":"service","name":""},"geometry":{"type":"LineString","coordinates":[[-117.852729,33.642718],[-117.852731,33.643228],[-117.851654,33.643205]]}},{"type":"Feature","properties":{"kind":"service","name":""},"geometry":{"type":"LineString","coordinates":[[-117.852731,33.642905],[-117.852542,33.642906],[-117.852374,33.64267],[-117.852203,33.642583],[-117.851868,33.64285],[-117.851875,33.643201]]}},{"type":"Feature","properties":{"kind":"service","name":""},"geometry":{"type":"LineString","coordinates":[[-117.852431,33.642735],[-117.852005,33.642747]]}},{"type":"Feature","properties":{"kind":"service","name":""},"geometry":{"type":"LineString","coordinates":[[-117.851508,33.642124],[-117.852053,33.642142],[-117.852252,33.642061]]}},{"type":"Feature","properties":{"kind":"footway","name":""},"geometry":{"type":"LineString","coordinates":[[-117.851672,33.64271],[-117.852765,33.641842],[-117.852851,33.64183]]}},{"type":"Feature","properties":{"kind":"footway","name":""},"geometry":{"type":"LineString","coordinates":[[-117.850697,33.645343],[-117.850791,33.6455]]}},{"type":"Feature","properties":{"kind":"footway","name":""},"geometry":{"type":"LineString","coordinates":[[-117.851439,33.645596],[-117.851811,33.645558],[-117.85192,33.645423],[-117.851936,33.64524]]}},{"type":"Feature","properties":{"kind":"footway","name":""},"geometry":{"type":"LineString","coordinates":[[-117.85118,33.645255],[-117.851222,33.645213]]}},{"type":"Feature","properties":{"kind":"footway","name":""},"geometry":{"type":"LineString","coordinates":[[-117.85133,33.645219],[-117.851449,33.645258]]}},{"type":"Feature","properties":{"kind":"footway","name":""},"geometry":{"type":"LineString","coordinates":[[-117.851182,33.645058],[-117.851085,33.645111]]}},{"type":"Feature","properties":{"kind":"footway","name":""},"geometry":{"type":"LineString","coordinates":[[-117.8513,33.645018],[-117.851371,33.644915]]}},{"type":"Feature","properties":{"kind":"footway","name":""},"geometry":{"type":"LineString","coordinates":[[-117.851482,33.645097],[-117.851383,33.645058],[-117.851362,33.644969]]}},{"type":"Feature","properties":{"kind":"footway","name":""},"geometry":{"type":"LineString","coordinates":[[-117.851589,33.644565],[-117.851459,33.644655]]}},{"type":"Feature","properties":{"kind":"footway","name":""},"geometry":{"type":"LineString","coordinates":[[-117.851592,33.64475],[-117.851267,33.644613],[-117.850791,33.64461]]}},{"type":"Feature","properties":{"kind":"footway","name":""},"geometry":{"type":"LineString","coordinates":[[-117.85168,33.644479],[-117.851677,33.644328]]}},{"type":"Feature","properties":{"kind":"footway","name":""},"geometry":{"type":"LineString","coordinates":[[-117.851194,33.6391],[-117.85127,33.639169],[-117.850944,33.639487],[-117.850695,33.639892],[-117.850537,33.64031],[-117.85051,33.640577],[-117.850742,33.641363],[-117.851236,33.641967]]}},{"type":"Feature","properties":{"kind":"footway","name":""},"geometry":{"type":"LineString","coordinates":[[-117.851651,33.638486],[-117.85124,33.638765],[-117.851273,33.63882]]}},{"type":"Feature","properties":{"kind":"footway","name":""},"geometry":{"type":"LineString","coordinates":[[-117.85145,33.638927],[-117.851512,33.638983],[-117.851948,33.638636],[-117.85262,33.638255],[-117.853562,33.637227]]}},{"type":"Feature","properties":{"kind":"footway","name":""},"geometry":{"type":"LineString","coordinates":[[-117.851946,33.63783],[-117.853269,33.638738]]}},{"type":"Feature","properties":{"kind":"service","name":""},"geometry":{"type":"LineString","coordinates":[[-117.843632,33.642322],[-117.844719,33.642638],[-117.844613,33.642814]]}},{"type":"Feature","properties":{"kind":"cycleway","name":""},"geometry":{"type":"LineString","coordinates":[[-117.84776,33.647601],[-117.847871,33.647653],[-117.848135,33.647405],[-117.848883,33.647807]]}},{"type":"Feature","properties":{"kind":"footway","name":""},"geometry":{"type":"LineString","coordinates":[[-117.840006,33.647385],[-117.840158,33.648085],[-117.840094,33.648154]]}},{"type":"Feature","properties":{"kind":"service","name":""},"geometry":{"type":"LineString","coordinates":[[-117.832054,33.656672],[-117.832246,33.656675],[-117.83226,33.656508],[-117.832132,33.656468],[-117.832049,33.656503],[-117.832054,33.656672]]}},{"type":"Feature","properties":{"kind":"service","name":""},"geometry":{"type":"LineString","coordinates":[[-117.838862,33.64906],[-117.839169,33.648902]]}},{"type":"Feature","properties":{"kind":"service","name":""},"geometry":{"type":"LineString","coordinates":[[-117.838918,33.648746],[-117.838862,33.64906]]}},{"type":"Feature","properties":{"kind":"service","name":""},"geometry":{"type":"LineString","coordinates":[[-117.836596,33.64006],[-117.836532,33.639974],[-117.83657,33.639913],[-117.836748,33.639917]]}},{"type":"Feature","properties":{"kind":"path","name":""},"geometry":{"type":"LineString","coordinates":[[-117.827138,33.634666],[-117.827456,33.635212],[-117.827828,33.636833],[-117.828081,33.637509],[-117.828324,33.637913],[-117.828561,33.638187],[-117.829183,33.638691],[-117.830183,33.63916]]}},{"type":"Feature","properties":{"kind":"service","name":""},"geometry":{"type":"LineString","coordinates":[[-117.836498,33.641041],[-117.836522,33.641224]]}},{"type":"Feature","properties":{"kind":"footway","name":""},"geometry":{"type":"LineString","coordinates":[[-117.852775,33.648935],[-117.852873,33.649864],[-117.853182,33.650614],[-117.851672,33.650866],[-117.850617,33.651141],[-117.848655,33.651908],[-117.847053,33.652763]]}},{"type":"Feature","properties":{"kind":"footway","name":""},"geometry":{"type":"LineString","coordinates":[[-117.843374,33.64313],[-117.843769,33.643332],[-117.843917,33.643094],[-117.845039,33.643604],[-117.845143,33.643518]]}},{"type":"Feature","properties":{"kind":"footway","name":""},"geometry":{"type":"LineString","coordinates":[[-117.843744,33.643377],[-117.843524,33.643837]]}},{"type":"Feature","properties":{"kind":"service","name":""},"geometry":{"type":"LineString","coordinates":[[-117.830929,33.637224],[-117.831102,33.637478]]}},{"type":"Feature","properties":{"kind":"service","name":""},"geometry":{"type":"LineString","coordinates":[[-117.831279,33.637082],[-117.831434,33.637331]]}},{"type":"Feature","properties":{"kind":"service","name":""},"geometry":{"type":"LineString","coordinates":[[-117.830577,33.637425],[-117.830799,33.637646]]}},{"type":"Feature","properties":{"kind":"service","name":""},"geometry":{"type":"LineString","coordinates":[[-117.830279,33.637669],[-117.830548,33.637855]]}},{"type":"Feature","properties":{"kind":"service","name":""},"geometry":{"type":"LineString","coordinates":[[-117.830341,33.638101],[-117.830021,33.63795]]}},{"type":"Feature","properties":{"kind":"footway","name":""},"geometry":{"type":"LineString","coordinates":[[-117.829955,33.638078],[-117.829869,33.638377],[-117.830076,33.638473],[-117.83021,33.638448],[-117.830263,33.638299],[-117.829976,33.63815]]}},{"type":"Feature","properties":{"kind":"footway","name":""},"geometry":{"type":"LineString","coordinates":[[-117.829982,33.638418],[-117.829885,33.638357],[-117.829909,33.638252]]}},{"type":"Feature","properties":{"kind":"footway","name":""},"geometry":{"type":"LineString","coordinates":[[-117.830231,33.638424],[-117.830196,33.638269]]}},{"type":"Feature","properties":{"kind":"footway","name":""},"geometry":{"type":"LineString","coordinates":[[-117.829916,33.637954],[-117.829982,33.637903],[-117.82983,33.637933],[-117.829916,33.637954]]}},{"type":"Feature","properties":{"kind":"footway","name":""},"geometry":{"type":"LineString","coordinates":[[-117.829895,33.637887],[-117.829884,33.637745]]}},{"type":"Feature","properties":{"kind":"footway","name":""},"geometry":{"type":"LineString","coordinates":[[-117.831288,33.636947],[-117.830509,33.637355],[-117.83021,33.637188],[-117.829026,33.637232],[-117.828781,33.636776],[-117.828834,33.636724],[-117.831126,33.636683],[-117.831288,33.636947]]}},{"type":"Feature","properties":{"kind":"footway","name":""},"geometry":{"type":"LineString","coordinates":[[-117.831365,33.636997],[-117.831286,33.636966]]}},{"type":"Feature","properties":{"kind":"footway","name":""},"geometry":{"type":"LineString","coordinates":[[-117.831365,33.636997],[-117.83144,33.637019]]}},{"type":"Feature","properties":{"kind":"footway","name":""},"geometry":{"type":"LineString","coordinates":[[-117.829955,33.638078],[-117.829782,33.63806],[-117.829383,33.637829],[-117.828883,33.63734],[-117.828633,33.636863],[-117.828457,33.63608],[-117.828019,33.636147]]}},{"type":"Feature","properties":{"kind":"footway","name":""},"geometry":{"type":"LineString","coordinates":[[-117.828788,33.636752],[-117.828737,33.636596]]}},{"type":"Feature","properties":{"kind":"footway","name":""},"geometry":{"type":"LineString","coordinates":[[-117.830511,33.637368],[-117.83038,33.637463]]}},{"type":"Feature","properties":{"kind":"footway","name":""},"geometry":{"type":"LineString","coordinates":[[-117.829936,33.638011],[-117.829916,33.637954]]}},{"type":"Feature","properties":{"kind":"footway","name":""},"geometry":{"type":"LineString","coordinates":[[-117.829936,33.638011],[-117.829955,33.638078]]}},{"type":"Feature","properties":{"kind":"footway","name":""},"geometry":{"type":"LineString","coordinates":[[-117.841067,33.648911],[-117.841159,33.648817]]}},{"type":"Feature","properties":{"kind":"unclassified","name":"Pereira Drive"},"geometry":{"type":"LineString","coordinates":[[-117.84278,33.65121],[-117.84289,33.650805],[-117.843136,33.650299]]}},{"type":"Feature","properties":{"kind":"footway","name":""},"geometry":{"type":"LineString","coordinates":[[-117.824651,33.647993],[-117.824486,33.648151],[-117.824568,33.648325],[-117.824426,33.648398]]}},{"type":"Feature","properties":{"kind":"footway","name":""},"geometry":{"type":"LineString","coordinates":[[-117.824797,33.648183],[-117.824781,33.648171]]}},{"type":"Feature","properties":{"kind":"footway","name":""},"geometry":{"type":"LineString","coordinates":[[-117.819825,33.648006],[-117.820879,33.648469],[-117.821251,33.64853],[-117.821653,33.648437],[-117.822383,33.64789]]}},{"type":"Feature","properties":{"kind":"footway","name":""},"geometry":{"type":"LineString","coordinates":[[-117.820673,33.648382],[-117.820584,33.648232],[-117.820424,33.64827]]}},{"type":"Feature","properties":{"kind":"footway","name":""},"geometry":{"type":"LineString","coordinates":[[-117.820177,33.648148],[-117.820258,33.648036]]}},{"type":"Feature","properties":{"kind":"footway","name":""},"geometry":{"type":"LineString","coordinates":[[-117.820309,33.64786],[-117.820241,33.648004],[-117.820388,33.648095],[-117.820509,33.648036],[-117.820548,33.647826]]}},{"type":"Feature","properties":{"kind":"waterway:drain","name":""},"geometry":{"type":"LineString","coordinates":[[-117.821817,33.648004],[-117.821349,33.648134],[-117.820776,33.648169]]}},{"type":"Feature","properties":{"kind":"path","name":""},"geometry":{"type":"LineString","coordinates":[[-117.819411,33.652764],[-117.819302,33.653403],[-117.818306,33.654566],[-117.817335,33.655083]]}},{"type":"Feature","properties":{"kind":"service","name":"Cobblestone Way"},"geometry":{"type":"LineString","coordinates":[[-117.820572,33.650589],[-117.820537,33.650699]]}},{"type":"Feature","properties":{"kind":"footway","name":""},"geometry":{"type":"LineString","coordinates":[[-117.838116,33.655805],[-117.838462,33.65631],[-117.838421,33.656924],[-117.838289,33.65706],[-117.838065,33.657143],[-117.837737,33.65707]]}},{"type":"Feature","properties":{"kind":"footway","name":""},"geometry":{"type":"LineString","coordinates":[[-117.838462,33.65631],[-117.838561,33.656098],[-117.838538,33.655985],[-117.838354,33.655877],[-117.838177,33.655873]]}},{"type":"Feature","properties":{"kind":"footway","name":""},"geometry":{"type":"LineString","coordinates":[[-117.836297,33.65493],[-117.836202,33.654999]]}},{"type":"Feature","properties":{"kind":"footway","name":""},"geometry":{"type":"LineString","coordinates":[[-117.825352,33.651795],[-117.826489,33.653655]]}},{"type":"Feature","properties":{"kind":"footway","name":""},"geometry":{"type":"LineString","coordinates":[[-117.825352,33.651795],[-117.825248,33.651624]]}},{"type":"Feature","properties":{"kind":"footway","name":""},"geometry":{"type":"LineString","coordinates":[[-117.824427,33.650262],[-117.825248,33.651624]]}},{"type":"Feature","properties":{"kind":"footway","name":""},"geometry":{"type":"LineString","coordinates":[[-117.821998,33.65077],[-117.824427,33.650262]]}},{"type":"Feature","properties":{"kind":"footway","name":""},"geometry":{"type":"LineString","coordinates":[[-117.824252,33.64999],[-117.821944,33.650503]]}},{"type":"Feature","properties":{"kind":"service","name":""},"geometry":{"type":"LineString","coordinates":[[-117.82849,33.647433],[-117.828621,33.647567]]}},{"type":"Feature","properties":{"kind":"footway","name":""},"geometry":{"type":"LineString","coordinates":[[-117.846807,33.648284],[-117.846548,33.64853],[-117.84603,33.648743],[-117.845937,33.648731],[-117.845972,33.648254],[-117.846095,33.647962],[-117.846655,33.647265]]}},{"type":"Feature","properties":{"kind":"footway","name":""},"geometry":{"type":"LineString","coordinates":[[-117.845914,33.64894],[-117.846633,33.648629],[-117.846885,33.648433],[-117.847382,33.647839],[-117.847545,33.647923]]}},{"type":"Feature","properties":{"kind":"footway","name":""},"geometry":{"type":"LineString","coordinates":[[-117.845035,33.647083],[-117.844846,33.646887]]}},{"type":"Feature","properties":{"kind":"footway","name":""},"geometry":{"type":"LineString","coordinates":[[-117.844801,33.646864],[-117.844742,33.646823]]}},{"type":"Feature","properties":{"kind":"footway","name":""},"geometry":{"type":"LineString","coordinates":[[-117.846354,33.646986],[-117.846406,33.646868]]}},{"type":"Feature","properties":{"kind":"service","name":""},"geometry":{"type":"LineString","coordinates":[[-117.846654,33.646858],[-117.846406,33.646868]]}},{"type":"Feature","properties":{"kind":"footway","name":""},"geometry":{"type":"LineString","coordinates":[[-117.845203,33.646813],[-117.845379,33.646875]]}},{"type":"Feature","properties":{"kind":"cycleway","name":""},"geometry":{"type":"LineString","coordinates":[[-117.839261,33.644683],[-117.839369,33.644674],[-117.839486,33.64456]]}},{"type":"Feature","properties":{"kind":"footway","name":""},"geometry":{"type":"LineString","coordinates":[[-117.843101,33.649976],[-117.843156,33.649881]]}},{"type":"Feature","properties":{"kind":"footway","name":""},"geometry":{"type":"LineString","coordinates":[[-117.844666,33.644125],[-117.84458,33.644195]]}},{"type":"Feature","properties":{"kind":"footway","name":""},"geometry":{"type":"LineString","coordinates":[[-117.84458,33.644195],[-117.844514,33.644261]]}},{"type":"Feature","properties":{"kind":"pedestrian","name":"Ring Mall"},"geometry":{"type":"LineString","coordinates":[[-117.844274,33.64392],[-117.844311,33.644011],[-117.844755,33.644341],[-117.845054,33.644652],[-117.845326,33.645183],[-117.845501,33.64579]]}},{"type":"Feature","properties":{"kind":"pedestrian","name":"Ring Mall"},"geometry":{"type":"LineString","coordinates":[[-117.843259,33.648205],[-117.843892,33.648023]]}},{"type":"Feature","properties":{"kind":"footway","name":""},"geometry":{"type":"LineString","coordinates":[[-117.852191,33.641187],[-117.852385,33.641397],[-117.852644,33.641516],[-117.852936,33.641775]]}},{"type":"Feature","properties":{"kind":"footway","name":""},"geometry":{"type":"LineString","coordinates":[[-117.852163,33.64233],[-117.851666,33.642255]]}},{"type":"Feature","properties":{"kind":"cycleway","name":""},"geometry":{"type":"LineString","coordinates":[[-117.851677,33.642887],[-117.851654,33.643205]]}},{"type":"Feature","properties":{"kind":"cycleway","name":""},"geometry":{"type":"LineString","coordinates":[[-117.851613,33.642783],[-117.851611,33.642876],[-117.851706,33.642874],[-117.851718,33.642789],[-117.851613,33.642783]]}},{"type":"Feature","properties":{"kind":"footway","name":""},"geometry":{"type":"LineString","coordinates":[[-117.84452,33.647707],[-117.84435,33.647457]]}},{"type":"Feature","properties":{"kind":"footway","name":""},"geometry":{"type":"LineString","coordinates":[[-117.845693,33.648989],[-117.845914,33.64894],[-117.845937,33.648731],[-117.845691,33.648789],[-117.845693,33.648989]]}},{"type":"Feature","properties":{"kind":"footway","name":""},"geometry":{"type":"LineString","coordinates":[[-117.845994,33.650595],[-117.846034,33.650455],[-117.845849,33.650417]]}},{"type":"Feature","properties":{"kind":"footway","name":""},"geometry":{"type":"LineString","coordinates":[[-117.839034,33.643811],[-117.838671,33.643762]]}},{"type":"Feature","properties":{"kind":"footway","name":""},"geometry":{"type":"LineString","coordinates":[[-117.838678,33.643683],[-117.838695,33.643545]]}},{"type":"Feature","properties":{"kind":"footway","name":""},"geometry":{"type":"LineString","coordinates":[[-117.84495,33.646613],[-117.844695,33.64652]]}},{"type":"Feature","properties":{"kind":"footway","name":""},"geometry":{"type":"LineString","coordinates":[[-117.844602,33.646521],[-117.844593,33.64642]]}},{"type":"Feature","properties":{"kind":"footway","name":""},"geometry":{"type":"LineString","coordinates":[[-117.848985,33.646444],[-117.848787,33.646424],[-117.848889,33.646608],[-117.849057,33.646528],[-117.848985,33.646444]]}},{"type":"Feature","properties":{"kind":"footway","name":""},"geometry":{"type":"LineString","coordinates":[[-117.849148,33.646461],[-117.84952,33.646621]]}},{"type":"Feature","properties":{"kind":"footway","name":""},"geometry":{"type":"LineString","coordinates":[[-117.849478,33.646621],[-117.849641,33.646931],[-117.84979,33.646949]]}},{"type":"Feature","properties":{"kind":"footway","name":""},"geometry":{"type":"LineString","coordinates":[[-117.851594,33.644309],[-117.851557,33.643816],[-117.851738,33.643769],[-117.85179,33.643814],[-117.851779,33.644474]]}},{"type":"Feature","properties":{"kind":"footway","name":""},"geometry":{"type":"LineString","coordinates":[[-117.851614,33.645401],[-117.85192,33.645423]]}},{"type":"Feature","properties":{"kind":"footway","name":""},"geometry":{"type":"LineString","coordinates":[[-117.845179,33.646409],[-117.845175,33.646054],[-117.84456,33.64607],[-117.844572,33.64642]]}},{"type":"Feature","properties":{"kind":"footway","name":""},"geometry":{"type":"LineString","coordinates":[[-117.84462,33.646025],[-117.84462,33.64607]]}},{"type":"Feature","properties":{"kind":"footway","name":""},"geometry":{"type":"LineString","coordinates":[[-117.843123,33.649367],[-117.842929,33.649248],[-117.84293,33.649016],[-117.842719,33.649035]]}},{"type":"Feature","properties":{"kind":"footway","name":""},"geometry":{"type":"LineString","coordinates":[[-117.843064,33.648862],[-117.842908,33.648925]]}},{"type":"Feature","properties":{"kind":"footway","name":""},"geometry":{"type":"LineString","coordinates":[[-117.843122,33.644707],[-117.843047,33.644848]]}},{"type":"Feature","properties":{"kind":"cycleway","name":""},"geometry":{"type":"LineString","coordinates":[[-117.842985,33.648126],[-117.842865,33.647591]]}},{"type":"Feature","properties":{"kind":"footway","name":""},"geometry":{"type":"LineString","coordinates":[[-117.843029,33.648774],[-117.842886,33.648783]]}},{"type":"Feature","properties":{"kind":"cycleway","name":""},"geometry":{"type":"LineString","coordinates":[[-117.842988,33.648331],[-117.842985,33.648126]]}},{"type":"Feature","properties":{"kind":"service","name":""},"geometry":{"type":"LineString","coordinates":[[-117.845325,33.647851],[-117.845957,33.648142]]}},{"type":"Feature","properties":{"kind":"footway","name":""},"geometry":{"type":"LineString","coordinates":[[-117.845325,33.647851],[-117.845277,33.647934]]}},{"type":"Feature","properties":{"kind":"footway","name":""},"geometry":{"type":"LineString","coordinates":[[-117.845083,33.645148],[-117.845021,33.645154]]}},{"type":"Feature","properties":{"kind":"service","name":""},"geometry":{"type":"LineString","coordinates":[[-117.844488,33.644806],[-117.844459,33.644973]]}},{"type":"Feature","properties":{"kind":"footway","name":""},"geometry":{"type":"LineString","coordinates":[[-117.846948,33.643213],[-117.846777,33.643245]]}},{"type":"Feature","properties":{"kind":"footway","name":""},"geometry":{"type":"LineString","coordinates":[[-117.846777,33.643245],[-117.846169,33.643519]]}},{"type":"Feature","properties":{"kind":"footway","name":""},"geometry":{"type":"LineString","coordinates":[[-117.846007,33.643848],[-117.846158,33.643668]]}},{"type":"Feature","properties":{"kind":"footway","name":""},"geometry":{"type":"LineString","coordinates":[[-117.846169,33.643519],[-117.846071,33.6436],[-117.846158,33.643668]]}},{"type":"Feature","properties":{"kind":"service","name":""},"geometry":{"type":"LineString","coordinates":[[-117.845208,33.641849],[-117.845214,33.642484],[-117.845111,33.642641]]}},{"type":"Feature","properties":{"kind":"footway","name":""},"geometry":{"type":"LineString","coordinates":[[-117.844448,33.642213],[-117.844448,33.642302],[-117.845072,33.642604]]}},{"type":"Feature","properties":{"kind":"footway","name":""},"geometry":{"type":"LineString","coordinates":[[-117.845072,33.642604],[-117.845137,33.642706]]}},{"type":"Feature","properties":{"kind":"footway","name":""},"geometry":{"type":"LineString","coordinates":[[-117.84388,33.641836],[-117.843958,33.64193],[-117.843981,33.642289],[-117.844926,33.642619]]}},{"type":"Feature","properties":{"kind":"cycleway","name":""},"geometry":{"type":"LineString","coordinates":[[-117.843419,33.642428],[-117.843587,33.642445]]}},{"type":"Feature","properties":{"kind":"service","name":"South Circle View"},"geometry":{"type":"LineString","coordinates":[[-117.843034,33.643646],[-117.843238,33.643337]]}},{"type":"Feature","properties":{"kind":"pedestrian","name":"Ring Mall"},"geometry":{"type":"LineString","coordinates":[[-117.843943,33.643775],[-117.843926,33.64372],[-117.843626,33.64361],[-117.843134,33.6435],[-117.842103,33.643568],[-117.840742,33.64413],[-117.840098,33.644657],[-117.84007,33.644771]]}},{"type":"Feature","properties":{"kind":"pedestrian","name":"Ring Mall"},"geometry":{"type":"LineString","coordinates":[[-117.845501,33.64579],[-117.845551,33.645694],[-117.845484,33.645306],[-117.84523,33.64475],[-117.844809,33.644246],[-117.844381,33.643929],[-117.844274,33.64392]]}},{"type":"Feature","properties":{"kind":"pedestrian","name":"Ring Mall"},"geometry":{"type":"LineString","coordinates":[[-117.845373,33.64666],[-117.845482,33.646265],[-117.845501,33.64579]]}},{"type":"Feature","properties":{"kind":"pedestrian","name":"Ring Mall"},"geometry":{"type":"LineString","coordinates":[[-117.84411,33.64794],[-117.844718,33.647566]]}},{"type":"Feature","properties":{"kind":"footway","name":""},"geometry":{"type":"LineString","coordinates":[[-117.843371,33.642067],[-117.843527,33.64199]]}},{"type":"Feature","properties":{"kind":"footway","name":""},"geometry":{"type":"LineString","coordinates":[[-117.842462,33.648985],[-117.842371,33.648245]]}},{"type":"Feature","properties":{"kind":"footway","name":""},"geometry":{"type":"LineString","coordinates":[[-117.842929,33.649248],[-117.842734,33.649115]]}},{"type":"Feature","properties":{"kind":"footway","name":""},"geometry":{"type":"LineString","coordinates":[[-117.842842,33.650742],[-117.842813,33.650856]]}},{"type":"Feature","properties":{"kind":"footway","name":""},"geometry":{"type":"LineString","coordinates":[[-117.835766,33.643813],[-117.835795,33.643798]]}},{"type":"Feature","properties":{"kind":"footway","name":""},"geometry":{"type":"LineString","coordinates":[[-117.831863,33.642429],[-117.831808,33.642593]]}},{"type":"Feature","properties":{"kind":"footway","name":""},"geometry":{"type":"LineString","coordinates":[[-117.833951,33.646908],[-117.834109,33.646798],[-117.834137,33.646669]]}},{"type":"Feature","properties":{"kind":"footway","name":""},"geometry":{"type":"LineString","coordinates":[[-117.835134,33.647708],[-117.83021,33.64872]]}},{"type":"Feature","properties":{"kind":"footway","name":""},"geometry":{"type":"LineString","coordinates":[[-117.826992,33.653759],[-117.826852,33.653513],[-117.826489,33.653655]]}},{"type":"Feature","properties":{"kind":"footway","name":""},"geometry":{"type":"LineString","coordinates":[[-117.838816,33.653426],[-117.838616,33.653255],[-117.838384,33.653417]]}},{"type":"Feature","properties":{"kind":"cycleway","name":""},"geometry":{"type":"LineString","coordinates":[[-117.828486,33.643827],[-117.828213,33.643784]]}},{"type":"Feature","properties":{"kind":"footway","name":""},"geometry":{"type":"LineString","coordinates":[[-117.828695,33.644195],[-117.828611,33.644395]]}},{"type":"Feature","properties":{"kind":"service","name":""},"geometry":{"type":"LineString","coordinates":[[-117.826238,33.64609],[-117.826304,33.646166],[-117.826396,33.646102],[-117.826334,33.646036],[-117.826238,33.64609]]}},{"type":"Feature","properties":{"kind":"unclassified","name":"Mesa Road"},"geometry":{"type":"LineString","coordinates":[[-117.845957,33.648142],[-117.8458,33.648869]]}},{"type":"Feature","properties":{"kind":"footway","name":""},"geometry":{"type":"LineString","coordinates":[[-117.846308,33.651609],[-117.846247,33.651498],[-117.846073,33.65154]]}},{"type":"Feature","properties":{"kind":"footway","name":""},"geometry":{"type":"LineString","coordinates":[[-117.84651,33.652635],[-117.846824,33.652945]]}},{"type":"Feature","properties":{"kind":"footway","name":""},"geometry":{"type":"LineString","coordinates":[[-117.846422,33.652477],[-117.84651,33.652635]]}},{"type":"Feature","properties":{"kind":"footway","name":""},"geometry":{"type":"LineString","coordinates":[[-117.845754,33.653123],[-117.846168,33.652927],[-117.84651,33.652635]]}},{"type":"Feature","properties":{"kind":"footway","name":""},"geometry":{"type":"LineString","coordinates":[[-117.845577,33.653159],[-117.845754,33.653123]]}},{"type":"Feature","properties":{"kind":"footway","name":""},"geometry":{"type":"LineString","coordinates":[[-117.845517,33.653064],[-117.845539,33.653153]]}},{"type":"Feature","properties":{"kind":"footway","name":""},"geometry":{"type":"LineString","coordinates":[[-117.845707,33.655851],[-117.845748,33.655893]]}},{"type":"Feature","properties":{"kind":"footway","name":""},"geometry":{"type":"LineString","coordinates":[[-117.845902,33.656023],[-117.846291,33.656276],[-117.84646,33.656462]]}},{"type":"Feature","properties":{"kind":"service","name":"Brandywine Service Road"},"geometry":{"type":"LineString","coordinates":[[-117.836667,33.645974],[-117.836744,33.645395]]}},{"type":"Feature","properties":{"kind":"footway","name":""},"geometry":{"type":"LineString","coordinates":[[-117.83971,33.645273],[-117.839238,33.645157]]}},{"type":"Feature","properties":{"kind":"footway","name":""},"geometry":{"type":"LineString","coordinates":[[-117.839238,33.645157],[-117.839314,33.645115],[-117.839588,33.645188]]}},{"type":"Feature","properties":{"kind":"footway","name":""},"geometry":{"type":"LineString","coordinates":[[-117.838249,33.645321],[-117.838697,33.645316]]}},{"type":"Feature","properties":{"kind":"footway","name":""},"geometry":{"type":"LineString","coordinates":[[-117.837046,33.643947],[-117.837391,33.643974],[-117.837456,33.644567]]}},{"type":"Feature","properties":{"kind":"unclassified","name":"Pereira Drive"},"geometry":{"type":"LineString","coordinates":[[-117.842883,33.650111],[-117.842494,33.649889]]}},{"type":"Feature","properties":{"kind":"footway","name":""},"geometry":{"type":"LineString","coordinates":[[-117.842032,33.649865],[-117.842172,33.649806],[-117.842709,33.650132]]}},{"type":"Feature","properties":{"kind":"footway","name":""},"geometry":{"type":"LineString","coordinates":[[-117.841907,33.649753],[-117.842,33.649629]]}},{"type":"Feature","properties":{"kind":"footway","name":""},"geometry":{"type":"LineString","coordinates":[[-117.842,33.649629],[-117.842091,33.64954]]}},{"type":"Feature","properties":{"kind":"service","name":"Aldrich Hall Service Road"},"geometry":{"type":"LineString","coordinates":[[-117.841306,33.648831],[-117.841209,33.648942]]}},{"type":"Feature","properties":{"kind":"footway","name":""},"geometry":{"type":"LineString","coordinates":[[-117.840028,33.649215],[-117.840587,33.648598]]}},{"type":"Feature","properties":{"kind":"footway","name":""},"geometry":{"type":"LineString","coordinates":[[-117.840587,33.648598],[-117.840648,33.648523]]}},{"type":"Feature","properties":{"kind":"cycleway","name":""},"geometry":{"type":"LineString","coordinates":[[-117.839493,33.647776],[-117.838421,33.647285],[-117.837144,33.646858],[-117.836961,33.646713],[-117.836782,33.646437]]}},{"type":"Feature","properties":{"kind":"footway","name":""},"geometry":{"type":"LineString","coordinates":[[-117.840094,33.648154],[-117.839493,33.647776]]}},{"type":"Feature","properties":{"kind":"service","name":""},"geometry":{"type":"LineString","coordinates":[[-117.837058,33.645053],[-117.837067,33.644766]]}},{"type":"Feature","properties":{"kind":"footway","name":""},"geometry":{"type":"LineString","coordinates":[[-117.838538,33.645807],[-117.838517,33.645874]]}},{"type":"Feature","properties":{"kind":"footway","name":""},"geometry":{"type":"LineString","coordinates":[[-117.838517,33.645874],[-117.838496,33.645928],[-117.838693,33.64598],[-117.839145,33.645912],[-117.839533,33.645976]]}},{"type":"Feature","properties":{"kind":"footway","name":""},"geometry":{"type":"LineString","coordinates":[[-117.838955,33.645944],[-117.838801,33.645989],[-117.838966,33.645974],[-117.838982,33.646014]]}},{"type":"Feature","properties":{"kind":"footway","name":""},"geometry":{"type":"LineString","coordinates":[[-117.83369,33.644207],[-117.833505,33.644174],[-117.833485,33.64411],[-117.833561,33.644078]]}},{"type":"Feature","properties":{"kind":"footway","name":""},"geometry":{"type":"LineString","coordinates":[[-117.833503,33.64409],[-117.833491,33.64408]]}},{"type":"Feature","properties":{"kind":"footway","name":""},"geometry":{"type":"LineString","coordinates":[[-117.831159,33.644056],[-117.831418,33.643988],[-117.831427,33.643771],[-117.831792,33.643707]]}},{"type":"Feature","properties":{"kind":"service","name":""},"geometry":{"type":"LineString","coordinates":[[-117.828281,33.644557],[-117.828333,33.644318]]}},{"type":"Feature","properties":{"kind":"service","name":""},"geometry":{"type":"LineString","coordinates":[[-117.828868,33.644344],[-117.828662,33.64421],[-117.828598,33.644045]]}},{"type":"Feature","properties":{"kind":"service","name":""},"geometry":{"type":"LineString","coordinates":[[-117.828649,33.645516],[-117.828764,33.645499],[-117.828894,33.645386],[-117.828821,33.644603],[-117.828711,33.644572],[-117.828722,33.644338]]}},{"type":"Feature","properties":{"kind":"service","name":""},"geometry":{"type":"LineString","coordinates":[[-117.828683,33.645639],[-117.828759,33.645907],[-117.828963,33.645931]]}},{"type":"Feature","properties":{"kind":"footway","name":""},"geometry":{"type":"LineString","coordinates":[[-117.828058,33.643811],[-117.827766,33.64417],[-117.82768,33.644188]]}},{"type":"Feature","properties":{"kind":"tertiary","name":""},"geometry":{"type":"LineString","coordinates":[[-117.826358,33.639604],[-117.826218,33.639564],[-117.826166,33.639678],[-117.826319,33.639719],[-117.826358,33.639604]]}},{"type":"Feature","properties":{"kind":"footway","name":""},"geometry":{"type":"LineString","coordinates":[[-117.824025,33.642039],[-117.824059,33.64193]]}},{"type":"Feature","properties":{"kind":"footway","name":""},"geometry":{"type":"LineString","coordinates":[[-117.826918,33.643611],[-117.826994,33.643667]]}},{"type":"Feature","properties":{"kind":"footway","name":""},"geometry":{"type":"LineString","coordinates":[[-117.826854,33.64365],[-117.826918,33.643611],[-117.826887,33.643447],[-117.826725,33.643436],[-117.826698,33.643561],[-117.826763,33.64365],[-117.826854,33.64365]]}},{"type":"Feature","properties":{"kind":"footway","name":""},"geometry":{"type":"LineString","coordinates":[[-117.827473,33.643862],[-117.827396,33.643878]]}},{"type":"Feature","properties":{"kind":"service","name":""},"geometry":{"type":"LineString","coordinates":[[-117.823891,33.639181],[-117.82405,33.639257]]}},{"type":"Feature","properties":{"kind":"footway","name":""},"geometry":{"type":"LineString","coordinates":[[-117.823713,33.642401],[-117.823933,33.642416]]}},{"type":"Feature","properties":{"kind":"footway","name":""},"geometry":{"type":"LineString","coordinates":[[-117.824421,33.64399],[-117.82453,33.643924]]}},{"type":"Feature","properties":{"kind":"footway","name":""},"geometry":{"type":"LineString","coordinates":[[-117.826796,33.646842],[-117.82659,33.646912],[-117.826465,33.647053]]}},{"type":"Feature","properties":{"kind":"footway","name":""},"geometry":{"type":"LineString","coordinates":[[-117.827168,33.647544],[-117.827188,33.647244]]}},{"type":"Feature","properties":{"kind":"cycleway","name":""},"geometry":{"type":"LineString","coordinates":[[-117.824922,33.643774],[-117.825717,33.64442],[-117.8261,33.644581],[-117.826476,33.644579],[-117.826654,33.644663]]}},{"type":"Feature","properties":{"kind":"footway","name":""},"geometry":{"type":"LineString","coordinates":[[-117.827915,33.647013],[-117.828107,33.647025]]}},{"type":"Feature","properties":{"kind":"footway","name":""},"geometry":{"type":"LineString","coordinates":[[-117.827881,33.647186],[-117.827976,33.647196],[-117.82806,33.647329]]}},{"type":"Feature","properties":{"kind":"service","name":""},"geometry":{"type":"LineString","coordinates":[[-117.824857,33.651924],[-117.824869,33.651797]]}},{"type":"Feature","properties":{"kind":"service","name":""},"geometry":{"type":"LineString","coordinates":[[-117.823742,33.65239],[-117.823532,33.652018],[-117.823314,33.651783],[-117.823081,33.651017]]}},{"type":"Feature","properties":{"kind":"footway","name":""},"geometry":{"type":"LineString","coordinates":[[-117.830314,33.648996],[-117.830432,33.649456]]}},{"type":"Feature","properties":{"kind":"footway","name":""},"geometry":{"type":"LineString","coordinates":[[-117.827289,33.645713],[-117.827275,33.645921]]}},{"type":"Feature","properties":{"kind":"footway","name":""},"geometry":{"type":"LineString","coordinates":[[-117.826003,33.646136],[-117.82607,33.646256]]}},{"type":"Feature","properties":{"kind":"footway","name":""},"geometry":{"type":"LineString","coordinates":[[-117.826076,33.646138],[-117.826003,33.646136]]}},{"type":"Feature","properties":{"kind":"footway","name":""},"geometry":{"type":"LineString","coordinates":[[-117.826003,33.646136],[-117.825785,33.646112]]}},{"type":"Feature","properties":{"kind":"footway","name":""},"geometry":{"type":"LineString","coordinates":[[-117.825686,33.646114],[-117.82543,33.646069]]}},{"type":"Feature","properties":{"kind":"footway","name":""},"geometry":{"type":"LineString","coordinates":[[-117.831945,33.647835],[-117.831902,33.647705],[-117.831733,33.647748],[-117.831773,33.64786]]}},{"type":"Feature","properties":{"kind":"footway","name":""},"geometry":{"type":"LineString","coordinates":[[-117.831902,33.647705],[-117.831687,33.647029],[-117.831669,33.646631],[-117.831964,33.645213],[-117.831902,33.644694]]}},{"type":"Feature","properties":{"kind":"cycleway","name":""},"geometry":{"type":"LineString","coordinates":[[-117.831128,33.645727],[-117.831097,33.645825],[-117.83126,33.646422],[-117.831733,33.647748]]}},{"type":"Feature","properties":{"kind":"footway","name":""},"geometry":{"type":"LineString","coordinates":[[-117.831754,33.645605],[-117.831869,33.645631]]}},{"type":"Feature","properties":{"kind":"footway","name":""},"geometry":{"type":"LineString","coordinates":[[-117.83114,33.645373],[-117.831082,33.644906]]}},{"type":"Feature","properties":{"kind":"footway","name":""},"geometry":{"type":"LineString","coordinates":[[-117.83191,33.644294],[-117.831954,33.644221],[-117.831879,33.64407],[-117.832116,33.643925],[-117.832123,33.643795]]}},{"type":"Feature","properties":{"kind":"cycleway","name":""},"geometry":{"type":"LineString","coordinates":[[-117.833346,33.645846],[-117.832532,33.645914]]}},{"type":"Feature","properties":{"kind":"footway","name":""},"geometry":{"type":"LineString","coordinates":[[-117.833655,33.646235],[-117.833885,33.646503]]}},{"type":"Feature","properties":{"kind":"footway","name":""},"geometry":{"type":"LineString","coordinates":[[-117.834453,33.645932],[-117.834249,33.646011],[-117.833939,33.645979],[-117.833798,33.64606],[-117.833957,33.646114],[-117.834506,33.646102]]}},{"type":"Feature","properties":{"kind":"footway","name":""},"geometry":{"type":"LineString","coordinates":[[-117.834598,33.646139],[-117.8346,33.645915],[-117.834453,33.645932]]}},{"type":"Feature","properties":{"kind":"footway","name":""},"geometry":{"type":"LineString","coordinates":[[-117.834349,33.645974],[-117.834441,33.646006],[-117.834419,33.646101]]}},{"type":"Feature","properties":{"kind":"footway","name":""},"geometry":{"type":"LineString","coordinates":[[-117.831773,33.64786],[-117.831936,33.648371]]}},{"type":"Feature","properties":{"kind":"cycleway","name":""},"geometry":{"type":"LineString","coordinates":[[-117.831754,33.645845],[-117.830785,33.645693],[-117.830746,33.645811],[-117.830823,33.646099],[-117.830703,33.646198],[-117.8306,33.646477],[-117.830885,33.646509],[-117.83126,33.646422]]}},{"type":"Feature","properties":{"kind":"cycleway","name":""},"geometry":{"type":"LineString","coordinates":[[-117.830785,33.645693],[-117.830368,33.645571]]}},{"type":"Feature","properties":{"kind":"footway","name":""},"geometry":{"type":"LineString","coordinates":[[-117.826358,33.646336],[-117.826314,33.646246]]}},{"type":"Feature","properties":{"kind":"footway","name":""},"geometry":{"type":"LineString","coordinates":[[-117.82607,33.646256],[-117.826137,33.646332]]}},{"type":"Feature","properties":{"kind":"footway","name":""},"geometry":{"type":"LineString","coordinates":[[-117.826152,33.64725],[-117.826424,33.647017]]}},{"type":"Feature","properties":{"kind":"footway","name":""},"geometry":{"type":"LineString","coordinates":[[-117.825812,33.646927],[-117.826152,33.64725]]}},{"type":"Feature","properties":{"kind":"service","name":""},"geometry":{"type":"LineString","coordinates":[[-117.825047,33.647241],[-117.82555,33.64687]]}},{"type":"Feature","properties":{"kind":"service","name":""},"geometry":{"type":"LineString","coordinates":[[-117.825554,33.646765],[-117.82555,33.64687],[-117.825682,33.646873],[-117.825687,33.646767],[-117.825554,33.646765]]}},{"type":"Feature","properties":{"kind":"footway","name":""},"geometry":{"type":"LineString","coordinates":[[-117.828315,33.647014],[-117.828627,33.647028]]}},{"type":"Feature","properties":{"kind":"footway","name":""},"geometry":{"type":"LineString","coordinates":[[-117.823396,33.643113],[-117.823499,33.643063]]}},{"type":"Feature","properties":{"kind":"footway","name":""},"geometry":{"type":"LineString","coordinates":[[-117.822051,33.642599],[-117.822578,33.642669],[-117.823401,33.643038],[-117.823734,33.64312]]}},{"type":"Feature","properties":{"kind":"footway","name":""},"geometry":{"type":"LineString","coordinates":[[-117.823862,33.642978],[-117.823928,33.642989]]}},{"type":"Feature","properties":{"kind":"footway","name":""},"geometry":{"type":"LineString","coordinates":[[-117.823748,33.643122],[-117.823887,33.64314]]}},{"type":"Feature","properties":{"kind":"footway","name":""},"geometry":{"type":"LineString","coordinates":[[-117.823678,33.643835],[-117.823681,33.64394]]}},{"type":"Feature","properties":{"kind":"footway","name":""},"geometry":{"type":"LineString","coordinates":[[-117.823851,33.64384],[-117.823902,33.643142],[-117.824215,33.641959]]}},{"type":"Feature","properties":{"kind":"footway","name":""},"geometry":{"type":"LineString","coordinates":[[-117.825153,33.647289],[-117.825062,33.647352]]}},{"type":"Feature","properties":{"kind":"cycleway","name":""},"geometry":{"type":"LineString","coordinates":[[-117.82582,33.647866],[-117.826468,33.648032],[-117.827287,33.648031]]}},{"type":"Feature","properties":{"kind":"footway","name":""},"geometry":{"type":"LineString","coordinates":[[-117.82794,33.64643],[-117.827823,33.646615],[-117.827619,33.646737],[-117.827524,33.646876]]}},{"type":"Feature","properties":{"kind":"footway","name":""},"geometry":{"type":"LineString","coordinates":[[-117.824025,33.642039],[-117.82377,33.642962],[-117.823382,33.642893],[-117.822459,33.642491],[-117.822059,33.642419]]}},{"type":"Feature","properties":{"kind":"footway","name":""},"geometry":{"type":"LineString","coordinates":[[-117.824691,33.640634],[-117.824609,33.640765]]}},{"type":"Feature","properties":{"kind":"footway","name":""},"geometry":{"type":"LineString","coordinates":[[-117.826006,33.639731],[-117.825973,33.639612]]}},{"type":"Feature","properties":{"kind":"footway","name":"SCPS Path"},"geometry":{"type":"LineString","coordinates":[[-117.838235,33.647623],[-117.838268,33.647394],[-117.838489,33.647424],[-117.838379,33.647375]]}},{"type":"Feature","properties":{"kind":"footway","name":""},"geometry":{"type":"LineString","coordinates":[[-117.832188,33.65102],[-117.832222,33.65119]]}},{"type":"Feature","properties":{"kind":"footway","name":""},"geometry":{"type":"LineString","coordinates":[[-117.831216,33.651876],[-117.831424,33.651776],[-117.831276,33.651525],[-117.831034,33.651643]]}},{"type":"Feature","properties":{"kind":"footway","name":""},"geometry":{"type":"LineString","coordinates":[[-117.829882,33.652658],[-117.831216,33.651876]]}},{"type":"Feature","properties":{"kind":"service","name":"California Avenue"},"geometry":{"type":"LineString","coordinates":[[-117.832232,33.652851],[-117.83259,33.652645],[-117.832896,33.652165],[-117.833381,33.651884],[-117.833435,33.651755],[-117.833363,33.651536],[-117.833075,33.651424],[-117.832462,33.651516],[-117.831767,33.651756],[-117.831653,33.652014]]}},{"type":"Feature","properties":{"kind":"footway","name":""},"geometry":{"type":"LineString","coordinates":[[-117.836218,33.652884],[-117.836863,33.652146]]}},{"type":"Feature","properties":{"kind":"footway","name":""},"geometry":{"type":"LineString","coordinates":[[-117.836685,33.65202],[-117.83612,33.652797]]}},{"type":"Feature","properties":{"kind":"service","name":"Auburn Aisle"},"geometry":{"type":"LineString","coordinates":[[-117.835616,33.653573],[-117.835524,33.653779]]}},{"type":"Feature","properties":{"kind":"service","name":""},"geometry":{"type":"LineString","coordinates":[[-117.834181,33.652641],[-117.833977,33.652695],[-117.8339,33.652584]]}},{"type":"Feature","properties":{"kind":"footway","name":""},"geometry":{"type":"LineString","coordinates":[[-117.831666,33.645828],[-117.831554,33.646488],[-117.831455,33.646546],[-117.831525,33.647112]]}},{"type":"Feature","properties":{"kind":"footway","name":""},"geometry":{"type":"LineString","coordinates":[[-117.83126,33.646422],[-117.831345,33.646471],[-117.83147,33.646787]]}},{"type":"Feature","properties":{"kind":"footway","name":""},"geometry":{"type":"LineString","coordinates":[[-117.849651,33.650027],[-117.849835,33.649778]]}},{"type":"Feature","properties":{"kind":"footway","name":""},"geometry":{"type":"LineString","coordinates":[[-117.847825,33.650692],[-117.848389,33.650997]]}},{"type":"Feature","properties":{"kind":"footway","name":""},"geometry":{"type":"LineString","coordinates":[[-117.835026,33.645085],[-117.835511,33.645084]]}},{"type":"Feature","properties":{"kind":"footway","name":""},"geometry":{"type":"LineString","coordinates":[[-117.835559,33.64347],[-117.835317,33.644359],[-117.835052,33.645905]]}},{"type":"Feature","properties":{"kind":"footway","name":""},"geometry":{"type":"LineString","coordinates":[[-117.835063,33.646139],[-117.835026,33.646181],[-117.834572,33.646185],[-117.834598,33.646139]]}},{"type":"Feature","properties":{"kind":"footway","name":""},"geometry":{"type":"LineString","coordinates":[[-117.835511,33.645084],[-117.835507,33.645175],[-117.835566,33.645173],[-117.835563,33.64497]]}},{"type":"Feature","properties":{"kind":"footway","name":""},"geometry":{"type":"LineString","coordinates":[[-117.835515,33.645025],[-117.835563,33.64497],[-117.835595,33.645015],[-117.836439,33.644994]]}},{"type":"Feature","properties":{"kind":"footway","name":""},"geometry":{"type":"LineString","coordinates":[[-117.836137,33.644995],[-117.836145,33.644953],[-117.836462,33.644966],[-117.836711,33.64528]]}},{"type":"Feature","properties":{"kind":"footway","name":""},"geometry":{"type":"LineString","coordinates":[[-117.840312,33.646366],[-117.839903,33.646414],[-117.839786,33.645763],[-117.840206,33.645713],[-117.840312,33.646366]]}},{"type":"Feature","properties":{"kind":"footway","name":""},"geometry":{"type":"LineString","coordinates":[[-117.839778,33.646272],[-117.839657,33.646288]]}},{"type":"Feature","properties":{"kind":"pedestrian","name":""},"geometry":{"type":"LineString","coordinates":[[-117.839657,33.646288],[-117.839431,33.646316]]}},{"type":"Feature","properties":{"kind":"footway","name":""},"geometry":{"type":"LineString","coordinates":[[-117.840952,33.64817],[-117.841029,33.648212],[-117.841163,33.648118]]}},{"type":"Feature","properties":{"kind":"footway","name":""},"geometry":{"type":"LineString","coordinates":[[-117.84297,33.649324],[-117.842462,33.648985]]}},{"type":"Feature","properties":{"kind":"footway","name":""},"geometry":{"type":"LineString","coordinates":[[-117.844062,33.648075],[-117.844183,33.648292]]}},{"type":"Feature","properties":{"kind":"footway","name":""},"geometry":{"type":"LineString","coordinates":[[-117.844538,33.649105],[-117.844575,33.649183]]}},{"type":"Feature","properties":{"kind":"footway","name":""},"geometry":{"type":"LineString","coordinates":[[-117.844247,33.651243],[-117.843348,33.651252],[-117.843146,33.651366],[-117.843011,33.651608]]}},{"type":"Feature","properties":{"kind":"footway","name":""},"geometry":{"type":"LineString","coordinates":[[-117.843738,33.644401],[-117.844275,33.643593]]}},{"type":"Feature","properties":{"kind":"service","name":""},"geometry":{"type":"LineString","coordinates":[[-117.841901,33.642835],[-117.841925,33.642393]]}},{"type":"Feature","properties":{"kind":"footway","name":""},"geometry":{"type":"LineString","coordinates":[[-117.84198,33.642665],[-117.841966,33.642784]]}},{"type":"Feature","properties":{"kind":"footway","name":""},"geometry":{"type":"LineString","coordinates":[[-117.839034,33.643811],[-117.839125,33.643781]]}},{"type":"Feature","properties":{"kind":"unclassified","name":"Stanford Court"},"geometry":{"type":"LineString","coordinates":[[-117.840048,33.652049],[-117.839568,33.651811],[-117.838482,33.651856],[-117.837752,33.651743],[-117.837343,33.651515],[-117.837103,33.651233],[-117.836996,33.650949],[-117.836987,33.649771],[-117.837223,33.649206],[-117.837972,33.648157]]}},{"type":"Feature","properties":{"kind":"footway","name":""},"geometry":{"type":"LineString","coordinates":[[-117.846328,33.644302],[-117.846631,33.644945]]}},{"type":"Feature","properties":{"kind":"footway","name":""},"geometry":{"type":"LineString","coordinates":[[-117.846158,33.643668],[-117.846542,33.643434],[-117.846934,33.64332],[-117.848473,33.64329],[-117.849066,33.643185]]}},{"type":"Feature","properties":{"kind":"footway","name":""},"geometry":{"type":"LineString","coordinates":[[-117.826489,33.653655],[-117.826962,33.654434]]}},{"type":"Feature","properties":{"kind":"residential","name":"Bridge Road"},"geometry":{"type":"LineString","coordinates":[[-117.838203,33.653744],[-117.838252,33.653723]]}},{"type":"Feature","properties":{"kind":"residential","name":"Bridge Road"},"geometry":{"type":"LineString","coordinates":[[-117.838187,33.653643],[-117.838145,33.653693]]}},{"type":"Feature","properties":{"kind":"footway","name":""},"geometry":{"type":"LineString","coordinates":[[-117.845277,33.647934],[-117.84528,33.647979]]}},{"type":"Feature","properties":{"kind":"footway","name":""},"geometry":{"type":"LineString","coordinates":[[-117.846247,33.651498],[-117.845976,33.650786],[-117.845994,33.650595]]}},{"type":"Feature","properties":{"kind":"cycleway","name":""},"geometry":{"type":"LineString","coordinates":[[-117.829441,33.647126],[-117.829938,33.648778]]}},{"type":"Feature","properties":{"kind":"footway","name":""},"geometry":{"type":"LineString","coordinates":[[-117.848741,33.64624],[-117.848787,33.646424],[-117.848297,33.646588],[-117.847886,33.646899],[-117.846807,33.648284]]}},{"type":"Feature","properties":{"kind":"footway","name":""},"geometry":{"type":"LineString","coordinates":[[-117.84489,33.649524],[-117.845027,33.649589]]}},{"type":"Feature","properties":{"kind":"footway","name":""},"geometry":{"type":"LineString","coordinates":[[-117.844117,33.649899],[-117.844143,33.649931]]}},{"type":"Feature","properties":{"kind":"footway","name":""},"geometry":{"type":"LineString","coordinates":[[-117.844173,33.650065],[-117.844174,33.650037]]}},{"type":"Feature","properties":{"kind":"footway","name":""},"geometry":{"type":"LineString","coordinates":[[-117.844179,33.649992],[-117.844158,33.649944]]}},{"type":"Feature","properties":{"kind":"footway","name":""},"geometry":{"type":"LineString","coordinates":[[-117.843827,33.650009],[-117.844098,33.650213],[-117.844589,33.651024]]}},{"type":"Feature","properties":{"kind":"footway","name":""},"geometry":{"type":"LineString","coordinates":[[-117.846587,33.651141],[-117.846549,33.651393],[-117.846247,33.651498]]}},{"type":"Feature","properties":{"kind":"footway","name":""},"geometry":{"type":"LineString","coordinates":[[-117.825481,33.646721],[-117.825441,33.646685]]}},{"type":"Feature","properties":{"kind":"footway","name":""},"geometry":{"type":"LineString","coordinates":[[-117.826654,33.644663],[-117.82572,33.645552],[-117.825707,33.645683]]}},{"type":"Feature","properties":{"kind":"footway","name":""},"geometry":{"type":"LineString","coordinates":[[-117.846237,33.645871],[-117.846395,33.645869]]}},{"type":"Feature","properties":{"kind":"footway","name":""},"geometry":{"type":"LineString","coordinates":[[-117.847581,33.644462],[-117.847421,33.644605]]}},{"type":"Feature","properties":{"kind":"footway","name":""},"geometry":{"type":"LineString","coordinates":[[-117.847343,33.645088],[-117.847352,33.64496]]}},{"type":"Feature","properties":{"kind":"footway","name":""},"geometry":{"type":"LineString","coordinates":[[-117.847505,33.645083],[-117.847501,33.644981]]}},{"type":"Feature","properties":{"kind":"footway","name":""},"geometry":{"type":"LineString","coordinates":[[-117.847505,33.645083],[-117.847647,33.645239]]}},{"type":"Feature","properties":{"kind":"footway","name":""},"geometry":{"type":"LineString","coordinates":[[-117.846024,33.645876],[-117.846237,33.645871]]}},{"type":"Feature","properties":{"kind":"footway","name":""},"geometry":{"type":"LineString","coordinates":[[-117.845928,33.645879],[-117.846037,33.646228]]}},{"type":"Feature","properties":{"kind":"footway","name":""},"geometry":{"type":"LineString","coordinates":[[-117.849144,33.643863],[-117.849015,33.644561],[-117.848934,33.644671],[-117.84889,33.64463]]}},{"type":"Feature","properties":{"kind":"footway","name":""},"geometry":{"type":"LineString","coordinates":[[-117.849066,33.643185],[-117.849143,33.643394],[-117.849144,33.643863]]}},{"type":"Feature","properties":{"kind":"footway","name":""},"geometry":{"type":"LineString","coordinates":[[-117.849144,33.643863],[-117.84902,33.643833]]}},{"type":"Feature","properties":{"kind":"footway","name":""},"geometry":{"type":"LineString","coordinates":[[-117.848696,33.643963],[-117.848858,33.643932],[-117.849044,33.643796],[-117.848931,33.643559]]}},{"type":"Feature","properties":{"kind":"footway","name":""},"geometry":{"type":"LineString","coordinates":[[-117.848895,33.643348],[-117.848931,33.643559],[-117.848612,33.64378]]}},{"type":"Feature","properties":{"kind":"footway","name":""},"geometry":{"type":"LineString","coordinates":[[-117.848003,33.643317],[-117.848017,33.643515]]}},{"type":"Feature","properties":{"kind":"footway","name":""},"geometry":{"type":"LineString","coordinates":[[-117.847125,33.64344],[-117.847102,33.643292]]}},{"type":"Feature","properties":{"kind":"footway","name":""},"geometry":{"type":"LineString","coordinates":[[-117.846428,33.644097],[-117.846323,33.64404]]}},{"type":"Feature","properties":{"kind":"footway","name":""},"geometry":{"type":"LineString","coordinates":[[-117.847142,33.645276],[-117.847147,33.645592]]}},{"type":"Feature","properties":{"kind":"footway","name":""},"geometry":{"type":"LineString","coordinates":[[-117.842082,33.64717],[-117.842087,33.64722]]}},{"type":"Feature","properties":{"kind":"footway","name":""},"geometry":{"type":"LineString","coordinates":[[-117.843312,33.645805],[-117.843223,33.64606]]}},{"type":"Feature","properties":{"kind":"cycleway","name":""},"geometry":{"type":"LineString","coordinates":[[-117.842865,33.647591],[-117.842836,33.647402]]}},{"type":"Feature","properties":{"kind":"footway","name":""},"geometry":{"type":"LineString","coordinates":[[-117.841864,33.650866],[-117.841521,33.650347],[-117.841135,33.649924]]}},{"type":"Feature","properties":{"kind":"footway","name":""},"geometry":{"type":"LineString","coordinates":[[-117.841135,33.649924],[-117.841027,33.649848]]}},{"type":"Feature","properties":{"kind":"service","name":""},"geometry":{"type":"LineString","coordinates":[[-117.841061,33.64989],[-117.84087,33.64985]]}},{"type":"Feature","properties":{"kind":"footway","name":""},"geometry":{"type":"LineString","coordinates":[[-117.840322,33.649304],[-117.8404,33.649218]]}},{"type":"Feature","properties":{"kind":"footway","name":""},"geometry":{"type":"LineString","coordinates":[[-117.840416,33.649202],[-117.840359,33.648851]]}},{"type":"Feature","properties":{"kind":"footway","name":""},"geometry":{"type":"LineString","coordinates":[[-117.839557,33.649442],[-117.839517,33.649512]]}},{"type":"Feature","properties":{"kind":"footway","name":""},"geometry":{"type":"LineString","coordinates":[[-117.839517,33.649512],[-117.839335,33.649812],[-117.839078,33.65003],[-117.838959,33.650585],[-117.838829,33.650594],[-117.838627,33.650826],[-117.838603,33.651036]]}},{"type":"Feature","properties":{"kind":"footway","name":""},"geometry":{"type":"LineString","coordinates":[[-117.838829,33.650594],[-117.838709,33.65051],[-117.838215,33.650459],[-117.838044,33.650504],[-117.837905,33.650786],[-117.83793,33.650849]]}},{"type":"Feature","properties":{"kind":"footway","name":""},"geometry":{"type":"LineString","coordinates":[[-117.838959,33.650585],[-117.839335,33.650835]]}},{"type":"Feature","properties":{"kind":"footway","name":""},"geometry":{"type":"LineString","coordinates":[[-117.837327,33.650681],[-117.837349,33.650252],[-117.837923,33.650287],[-117.838188,33.65018],[-117.838418,33.649689],[-117.839,33.648989],[-117.839095,33.648972]]}},{"type":"Feature","properties":{"kind":"service","name":""},"geometry":{"type":"LineString","coordinates":[[-117.837218,33.650199],[-117.838038,33.650199],[-117.838309,33.649736],[-117.838862,33.64906]]}},{"type":"Feature","properties":{"kind":"footway","name":""},"geometry":{"type":"LineString","coordinates":[[-117.837947,33.650369],[-117.838044,33.650504]]}},{"type":"Feature","properties":{"kind":"footway","name":""},"geometry":{"type":"LineString","coordinates":[[-117.838188,33.65018],[-117.838249,33.650196]]}},{"type":"Feature","properties":{"kind":"footway","name":""},"geometry":{"type":"LineString","coordinates":[[-117.838483,33.649611],[-117.839049,33.649909],[-117.839247,33.649889]]}},{"type":"Feature","properties":{"kind":"footway","name":""},"geometry":{"type":"LineString","coordinates":[[-117.838306,33.649644],[-117.838418,33.649689]]}},{"type":"Feature","properties":{"kind":"service","name":""},"geometry":{"type":"LineString","coordinates":[[-117.838798,33.649156],[-117.838853,33.64922]]}},{"type":"Feature","properties":{"kind":"footway","name":""},"geometry":{"type":"LineString","coordinates":[[-117.83895,33.648883],[-117.838894,33.648848]]}},{"type":"Feature","properties":{"kind":"footway","name":""},"geometry":{"type":"LineString","coordinates":[[-117.839056,33.648947],[-117.839011,33.64892]]}},{"type":"Feature","properties":{"kind":"footway","name":""},"geometry":{"type":"LineString","coordinates":[[-117.838855,33.64882],[-117.838726,33.648919]]}},{"type":"Feature","properties":{"kind":"footway","name":""},"geometry":{"type":"LineString","coordinates":[[-117.840982,33.650246],[-117.840874,33.650323]]}},{"type":"Feature","properties":{"kind":"footway","name":""},"geometry":{"type":"LineString","coordinates":[[-117.840872,33.65015],[-117.840929,33.650286]]}},{"type":"Feature","properties":{"kind":"footway","name":""},"geometry":{"type":"LineString","coordinates":[[-117.841197,33.651064],[-117.841185,33.651046]]}},{"type":"Feature","properties":{"kind":"footway","name":""},"geometry":{"type":"LineString","coordinates":[[-117.840257,33.652053],[-117.840832,33.6516],[-117.841698,33.651245]]}},{"type":"Feature","properties":{"kind":"footway","name":""},"geometry":{"type":"LineString","coordinates":[[-117.839148,33.651381],[-117.839149,33.651699],[-117.839244,33.651693]]}},{"type":"Feature","properties":{"kind":"footway","name":""},"geometry":{"type":"LineString","coordinates":[[-117.837905,33.650786],[-117.838068,33.650806],[-117.838134,33.650945],[-117.838071,33.651]]}},{"type":"Feature","properties":{"kind":"footway","name":""},"geometry":{"type":"LineString","coordinates":[[-117.837506,33.651485],[-117.837922,33.65104]]}},{"type":"Feature","properties":{"kind":"footway","name":""},"geometry":{"type":"LineString","coordinates":[[-117.82996,33.643814],[-117.829683,33.643868],[-117.82964,33.644136],[-117.829512,33.64413],[-117.829334,33.644294]]}},{"type":"Feature","properties":{"kind":"footway","name":""},"geometry":{"type":"LineString","coordinates":[[-117.83045,33.644743],[-117.829611,33.644361],[-117.829334,33.644294]]}},{"type":"Feature","properties":{"kind":"path","name":""},"geometry":{"type":"LineString","coordinates":[[-117.830183,33.63916],[-117.8301,33.639199],[-117.829873,33.639795],[-117.829562,33.641944],[-117.829537,33.64254],[-117.829275,33.643086],[-117.829109,33.643223]]}},{"type":"Feature","properties":{"kind":"footway","name":""},"geometry":{"type":"LineString","coordinates":[[-117.824019,33.645689],[-117.824895,33.647178],[-117.825051,33.647366],[-117.825654,33.647785]]}},{"type":"Feature","properties":{"kind":"footway","name":""},"geometry":{"type":"LineString","coordinates":[[-117.825654,33.647785],[-117.82582,33.647866]]}},{"type":"Feature","properties":{"kind":"footway","name":""},"geometry":{"type":"LineString","coordinates":[[-117.823962,33.645526],[-117.824009,33.645665]]}},{"type":"Feature","properties":{"kind":"footway","name":""},"geometry":{"type":"LineString","coordinates":[[-117.82413,33.645498],[-117.823959,33.644867],[-117.823848,33.643943]]}},{"type":"Feature","properties":{"kind":"footway","name":""},"geometry":{"type":"LineString","coordinates":[[-117.824167,33.645588],[-117.82413,33.645498]]}},{"type":"Feature","properties":{"kind":"footway","name":""},"geometry":{"type":"LineString","coordinates":[[-117.823734,33.64312],[-117.823678,33.643835]]}},{"type":"Feature","properties":{"kind":"footway","name":""},"geometry":{"type":"LineString","coordinates":[[-117.825562,33.648183],[-117.825402,33.648191]]}},{"type":"Feature","properties":{"kind":"footway","name":""},"geometry":{"type":"LineString","coordinates":[[-117.824797,33.648183],[-117.825024,33.648251]]}},{"type":"Feature","properties":{"kind":"footway","name":""},"geometry":{"type":"LineString","coordinates":[[-117.824915,33.648859],[-117.824886,33.648964],[-117.8248,33.648907]]}},{"type":"Feature","properties":{"kind":"footway","name":""},"geometry":{"type":"LineString","coordinates":[[-117.824886,33.648964],[-117.824995,33.649232],[-117.824931,33.649365]]}},{"type":"Feature","properties":{"kind":"footway","name":""},"geometry":{"type":"LineString","coordinates":[[-117.824227,33.646754],[-117.823424,33.647059]]}},{"type":"Feature","properties":{"kind":"cycleway","name":""},"geometry":{"type":"LineString","coordinates":[[-117.851654,33.643205],[-117.851662,33.643358]]}},{"type":"Feature","properties":{"kind":"footway","name":""},"geometry":{"type":"LineString","coordinates":[[-117.851626,33.642884],[-117.851654,33.643205]]}},{"type":"Feature","properties":{"kind":"footway","name":""},"geometry":{"type":"LineString","coordinates":[[-117.852191,33.641187],[-117.852913,33.640456],[-117.853014,33.64044],[-117.853715,33.641086],[-117.854036,33.64159]]}},{"type":"Feature","properties":{"kind":"pedestrian","name":"Ring Mall"},"geometry":{"type":"LineString","coordinates":[[-117.844274,33.64392],[-117.843943,33.643775]]}},{"type":"Feature","properties":{"kind":"footway","name":""},"geometry":{"type":"LineString","coordinates":[[-117.845769,33.649462],[-117.845845,33.649431]]}},{"type":"Feature","properties":{"kind":"footway","name":""},"geometry":{"type":"LineString","coordinates":[[-117.83787,33.648055],[-117.836622,33.647759],[-117.835462,33.64769]]}},{"type":"Feature","properties":{"kind":"footway","name":""},"geometry":{"type":"LineString","coordinates":[[-117.836361,33.647518],[-117.836158,33.64746]]}},{"type":"Feature","properties":{"kind":"footway","name":""},"geometry":{"type":"LineString","coordinates":[[-117.835534,33.647707],[-117.836361,33.647518]]}},{"type":"Feature","properties":{"kind":"footway","name":""},"geometry":{"type":"LineString","coordinates":[[-117.836223,33.645922],[-117.836215,33.645558]]}},{"type":"Feature","properties":{"kind":"cycleway","name":""},"geometry":{"type":"LineString","coordinates":[[-117.836688,33.643359],[-117.836693,33.643447]]}},{"type":"Feature","properties":{"kind":"footway","name":""},"geometry":{"type":"LineString","coordinates":[[-117.841233,33.640546],[-117.841359,33.640603]]}},{"type":"Feature","properties":{"kind":"footway","name":""},"geometry":{"type":"LineString","coordinates":[[-117.841698,33.651245],[-117.84188,33.651673],[-117.842098,33.652547],[-117.842579,33.653376],[-117.843079,33.653887],[-117.844461,33.654968]]}},{"type":"Feature","properties":{"kind":"footway","name":""},"geometry":{"type":"LineString","coordinates":[[-117.844461,33.654968],[-117.84275,33.656566],[-117.842315,33.656833],[-117.84156,33.657152],[-117.840882,33.657336],[-117.840156,33.65744],[-117.83896,33.657441]]}},{"type":"Feature","properties":{"kind":"footway","name":""},"geometry":{"type":"LineString","coordinates":[[-117.83896,33.657441],[-117.83907,33.656291],[-117.839276,33.655306]]}},{"type":"Feature","properties":{"kind":"footway","name":""},"geometry":{"type":"LineString","coordinates":[[-117.840115,33.652198],[-117.840257,33.652053],[-117.840015,33.65189],[-117.839855,33.652054]]}},{"type":"Feature","properties":{"kind":"footway","name":""},"geometry":{"type":"LineString","coordinates":[[-117.840006,33.651868],[-117.839613,33.651717],[-117.839244,33.651693]]}},{"type":"Feature","properties":{"kind":"footway","name":""},"geometry":{"type":"LineString","coordinates":[[-117.844239,33.653103],[-117.844178,33.653262]]}},{"type":"Feature","properties":{"kind":"footway","name":""},"geometry":{"type":"LineString","coordinates":[[-117.843637,33.653209],[-117.843445,33.653352]]}},{"type":"Feature","properties":{"kind":"footway","name":""},"geometry":{"type":"LineString","coordinates":[[-117.845277,33.647934],[-117.845236,33.647967]]}},{"type":"Feature","properties":{"kind":"footway","name":""},"geometry":{"type":"LineString","coordinates":[[-117.845277,33.647934],[-117.845224,33.64824]]}},{"type":"Feature","properties":{"kind":"footway","name":""},"geometry":{"type":"LineString","coordinates":[[-117.845275,33.648009],[-117.845264,33.648099]]}},{"type":"Feature","properties":{"kind":"footway","name":""},"geometry":{"type":"LineString","coordinates":[[-117.845277,33.647934],[-117.845105,33.647892],[-117.844989,33.647951]]}},{"type":"Feature","properties":{"kind":"footway","name":""},"geometry":{"type":"LineString","coordinates":[[-117.844989,33.647951],[-117.844855,33.647934]]}},{"type":"Feature","properties":{"kind":"footway","name":""},"geometry":{"type":"LineString","coordinates":[[-117.845277,33.647934],[-117.84525,33.647917]]}},{"type":"Feature","properties":{"kind":"footway","name":""},"geometry":{"type":"LineString","coordinates":[[-117.844888,33.64859],[-117.844843,33.648282],[-117.844585,33.648134]]}},{"type":"Feature","properties":{"kind":"footway","name":""},"geometry":{"type":"LineString","coordinates":[[-117.845257,33.648137],[-117.845224,33.64824]]}},{"type":"Feature","properties":{"kind":"footway","name":""},"geometry":{"type":"LineString","coordinates":[[-117.841553,33.640249],[-117.841447,33.640316]]}},{"type":"Feature","properties":{"kind":"footway","name":""},"geometry":{"type":"LineString","coordinates":[[-117.841553,33.640249],[-117.841471,33.640178],[-117.841507,33.640009],[-117.841456,33.639986],[-117.841537,33.6398],[-117.841429,33.63971],[-117.84131,33.639756],[-117.841224,33.639924],[-117.841447,33.640316]]}},{"type":"Feature","properties":{"kind":"footway","name":""},"geometry":{"type":"LineString","coordinates":[[-117.842852,33.639081],[-117.842661,33.639392]]}},{"type":"Feature","properties":{"kind":"footway","name":""},"geometry":{"type":"LineString","coordinates":[[-117.843178,33.638526],[-117.843092,33.63866]]}},{"type":"Feature","properties":{"kind":"footway","name":""},"geometry":{"type":"LineString","coordinates":[[-117.838671,33.643762],[-117.838678,33.643683]]}},{"type":"Feature","properties":{"kind":"footway","name":""},"geometry":{"type":"LineString","coordinates":[[-117.851751,33.644243],[-117.851608,33.644244]]}},{"type":"Feature","properties":{"kind":"footway","name":""},"geometry":{"type":"LineString","coordinates":[[-117.851676,33.644297],[-117.851676,33.64425]]}},{"type":"Feature","properties":{"kind":"footway","name":""},"geometry":{"type":"LineString","coordinates":[[-117.851608,33.645229],[-117.851936,33.64524]]}},{"type":"Feature","properties":{"kind":"footway","name":""},"geometry":{"type":"LineString","coordinates":[[-117.849299,33.643204],[-117.849632,33.643371],[-117.849749,33.643371]]}},{"type":"Feature","properties":{"kind":"service","name":""},"geometry":{"type":"LineString","coordinates":[[-117.849905,33.643603],[-117.85028,33.643598],[-117.850283,33.643759],[-117.849902,33.643765]]}},{"type":"Feature","properties":{"kind":"footway","name":""},"geometry":{"type":"LineString","coordinates":[[-117.850019,33.643856],[-117.850037,33.643763]]}},{"type":"Feature","properties":{"kind":"footway","name":""},"geometry":{"type":"LineString","coordinates":[[-117.850119,33.643887],[-117.850202,33.643927]]}},{"type":"Feature","properties":{"kind":"footway","name":""},"geometry":{"type":"LineString","coordinates":[[-117.850243,33.643929],[-117.850469,33.643932]]}},{"type":"Feature","properties":{"kind":"footway","name":""},"geometry":{"type":"LineString","coordinates":[[-117.851603,33.645096],[-117.851401,33.645158],[-117.851439,33.645818]]}},{"type":"Feature","properties":{"kind":"footway","name":""},"geometry":{"type":"LineString","coordinates":[[-117.851662,33.643358],[-117.851758,33.643728]]}},{"type":"Feature","properties":{"kind":"footway","name":""},"geometry":{"type":"LineString","coordinates":[[-117.851662,33.643358],[-117.851602,33.643445],[-117.851594,33.643733]]}},{"type":"Feature","properties":{"kind":"footway","name":""},"geometry":{"type":"LineString","coordinates":[[-117.850852,33.646467],[-117.850853,33.64659]]}},{"type":"Feature","properties":{"kind":"footway","name":""},"geometry":{"type":"LineString","coordinates":[[-117.851202,33.646465],[-117.851203,33.646588]]}},{"type":"Feature","properties":{"kind":"footway","name":""},"geometry":{"type":"LineString","coordinates":[[-117.851566,33.64447],[-117.851555,33.644401]]}},{"type":"Feature","properties":{"kind":"footway","name":""},"geometry":{"type":"LineString","coordinates":[[-117.85155,33.644377],[-117.85157,33.644323]]}},{"type":"Feature","properties":{"kind":"footway","name":""},"geometry":{"type":"LineString","coordinates":[[-117.851622,33.64629],[-117.85162,33.646135]]}},{"type":"Feature","properties":{"kind":"footway","name":""},"geometry":{"type":"LineString","coordinates":[[-117.852263,33.643162],[-117.852041,33.643164],[-117.852043,33.643278]]}},{"type":"Feature","properties":{"kind":"footway","name":""},"geometry":{"type":"LineString","coordinates":[[-117.852332,33.643355],[-117.852332,33.643275],[-117.851654,33.643205]]}},{"type":"Feature","properties":{"kind":"footway","name":""},"geometry":{"type":"LineString","coordinates":[[-117.851617,33.645963],[-117.851616,33.645816]]}},{"type":"Feature","properties":{"kind":"footway","name":""},"geometry":{"type":"LineString","coordinates":[[-117.852369,33.644863],[-117.852327,33.644339]]}},{"type":"Feature","properties":{"kind":"footway","name":""},"geometry":{"type":"LineString","coordinates":[[-117.851879,33.644867],[-117.852369,33.644863]]}},{"type":"Feature","properties":{"kind":"footway","name":""},"geometry":{"type":"LineString","coordinates":[[-117.852354,33.6444],[-117.852572,33.644366]]}},{"type":"Feature","properties":{"kind":"footway","name":""},"geometry":{"type":"LineString","coordinates":[[-117.852529,33.644235],[-117.852298,33.644152]]}},{"type":"Feature","properties":{"kind":"footway","name":""},"geometry":{"type":"LineString","coordinates":[[-117.852734,33.64402],[-117.852347,33.644292],[-117.851803,33.644424]]}},{"type":"Feature","properties":{"kind":"footway","name":""},"geometry":{"type":"LineString","coordinates":[[-117.84555,33.65035],[-117.845383,33.650418],[-117.84512,33.650312]]}},{"type":"Feature","properties":{"kind":"footway","name":""},"geometry":{"type":"LineString","coordinates":[[-117.844707,33.649161],[-117.84489,33.649524]]}},{"type":"Feature","properties":{"kind":"footway","name":""},"geometry":{"type":"LineString","coordinates":[[-117.843746,33.650567],[-117.843374,33.650278]]}},{"type":"Feature","properties":{"kind":"footway","name":""},"geometry":{"type":"LineString","coordinates":[[-117.829334,33.644294],[-117.82902,33.644248]]}},{"type":"Feature","properties":{"kind":"cycleway","name":""},"geometry":{"type":"LineString","coordinates":[[-117.827062,33.644831],[-117.82704,33.644858]]}},{"type":"Feature","properties":{"kind":"cycleway","name":""},"geometry":{"type":"LineString","coordinates":[[-117.826654,33.644663],[-117.827062,33.644831]]}},{"type":"Feature","properties":{"kind":"footway","name":""},"geometry":{"type":"LineString","coordinates":[[-117.828365,33.647451],[-117.828446,33.647534]]}},{"type":"Feature","properties":{"kind":"footway","name":""},"geometry":{"type":"LineString","coordinates":[[-117.828446,33.647534],[-117.828462,33.647551]]}},{"type":"Feature","properties":{"kind":"footway","name":""},"geometry":{"type":"LineString","coordinates":[[-117.828355,33.64744],[-117.828207,33.647541]]}},{"type":"Feature","properties":{"kind":"footway","name":""},"geometry":{"type":"LineString","coordinates":[[-117.827657,33.647953],[-117.827914,33.648333]]}},{"type":"Feature","properties":{"kind":"cycleway","name":""},"geometry":{"type":"LineString","coordinates":[[-117.827702,33.647935],[-117.827838,33.647888]]}},{"type":"Feature","properties":{"kind":"cycleway","name":""},"geometry":{"type":"LineString","coordinates":[[-117.827657,33.647953],[-117.827702,33.647935]]}},{"type":"Feature","properties":{"kind":"footway","name":""},"geometry":{"type":"LineString","coordinates":[[-117.828737,33.647625],[-117.828729,33.647512],[-117.828621,33.647429]]}},{"type":"Feature","properties":{"kind":"footway","name":""},"geometry":{"type":"LineString","coordinates":[[-117.829339,33.648581],[-117.829363,33.648392],[-117.829234,33.647911]]}},{"type":"Feature","properties":{"kind":"footway","name":""},"geometry":{"type":"LineString","coordinates":[[-117.828434,33.648622],[-117.828606,33.648989]]}},{"type":"Feature","properties":{"kind":"footway","name":""},"geometry":{"type":"LineString","coordinates":[[-117.828112,33.647772],[-117.8281,33.647913]]}},{"type":"Feature","properties":{"kind":"footway","name":""},"geometry":{"type":"LineString","coordinates":[[-117.82884,33.647887],[-117.828819,33.647768]]}},{"type":"Feature","properties":{"kind":"footway","name":""},"geometry":{"type":"LineString","coordinates":[[-117.828837,33.647726],[-117.828882,33.647672]]}},{"type":"Feature","properties":{"kind":"footway","name":""},"geometry":{"type":"LineString","coordinates":[[-117.840868,33.638446],[-117.841831,33.63838],[-117.842531,33.638441],[-117.843092,33.63866],[-117.842921,33.638951]]}},{"type":"Feature","properties":{"kind":"footway","name":""},"geometry":{"type":"LineString","coordinates":[[-117.840715,33.638462],[-117.840711,33.638843],[-117.839918,33.638835],[-117.839706,33.638633],[-117.839474,33.638699],[-117.839448,33.63877],[-117.839579,33.638891],[-117.840393,33.638899],[-117.840666,33.63896],[-117.840428,33.639327],[-117.840073,33.639477],[-117.840047,33.639582],[-117.84016,33.639674],[-117.840285,33.639671],[-117.840712,33.639139],[-117.840857,33.638788],[-117.840868,33.638446]]}},{"type":"Feature","properties":{"kind":"footway","name":""},"geometry":{"type":"LineString","coordinates":[[-117.838985,33.638676],[-117.839851,33.638509],[-117.840715,33.638462]]}},{"type":"Feature","properties":{"kind":"footway","name":""},"geometry":{"type":"LineString","coordinates":[[-117.837985,33.641052],[-117.837558,33.641045],[-117.837306,33.640242],[-117.836838,33.639587],[-117.836849,33.639521],[-117.837923,33.638992],[-117.838804,33.638722]]}},{"type":"Feature","properties":{"kind":"footway","name":""},"geometry":{"type":"LineString","coordinates":[[-117.841447,33.640316],[-117.841233,33.640546],[-117.841063,33.640562],[-117.840991,33.640918],[-117.841207,33.64087]]}},{"type":"Feature","properties":{"kind":"footway","name":""},"geometry":{"type":"LineString","coordinates":[[-117.842602,33.639527],[-117.842227,33.639873],[-117.841553,33.640249]]}},{"type":"Feature","properties":{"kind":"footway","name":""},"geometry":{"type":"LineString","coordinates":[[-117.841302,33.64085],[-117.841405,33.640543],[-117.841855,33.640238]]}},{"type":"Feature","properties":{"kind":"footway","name":""},"geometry":{"type":"LineString","coordinates":[[-117.827235,33.645378],[-117.827289,33.645628]]}},{"type":"Feature","properties":{"kind":"footway","name":""},"geometry":{"type":"LineString","coordinates":[[-117.82638,33.645832],[-117.826514,33.645764],[-117.826555,33.645659]]}},{"type":"Feature","properties":{"kind":"footway","name":""},"geometry":{"type":"LineString","coordinates":[[-117.825509,33.644748],[-117.825293,33.644592]]}},{"type":"Feature","properties":{"kind":"footway","name":""},"geometry":{"type":"LineString","coordinates":[[-117.825825,33.644828],[-117.8261,33.644581]]}},{"type":"Feature","properties":{"kind":"footway","name":""},"geometry":{"type":"LineString","coordinates":[[-117.825062,33.645174],[-117.825601,33.645563]]}},{"type":"Feature","properties":{"kind":"footway","name":""},"geometry":{"type":"LineString","coordinates":[[-117.823779,33.648585],[-117.824019,33.648434]]}},{"type":"Feature","properties":{"kind":"footway","name":""},"geometry":{"type":"LineString","coordinates":[[-117.83021,33.64872],[-117.829969,33.647947]]}},{"type":"Feature","properties":{"kind":"footway","name":""},"geometry":{"type":"LineString","coordinates":[[-117.832636,33.649653],[-117.831892,33.650486],[-117.83071,33.650782]]}},{"type":"Feature","properties":{"kind":"footway","name":""},"geometry":{"type":"LineString","coordinates":[[-117.826962,33.654434],[-117.827417,33.655495],[-117.82752,33.656368]]}},{"type":"Feature","properties":{"kind":"footway","name":""},"geometry":{"type":"LineString","coordinates":[[-117.828011,33.657052],[-117.827962,33.656261],[-117.827702,33.655216],[-117.826992,33.653759]]}},{"type":"Feature","properties":{"kind":"footway","name":""},"geometry":{"type":"LineString","coordinates":[[-117.826992,33.653759],[-117.828968,33.653084],[-117.829882,33.652658]]}},{"type":"Feature","properties":{"kind":"service","name":""},"geometry":{"type":"LineString","coordinates":[[-117.83216,33.656322],[-117.832087,33.65648]]}},{"type":"Feature","properties":{"kind":"path","name":""},"geometry":{"type":"LineString","coordinates":[[-117.830817,33.656314],[-117.831017,33.656224]]}},{"type":"Feature","properties":{"kind":"footway","name":""},"geometry":{"type":"LineString","coordinates":[[-117.833415,33.655751],[-117.833371,33.656247],[-117.83358,33.656443],[-117.834083,33.656587],[-117.835009,33.656487],[-117.83524,33.656266],[-117.835352,33.655938],[-117.835612,33.655736]]}},{"type":"Feature","properties":{"kind":"footway","name":""},"geometry":{"type":"LineString","coordinates":[[-117.830108,33.652868],[-117.830039,33.652799],[-117.829655,33.652926],[-117.82963,33.652883],[-117.829882,33.652658]]}},{"type":"Feature","properties":{"kind":"footway","name":""},"geometry":{"type":"LineString","coordinates":[[-117.838866,33.655603],[-117.838625,33.657435]]}},{"type":"Feature","properties":{"kind":"footway","name":""},"geometry":{"type":"LineString","coordinates":[[-117.840832,33.644644],[-117.841298,33.644381]]}},{"type":"Feature","properties":{"kind":"footway","name":""},"geometry":{"type":"LineString","coordinates":[[-117.845499,33.645896],[-117.846024,33.645876]]}},{"type":"Feature","properties":{"kind":"service","name":""},"geometry":{"type":"LineString","coordinates":[[-117.845313,33.646687],[-117.844752,33.646498]]}},{"type":"Feature","properties":{"kind":"footway","name":""},"geometry":{"type":"LineString","coordinates":[[-117.836944,33.646564],[-117.836885,33.64642],[-117.83715,33.646418]]}},{"type":"Feature","properties":{"kind":"footway","name":""},"geometry":{"type":"LineString","coordinates":[[-117.835397,33.645905],[-117.835483,33.644872]]}},{"type":"Feature","properties":{"kind":"footway","name":""},"geometry":{"type":"LineString","coordinates":[[-117.836649,33.645701],[-117.836616,33.645908]]}},{"type":"Feature","properties":{"kind":"footway","name":""},"geometry":{"type":"LineString","coordinates":[[-117.837568,33.647028],[-117.837451,33.647013]]}},{"type":"Feature","properties":{"kind":"footway","name":""},"geometry":{"type":"LineString","coordinates":[[-117.837451,33.647013],[-117.837021,33.646863],[-117.836834,33.646653],[-117.836782,33.646437]]}},{"type":"Feature","properties":{"kind":"footway","name":""},"geometry":{"type":"LineString","coordinates":[[-117.836755,33.645912],[-117.836757,33.646064]]}},{"type":"Feature","properties":{"kind":"path","name":""},"geometry":{"type":"LineString","coordinates":[[-117.841966,33.642784],[-117.842052,33.642945]]}},{"type":"Feature","properties":{"kind":"footway","name":""},"geometry":{"type":"LineString","coordinates":[[-117.841897,33.642925],[-117.841929,33.642969]]}},{"type":"Feature","properties":{"kind":"waterway:stream","name":"Sand Canyon Wash"},"geometry":{"type":"LineString","coordinates":[[-117.820365,33.656744],[-117.820743,33.656633],[-117.822093,33.656679],[-117.823066,33.656577],[-117.824286,33.656756],[-117.825531,33.656392],[-117.827364,33.656995]]}},{"type":"Feature","properties":{"kind":"footway","name":""},"geometry":{"type":"LineString","coordinates":[[-117.851924,33.638663],[-117.851651,33.638486],[-117.851874,33.638255]]}},{"type":"Feature","properties":{"kind":"footway","name":""},"geometry":{"type":"LineString","coordinates":[[-117.852475,33.640544],[-117.852291,33.640507]]}},{"type":"Feature","properties":{"kind":"footway","name":""},"geometry":{"type":"LineString","coordinates":[[-117.850957,33.641683],[-117.851079,33.641605]]}},{"type":"Feature","properties":{"kind":"footway","name":""},"geometry":{"type":"LineString","coordinates":[[-117.85127,33.639169],[-117.851705,33.639559],[-117.852716,33.640246],[-117.851831,33.641192],[-117.851421,33.641535],[-117.851035,33.641764]]}},{"type":"Feature","properties":{"kind":"footway","name":""},"geometry":{"type":"LineString","coordinates":[[-117.851512,33.638983],[-117.851965,33.639381],[-117.852883,33.639986],[-117.852981,33.639979]]}},{"type":"Feature","properties":{"kind":"footway","name":""},"geometry":{"type":"LineString","coordinates":[[-117.85145,33.638927],[-117.85118,33.639102],[-117.85111,33.638947],[-117.851186,33.638872],[-117.851273,33.63882],[-117.85145,33.638927]]}},{"type":"Feature","properties":{"kind":"footway","name":""},"geometry":{"type":"LineString","coordinates":[[-117.850843,33.639934],[-117.850639,33.639865],[-117.850644,33.639774],[-117.850543,33.639739]]}},{"type":"Feature","properties":{"kind":"tertiary","name":"Turtle Rock Drive"},"geometry":{"type":"LineString","coordinates":[[-117.820007,33.646351],[-117.820046,33.646575]]}},{"type":"Feature","properties":{"kind":"footway","name":""},"geometry":{"type":"LineString","coordinates":[[-117.843498,33.651232],[-117.843344,33.650999]]}},{"type":"Feature","properties":{"kind":"footway","name":""},"geometry":{"type":"LineString","coordinates":[[-117.843626,33.651129],[-117.84348,33.651215]]}},{"type":"Feature","properties":{"kind":"footway","name":""},"geometry":{"type":"LineString","coordinates":[[-117.84498,33.651744],[-117.845082,33.651961],[-117.844944,33.652017]]}},{"type":"Feature","properties":{"kind":"footway","name":""},"geometry":{"type":"LineString","coordinates":[[-117.844948,33.652071],[-117.844493,33.652314]]}},{"type":"Feature","properties":{"kind":"footway","name":""},"geometry":{"type":"LineString","coordinates":[[-117.84425,33.652187],[-117.844227,33.652264]]}},{"type":"Feature","properties":{"kind":"footway","name":""},"geometry":{"type":"LineString","coordinates":[[-117.843985,33.65213],[-117.843976,33.652206]]}},{"type":"Feature","properties":{"kind":"footway","name":""},"geometry":{"type":"LineString","coordinates":[[-117.844397,33.65241],[-117.844266,33.65238]]}},{"type":"Feature","properties":{"kind":"footway","name":""},"geometry":{"type":"LineString","coordinates":[[-117.844549,33.65234],[-117.844411,33.652513]]}},{"type":"Feature","properties":{"kind":"footway","name":""},"geometry":{"type":"LineString","coordinates":[[-117.843975,33.651753],[-117.843764,33.651858]]}},{"type":"Feature","properties":{"kind":"footway","name":""},"geometry":{"type":"LineString","coordinates":[[-117.843764,33.651858],[-117.843697,33.651765]]}},{"type":"Feature","properties":{"kind":"footway","name":""},"geometry":{"type":"LineString","coordinates":[[-117.844603,33.652364],[-117.844714,33.652297],[-117.844762,33.652164]]}},{"type":"Feature","properties":{"kind":"footway","name":""},"geometry":{"type":"LineString","coordinates":[[-117.845046,33.652431],[-117.844994,33.652348]]}},{"type":"Feature","properties":{"kind":"footway","name":""},"geometry":{"type":"LineString","coordinates":[[-117.845251,33.652527],[-117.845274,33.652648]]}},{"type":"Feature","properties":{"kind":"footway","name":""},"geometry":{"type":"LineString","coordinates":[[-117.845461,33.652595],[-117.845274,33.652648]]}},{"type":"Feature","properties":{"kind":"footway","name":""},"geometry":{"type":"LineString","coordinates":[[-117.845347,33.651846],[-117.845488,33.652226]]}},{"type":"Feature","properties":{"kind":"footway","name":""},"geometry":{"type":"LineString","coordinates":[[-117.845471,33.651744],[-117.845521,33.65184],[-117.84567,33.651786]]}},{"type":"Feature","properties":{"kind":"footway","name":""},"geometry":{"type":"LineString","coordinates":[[-117.845493,33.651878],[-117.845521,33.65184]]}},{"type":"Feature","properties":{"kind":"footway","name":""},"geometry":{"type":"LineString","coordinates":[[-117.844038,33.651394],[-117.843887,33.651116]]}},{"type":"Feature","properties":{"kind":"footway","name":""},"geometry":{"type":"LineString","coordinates":[[-117.844013,33.650123],[-117.843864,33.650417],[-117.843904,33.650488]]}},{"type":"Feature","properties":{"kind":"footway","name":""},"geometry":{"type":"LineString","coordinates":[[-117.844019,33.650502],[-117.844079,33.650612]]}},{"type":"Feature","properties":{"kind":"footway","name":""},"geometry":{"type":"LineString","coordinates":[[-117.843864,33.650417],[-117.843823,33.650502]]}},{"type":"Feature","properties":{"kind":"footway","name":""},"geometry":{"type":"LineString","coordinates":[[-117.843593,33.650094],[-117.843662,33.650219]]}},{"type":"Feature","properties":{"kind":"footway","name":""},"geometry":{"type":"LineString","coordinates":[[-117.84525,33.652741],[-117.845264,33.65276]]}},{"type":"Feature","properties":{"kind":"footway","name":""},"geometry":{"type":"LineString","coordinates":[[-117.845264,33.65276],[-117.845168,33.652817],[-117.845304,33.652808],[-117.845225,33.652885],[-117.845439,33.652855],[-117.845467,33.652998],[-117.845539,33.653011]]}},{"type":"Feature","properties":{"kind":"footway","name":""},"geometry":{"type":"LineString","coordinates":[[-117.845961,33.652853],[-117.845749,33.65269]]}},{"type":"Feature","properties":{"kind":"footway","name":""},"geometry":{"type":"LineString","coordinates":[[-117.845791,33.652456],[-117.845826,33.652527]]}},{"type":"Feature","properties":{"kind":"footway","name":""},"geometry":{"type":"LineString","coordinates":[[-117.845641,33.652122],[-117.845754,33.652227]]}},{"type":"Feature","properties":{"kind":"footway","name":""},"geometry":{"type":"LineString","coordinates":[[-117.845641,33.652122],[-117.845711,33.652016]]}},{"type":"Feature","properties":{"kind":"footway","name":""},"geometry":{"type":"LineString","coordinates":[[-117.845617,33.652011],[-117.845955,33.652025],[-117.846071,33.651946],[-117.846048,33.651793],[-117.845941,33.651823],[-117.845649,33.651449],[-117.845093,33.651695]]}},{"type":"Feature","properties":{"kind":"footway","name":""},"geometry":{"type":"LineString","coordinates":[[-117.846176,33.651798],[-117.846179,33.651933],[-117.846122,33.651813],[-117.846103,33.651941],[-117.846051,33.651822]]}},{"type":"Feature","properties":{"kind":"footway","name":""},"geometry":{"type":"LineString","coordinates":[[-117.845644,33.652518],[-117.845594,33.652431]]}},{"type":"Feature","properties":{"kind":"footway","name":""},"geometry":{"type":"LineString","coordinates":[[-117.843738,33.652854],[-117.843862,33.652627]]}},{"type":"Feature","properties":{"kind":"footway","name":""},"geometry":{"type":"LineString","coordinates":[[-117.84347,33.652293],[-117.843375,33.652348]]}},{"type":"Feature","properties":{"kind":"footway","name":""},"geometry":{"type":"LineString","coordinates":[[-117.843644,33.652245],[-117.843551,33.652231],[-117.843488,33.652128]]}},{"type":"Feature","properties":{"kind":"footway","name":""},"geometry":{"type":"LineString","coordinates":[[-117.842922,33.652126],[-117.843012,33.652007]]}},{"type":"Feature","properties":{"kind":"footway","name":""},"geometry":{"type":"LineString","coordinates":[[-117.843046,33.651543],[-117.843139,33.651563],[-117.843137,33.651643]]}},{"type":"Feature","properties":{"kind":"footway","name":""},"geometry":{"type":"LineString","coordinates":[[-117.843054,33.651675],[-117.843187,33.651643]]}},{"type":"Feature","properties":{"kind":"footway","name":""},"geometry":{"type":"LineString","coordinates":[[-117.843289,33.651506],[-117.843399,33.651683]]}},{"type":"Feature","properties":{"kind":"footway","name":""},"geometry":{"type":"LineString","coordinates":[[-117.843353,33.651555],[-117.843427,33.651556]]}},{"type":"Feature","properties":{"kind":"service","name":""},"geometry":{"type":"LineString","coordinates":[[-117.844566,33.650915],[-117.844841,33.650797]]}},{"type":"Feature","properties":{"kind":"footway","name":""},"geometry":{"type":"LineString","coordinates":[[-117.83175,33.644334],[-117.831867,33.6443]]}},{"type":"Feature","properties":{"kind":"footway","name":""},"geometry":{"type":"LineString","coordinates":[[-117.843063,33.647177],[-117.842846,33.647322]]}},{"type":"Feature","properties":{"kind":"footway","name":""},"geometry":{"type":"LineString","coordinates":[[-117.842513,33.646252],[-117.842586,33.646169]]}},{"type":"Feature","properties":{"kind":"footway","name":""},"geometry":{"type":"LineString","coordinates":[[-117.839595,33.645609],[-117.839548,33.6456]]}},{"type":"Feature","properties":{"kind":"footway","name":""},"geometry":{"type":"LineString","coordinates":[[-117.839525,33.645596],[-117.839502,33.645592]]}},{"type":"Feature","properties":{"kind":"footway","name":""},"geometry":{"type":"LineString","coordinates":[[-117.839473,33.645587],[-117.839446,33.645582]]}},{"type":"Feature","properties":{"kind":"footway","name":""},"geometry":{"type":"LineString","coordinates":[[-117.839418,33.645577],[-117.839091,33.645492],[-117.838937,33.645508]]}},{"type":"Feature","properties":{"kind":"footway","name":""},"geometry":{"type":"LineString","coordinates":[[-117.838796,33.645485],[-117.8387,33.645468]]}},{"type":"Feature","properties":{"kind":"footway","name":""},"geometry":{"type":"LineString","coordinates":[[-117.838937,33.645508],[-117.838864,33.645498]]}},{"type":"Feature","properties":{"kind":"footway","name":""},"geometry":{"type":"LineString","coordinates":[[-117.839331,33.645561],[-117.839412,33.645542]]}},{"type":"Feature","properties":{"kind":"footway","name":""},"geometry":{"type":"LineString","coordinates":[[-117.839402,33.645578],[-117.839429,33.645476]]}},{"type":"Feature","properties":{"kind":"footway","name":""},"geometry":{"type":"LineString","coordinates":[[-117.838682,33.645194],[-117.838843,33.645227]]}},{"type":"Feature","properties":{"kind":"footway","name":""},"geometry":{"type":"LineString","coordinates":[[-117.838843,33.645227],[-117.838933,33.645262],[-117.838987,33.645211],[-117.839052,33.645289],[-117.839104,33.645227],[-117.83915,33.645302],[-117.839212,33.645248],[-117.839376,33.645306]]}},{"type":"Feature","properties":{"kind":"footway","name":""},"geometry":{"type":"LineString","coordinates":[[-117.83773,33.643889],[-117.837793,33.643885],[-117.837823,33.644016]]}},{"type":"Feature","properties":{"kind":"footway","name":""},"geometry":{"type":"LineString","coordinates":[[-117.838531,33.644027],[-117.838553,33.644004]]}},{"type":"Feature","properties":{"kind":"footway","name":""},"geometry":{"type":"LineString","coordinates":[[-117.83845,33.644112],[-117.838474,33.644087]]}},{"type":"Feature","properties":{"kind":"footway","name":""},"geometry":{"type":"LineString","coordinates":[[-117.838373,33.644192],[-117.838397,33.644166]]}},{"type":"Feature","properties":{"kind":"footway","name":""},"geometry":{"type":"LineString","coordinates":[[-117.837497,33.644784],[-117.837503,33.644934],[-117.837409,33.645061],[-117.837538,33.645231],[-117.837468,33.645436]]}},{"type":"Feature","properties":{"kind":"footway","name":""},"geometry":{"type":"LineString","coordinates":[[-117.837271,33.645113],[-117.837409,33.645061]]}},{"type":"Feature","properties":{"kind":"footway","name":""},"geometry":{"type":"LineString","coordinates":[[-117.844976,33.645897],[-117.844974,33.645769]]}},{"type":"Feature","properties":{"kind":"footway","name":""},"geometry":{"type":"LineString","coordinates":[[-117.84544,33.645709],[-117.845332,33.64571],[-117.845293,33.645641]]}},{"type":"Feature","properties":{"kind":"footway","name":""},"geometry":{"type":"LineString","coordinates":[[-117.845273,33.645729],[-117.844896,33.645714],[-117.845219,33.645666],[-117.84497,33.64563],[-117.844971,33.645576]]}},{"type":"Feature","properties":{"kind":"footway","name":""},"geometry":{"type":"LineString","coordinates":[[-117.845353,33.645896],[-117.845273,33.645729]]}},{"type":"Feature","properties":{"kind":"footway","name":""},"geometry":{"type":"LineString","coordinates":[[-117.844974,33.645769],[-117.845033,33.645743]]}},{"type":"Feature","properties":{"kind":"footway","name":""},"geometry":{"type":"LineString","coordinates":[[-117.842885,33.64402],[-117.842574,33.644057]]}},{"type":"Feature","properties":{"kind":"footway","name":""},"geometry":{"type":"LineString","coordinates":[[-117.842823,33.642099],[-117.842635,33.641986],[-117.842436,33.641753]]}},{"type":"Feature","properties":{"kind":"service","name":""},"geometry":{"type":"LineString","coordinates":[[-117.837466,33.646819],[-117.837651,33.646767]]}},{"type":"Feature","properties":{"kind":"footway","name":""},"geometry":{"type":"LineString","coordinates":[[-117.837123,33.646477],[-117.837218,33.646589]]}},{"type":"Feature","properties":{"kind":"footway","name":""},"geometry":{"type":"LineString","coordinates":[[-117.850533,33.646032],[-117.850535,33.645831]]}},{"type":"Feature","properties":{"kind":"footway","name":""},"geometry":{"type":"LineString","coordinates":[[-117.850599,33.646305],[-117.850533,33.646174]]}},{"type":"Feature","properties":{"kind":"footway","name":""},"geometry":{"type":"LineString","coordinates":[[-117.849777,33.645841],[-117.84979,33.646289],[-117.849889,33.646374],[-117.849913,33.646742],[-117.85038,33.646735],[-117.850626,33.646586]]}},{"type":"Feature","properties":{"kind":"footway","name":""},"geometry":{"type":"LineString","coordinates":[[-117.849781,33.645955],[-117.850238,33.646084],[-117.850429,33.646007],[-117.850432,33.645833]]}},{"type":"Feature","properties":{"kind":"footway","name":""},"geometry":{"type":"LineString","coordinates":[[-117.851482,33.646589],[-117.85152,33.646892],[-117.851352,33.64708]]}},{"type":"Feature","properties":{"kind":"footway","name":""},"geometry":{"type":"LineString","coordinates":[[-117.849777,33.645841],[-117.849509,33.645955]]}},{"type":"Feature","properties":{"kind":"footway","name":""},"geometry":{"type":"LineString","coordinates":[[-117.849783,33.646037],[-117.849659,33.646042]]}},{"type":"Feature","properties":{"kind":"footway","name":""},"geometry":{"type":"LineString","coordinates":[[-117.850198,33.645497],[-117.850093,33.645304],[-117.849878,33.645258]]}},{"type":"Feature","properties":{"kind":"footway","name":""},"geometry":{"type":"LineString","coordinates":[[-117.850145,33.645104],[-117.850123,33.645333]]}},{"type":"Feature","properties":{"kind":"footway","name":""},"geometry":{"type":"LineString","coordinates":[[-117.849872,33.644628],[-117.849873,33.644869]]}},{"type":"Feature","properties":{"kind":"footway","name":""},"geometry":{"type":"LineString","coordinates":[[-117.851177,33.645178],[-117.851129,33.645235]]}},{"type":"Feature","properties":{"kind":"footway","name":""},"geometry":{"type":"LineString","coordinates":[[-117.851019,33.645138],[-117.851157,33.64513]]}},{"type":"Feature","properties":{"kind":"footway","name":""},"geometry":{"type":"LineString","coordinates":[[-117.850963,33.645191],[-117.85096,33.645079]]}},{"type":"Feature","properties":{"kind":"footway","name":""},"geometry":{"type":"LineString","coordinates":[[-117.851183,33.643257],[-117.850856,33.643322],[-117.850823,33.643601]]}},{"type":"Feature","properties":{"kind":"footway","name":""},"geometry":{"type":"LineString","coordinates":[[-117.851298,33.643254],[-117.851478,33.643253],[-117.851662,33.643358]]}},{"type":"Feature","properties":{"kind":"waterway:stream","name":""},"geometry":{"type":"LineString","coordinates":[[-117.853524,33.644197],[-117.853532,33.644781],[-117.853359,33.6452],[-117.852321,33.646136],[-117.851833,33.647006],[-117.851744,33.647385],[-117.851787,33.647807],[-117.852176,33.648462]]}},{"type":"Feature","properties":{"kind":"footway","name":""},"geometry":{"type":"LineString","coordinates":[[-117.835417,33.642874],[-117.835043,33.642939]]}},{"type":"Feature","properties":{"kind":"footway","name":""},"geometry":{"type":"LineString","coordinates":[[-117.836415,33.641809],[-117.836282,33.641829],[-117.83628,33.641708]]}},{"type":"Feature","properties":{"kind":"cycleway","name":""},"geometry":{"type":"LineString","coordinates":[[-117.842836,33.647402],[-117.842882,33.647198]]}},{"type":"Feature","properties":{"kind":"cycleway","name":""},"geometry":{"type":"LineString","coordinates":[[-117.842836,33.647402],[-117.842865,33.647591]]}},{"type":"Feature","properties":{"kind":"footway","name":""},"geometry":{"type":"LineString","coordinates":[[-117.842574,33.647194],[-117.842515,33.64712],[-117.842309,33.647073],[-117.842223,33.647126]]}},{"type":"Feature","properties":{"kind":"footway","name":""},"geometry":{"type":"LineString","coordinates":[[-117.842245,33.647256],[-117.842191,33.647443],[-117.842246,33.647534]]}},{"type":"Feature","properties":{"kind":"footway","name":""},"geometry":{"type":"LineString","coordinates":[[-117.844836,33.636709],[-117.844661,33.636693],[-117.844571,33.636331],[-117.84421,33.636128]]}},{"type":"Feature","properties":{"kind":"footway","name":""},"geometry":{"type":"LineString","coordinates":[[-117.840849,33.640276],[-117.840567,33.640386]]}},{"type":"Feature","properties":{"kind":"footway","name":""},"geometry":{"type":"LineString","coordinates":[[-117.838717,33.637972],[-117.838699,33.638121]]}},{"type":"Feature","properties":{"kind":"footway","name":""},"geometry":{"type":"LineString","coordinates":[[-117.838699,33.638121],[-117.838758,33.638599]]}},{"type":"Feature","properties":{"kind":"footway","name":""},"geometry":{"type":"LineString","coordinates":[[-117.839971,33.636825],[-117.839715,33.636823],[-117.839456,33.636723],[-117.839476,33.63632],[-117.839419,33.636098],[-117.839009,33.635495]]}},{"type":"Feature","properties":{"kind":"footway","name":""},"geometry":{"type":"LineString","coordinates":[[-117.839155,33.637332],[-117.839407,33.63688]]}},{"type":"Feature","properties":{"kind":"footway","name":""},"geometry":{"type":"LineString","coordinates":[[-117.847102,33.643292],[-117.847094,33.643211]]}},{"type":"Feature","properties":{"kind":"footway","name":""},"geometry":{"type":"LineString","coordinates":[[-117.847149,33.643544],[-117.847351,33.643566]]}},{"type":"Feature","properties":{"kind":"footway","name":""},"geometry":{"type":"LineString","coordinates":[[-117.840054,33.645623],[-117.840301,33.645535],[-117.840497,33.645302]]}},{"type":"Feature","properties":{"kind":"footway","name":""},"geometry":{"type":"LineString","coordinates":[[-117.840251,33.645763],[-117.840325,33.645708],[-117.840295,33.645639],[-117.840054,33.645623]]}},{"type":"Feature","properties":{"kind":"footway","name":""},"geometry":{"type":"LineString","coordinates":[[-117.840054,33.645623],[-117.839979,33.645407]]}},{"type":"Feature","properties":{"kind":"footway","name":""},"geometry":{"type":"LineString","coordinates":[[-117.837125,33.645581],[-117.83706,33.645581],[-117.836999,33.64593]]}},{"type":"Feature","properties":{"kind":"footway","name":""},"geometry":{"type":"LineString","coordinates":[[-117.836999,33.64593],[-117.836923,33.645913]]}},{"type":"Feature","properties":{"kind":"footway","name":""},"geometry":{"type":"LineString","coordinates":[[-117.837068,33.646565],[-117.837148,33.646508]]}},{"type":"Feature","properties":{"kind":"footway","name":""},"geometry":{"type":"LineString","coordinates":[[-117.836834,33.646653],[-117.836909,33.646595],[-117.837022,33.646704],[-117.836944,33.646564]]}},{"type":"Feature","properties":{"kind":"footway","name":""},"geometry":{"type":"LineString","coordinates":[[-117.837423,33.646419],[-117.837388,33.646487]]}},{"type":"Feature","properties":{"kind":"footway","name":""},"geometry":{"type":"LineString","coordinates":[[-117.837603,33.646399],[-117.837528,33.646491],[-117.837414,33.646497]]}},{"type":"Feature","properties":{"kind":"service","name":"Brandywine Service Road"},"geometry":{"type":"LineString","coordinates":[[-117.83941,33.645904],[-117.839539,33.64592]]}},{"type":"Feature","properties":{"kind":"pedestrian","name":"UCI Student Center"},"geometry":{"type":"LineString","coordinates":[[-117.842379,33.648997],[-117.842395,33.649091],[-117.842589,33.649099],[-117.84283,33.649257],[-117.842853,33.649368],[-117.842978,33.649358],[-117.842729,33.649132],[-117.842708,33.649015],[-117.84286,33.648998],[-117.842848,33.648942],[-117.842379,33.648997]]}},{"type":"Feature","properties":{"kind":"footway","name":""},"geometry":{"type":"LineString","coordinates":[[-117.842719,33.649075],[-117.842622,33.649083]]}},{"type":"Feature","properties":{"kind":"footway","name":""},"geometry":{"type":"LineString","coordinates":[[-117.843604,33.650905],[-117.843436,33.65065]]}},{"type":"Feature","properties":{"kind":"footway","name":""},"geometry":{"type":"LineString","coordinates":[[-117.84367,33.65077],[-117.843542,33.650817]]}},{"type":"Feature","properties":{"kind":"footway","name":""},"geometry":{"type":"LineString","coordinates":[[-117.84308,33.651467],[-117.843155,33.651469]]}},{"type":"Feature","properties":{"kind":"footway","name":""},"geometry":{"type":"LineString","coordinates":[[-117.842167,33.64476],[-117.842207,33.644506],[-117.842379,33.644319]]}},{"type":"Feature","properties":{"kind":"footway","name":""},"geometry":{"type":"LineString","coordinates":[[-117.843084,33.644702],[-117.842929,33.644578],[-117.842815,33.644571],[-117.842786,33.644649]]}},{"type":"Feature","properties":{"kind":"footway","name":""},"geometry":{"type":"LineString","coordinates":[[-117.842786,33.644621],[-117.842618,33.644551]]}},{"type":"Feature","properties":{"kind":"footway","name":""},"geometry":{"type":"LineString","coordinates":[[-117.842595,33.644586],[-117.842587,33.644671]]}},{"type":"Feature","properties":{"kind":"footway","name":""},"geometry":{"type":"LineString","coordinates":[[-117.84291,33.64461],[-117.842918,33.644656]]}},{"type":"Feature","properties":{"kind":"footway","name":""},"geometry":{"type":"LineString","coordinates":[[-117.834212,33.647884],[-117.834205,33.647851]]}},{"type":"Feature","properties":{"kind":"footway","name":""},"geometry":{"type":"LineString","coordinates":[[-117.834193,33.647802],[-117.834101,33.647477],[-117.833636,33.647582]]}},{"type":"Feature","properties":{"kind":"footway","name":""},"geometry":{"type":"LineString","coordinates":[[-117.833861,33.647531],[-117.833888,33.647627],[-117.833664,33.647675],[-117.833589,33.647442]]}},{"type":"Feature","properties":{"kind":"service","name":""},"geometry":{"type":"LineString","coordinates":[[-117.829283,33.645965],[-117.829542,33.64596]]}},{"type":"Feature","properties":{"kind":"cycleway","name":""},"geometry":{"type":"LineString","coordinates":[[-117.830324,33.64752],[-117.830161,33.646747],[-117.83046,33.64648],[-117.8306,33.646477]]}},{"type":"Feature","properties":{"kind":"footway","name":""},"geometry":{"type":"LineString","coordinates":[[-117.830161,33.646747],[-117.83006,33.646606]]}},{"type":"Feature","properties":{"kind":"footway","name":""},"geometry":{"type":"LineString","coordinates":[[-117.830029,33.646508],[-117.83006,33.646606],[-117.829902,33.646736]]}},{"type":"Feature","properties":{"kind":"footway","name":""},"geometry":{"type":"LineString","coordinates":[[-117.830001,33.646904],[-117.830104,33.646924]]}},{"type":"Feature","properties":{"kind":"footway","name":""},"geometry":{"type":"LineString","coordinates":[[-117.83015,33.646917],[-117.830185,33.646912]]}},{"type":"Feature","properties":{"kind":"service","name":""},"geometry":{"type":"LineString","coordinates":[[-117.830564,33.644812],[-117.830402,33.645432]]}},{"type":"Feature","properties":{"kind":"footway","name":""},"geometry":{"type":"LineString","coordinates":[[-117.830449,33.643831],[-117.830405,33.644151],[-117.830492,33.644236],[-117.830383,33.644407]]}},{"type":"Feature","properties":{"kind":"service","name":"Pereira Drive"},"geometry":{"type":"LineString","coordinates":[[-117.836704,33.646089],[-117.836667,33.645974]]}},{"type":"Feature","properties":{"kind":"footway","name":""},"geometry":{"type":"LineString","coordinates":[[-117.838176,33.644696],[-117.837885,33.644712]]}},{"type":"Feature","properties":{"kind":"footway","name":""},"geometry":{"type":"LineString","coordinates":[[-117.837065,33.645174],[-117.836952,33.645297]]}},{"type":"Feature","properties":{"kind":"footway","name":""},"geometry":{"type":"LineString","coordinates":[[-117.836924,33.645328],[-117.836878,33.645379]]}},{"type":"Feature","properties":{"kind":"footway","name":""},"geometry":{"type":"LineString","coordinates":[[-117.837479,33.645156],[-117.837638,33.645102]]}},{"type":"Feature","properties":{"kind":"footway","name":""},"geometry":{"type":"LineString","coordinates":[[-117.837638,33.645102],[-117.837782,33.645084]]}},{"type":"Feature","properties":{"kind":"footway","name":""},"geometry":{"type":"LineString","coordinates":[[-117.837782,33.645084],[-117.837827,33.645079]]}},{"type":"Feature","properties":{"kind":"footway","name":""},"geometry":{"type":"LineString","coordinates":[[-117.837198,33.645118],[-117.837271,33.645113]]}},{"type":"Feature","properties":{"kind":"footway","name":""},"geometry":{"type":"LineString","coordinates":[[-117.837139,33.645122],[-117.837198,33.645118]]}},{"type":"Feature","properties":{"kind":"footway","name":""},"geometry":{"type":"LineString","coordinates":[[-117.837236,33.644299],[-117.837091,33.644312]]}},{"type":"Feature","properties":{"kind":"footway","name":""},"geometry":{"type":"LineString","coordinates":[[-117.83703,33.64446],[-117.836632,33.644492]]}},{"type":"Feature","properties":{"kind":"footway","name":""},"geometry":{"type":"LineString","coordinates":[[-117.837009,33.64429],[-117.836615,33.644322]]}},{"type":"Feature","properties":{"kind":"footway","name":""},"geometry":{"type":"LineString","coordinates":[[-117.836632,33.644492],[-117.836615,33.644322]]}},{"type":"Feature","properties":{"kind":"footway","name":""},"geometry":{"type":"LineString","coordinates":[[-117.836546,33.644442],[-117.836629,33.64446]]}},{"type":"Feature","properties":{"kind":"footway","name":""},"geometry":{"type":"LineString","coordinates":[[-117.836726,33.643985],[-117.836549,33.643986]]}},{"type":"Feature","properties":{"kind":"footway","name":""},"geometry":{"type":"LineString","coordinates":[[-117.836828,33.644008],[-117.836726,33.643985]]}},{"type":"Feature","properties":{"kind":"footway","name":""},"geometry":{"type":"LineString","coordinates":[[-117.836984,33.644016],[-117.836828,33.644008]]}},{"type":"Feature","properties":{"kind":"footway","name":""},"geometry":{"type":"LineString","coordinates":[[-117.837777,33.644271],[-117.837829,33.644268]]}},{"type":"Feature","properties":{"kind":"footway","name":""},"geometry":{"type":"LineString","coordinates":[[-117.837631,33.644282],[-117.837777,33.644271]]}},{"type":"Feature","properties":{"kind":"footway","name":""},"geometry":{"type":"LineString","coordinates":[[-117.837631,33.644282],[-117.837236,33.644299]]}},{"type":"Feature","properties":{"kind":"footway","name":""},"geometry":{"type":"LineString","coordinates":[[-117.837091,33.644312],[-117.837013,33.644319]]}},{"type":"Feature","properties":{"kind":"footway","name":""},"geometry":{"type":"LineString","coordinates":[[-117.836562,33.64469],[-117.836448,33.64474],[-117.836421,33.644875]]}},{"type":"Feature","properties":{"kind":"footway","name":""},"geometry":{"type":"LineString","coordinates":[[-117.835703,33.643905],[-117.835883,33.644028]]}},{"type":"Feature","properties":{"kind":"footway","name":""},"geometry":{"type":"LineString","coordinates":[[-117.835887,33.644066],[-117.835885,33.643941]]}},{"type":"Feature","properties":{"kind":"footway","name":""},"geometry":{"type":"LineString","coordinates":[[-117.837257,33.643444],[-117.837294,33.643602]]}},{"type":"Feature","properties":{"kind":"footway","name":""},"geometry":{"type":"LineString","coordinates":[[-117.837459,33.644604],[-117.837484,33.64472]]}},{"type":"Feature","properties":{"kind":"footway","name":""},"geometry":{"type":"LineString","coordinates":[[-117.837456,33.644567],[-117.837459,33.644604]]}},{"type":"Feature","properties":{"kind":"footway","name":""},"geometry":{"type":"LineString","coordinates":[[-117.836666,33.64318],[-117.836673,33.643225]]}},{"type":"Feature","properties":{"kind":"footway","name":""},"geometry":{"type":"LineString","coordinates":[[-117.836691,33.643335],[-117.836688,33.643359]]}},{"type":"Feature","properties":{"kind":"footway","name":""},"geometry":{"type":"LineString","coordinates":[[-117.839773,33.647757],[-117.839606,33.647926]]}},{"type":"Feature","properties":{"kind":"footway","name":""},"geometry":{"type":"LineString","coordinates":[[-117.838551,33.647402],[-117.838477,33.647566]]}},{"type":"Feature","properties":{"kind":"footway","name":""},"geometry":{"type":"LineString","coordinates":[[-117.840253,33.649379],[-117.840315,33.649311]]}},{"type":"Feature","properties":{"kind":"footway","name":""},"geometry":{"type":"LineString","coordinates":[[-117.847629,33.635325],[-117.847077,33.636531],[-117.846737,33.638312],[-117.846572,33.638488],[-117.846763,33.638631],[-117.846593,33.639023],[-117.846639,33.639078],[-117.846583,33.639338],[-117.846596,33.640052],[-117.846467,33.640268],[-117.845767,33.640172],[-117.845346,33.640191],[-117.844784,33.640051],[-117.844302,33.639645],[-117.844202,33.639429],[-117.844229,33.638929],[-117.844347,33.638755],[-117.844675,33.638571],[-117.844826,33.638343],[-117.844797,33.638056],[-117.844884,33.637816],[-117.845251,33.637691],[-117.845333,33.637228],[-117.845441,33.637093],[-117.845416,33.636907],[-117.845253,33.636763]]}},{"type":"Feature","properties":{"kind":"footway","name":""},"geometry":{"type":"LineString","coordinates":[[-117.846543,33.640194],[-117.846588,33.640238]]}},{"type":"Feature","properties":{"kind":"footway","name":""},"geometry":{"type":"LineString","coordinates":[[-117.84649,33.640259],[-117.846674,33.640217],[-117.846757,33.640271],[-117.846983,33.640621],[-117.84753,33.641114],[-117.847622,33.641291]]}},{"type":"Feature","properties":{"kind":"footway","name":""},"geometry":{"type":"LineString","coordinates":[[-117.839588,33.645188],[-117.839572,33.645207]]}},{"type":"Feature","properties":{"kind":"footway","name":""},"geometry":{"type":"LineString","coordinates":[[-117.839588,33.645188],[-117.839728,33.64524]]}},{"type":"Feature","properties":{"kind":"footway","name":""},"geometry":{"type":"LineString","coordinates":[[-117.841934,33.643614],[-117.841973,33.643703]]}},{"type":"Feature","properties":{"kind":"waterway:stream","name":""},"geometry":{"type":"LineString","coordinates":[[-117.819804,33.654041],[-117.819916,33.654197],[-117.819795,33.65429],[-117.81964,33.654977],[-117.819344,33.655287],[-117.819347,33.655615],[-117.819455,33.655693],[-117.820207,33.655617],[-117.820527,33.655673],[-117.820621,33.655728],[-117.820663,33.656001],[-117.82089,33.656154]]}},{"type":"Feature","properties":{"kind":"footway","name":""},"geometry":{"type":"LineString","coordinates":[[-117.842185,33.643894],[-117.842244,33.643873]]}},{"type":"Feature","properties":{"kind":"secondary","name":"East Peltason Drive"},"geometry":{"type":"LineString","coordinates":[[-117.835404,33.644223],[-117.835223,33.645267]]}},{"type":"Feature","properties":{"kind":"service","name":""},"geometry":{"type":"LineString","coordinates":[[-117.84042,33.645144],[-117.840799,33.644938]]}},{"type":"Feature","properties":{"kind":"footway","name":""},"geometry":{"type":"LineString","coordinates":[[-117.838307,33.643582],[-117.838319,33.643547]]}},{"type":"Feature","properties":{"kind":"footway","name":""},"geometry":{"type":"LineString","coordinates":[[-117.838294,33.643691],[-117.838301,33.643629]]}},{"type":"Feature","properties":{"kind":"footway","name":""},"geometry":{"type":"LineString","coordinates":[[-117.838311,33.643571],[-117.838183,33.643561],[-117.838276,33.643606],[-117.838176,33.643619],[-117.838299,33.643649]]}},{"type":"Feature","properties":{"kind":"footway","name":""},"geometry":{"type":"LineString","coordinates":[[-117.838576,33.642983],[-117.838641,33.643284]]}},{"type":"Feature","properties":{"kind":"footway","name":""},"geometry":{"type":"LineString","coordinates":[[-117.83897,33.64391],[-117.838925,33.643809],[-117.838828,33.643786]]}},{"type":"Feature","properties":{"kind":"service","name":"Engineering Service Road"},"geometry":{"type":"LineString","coordinates":[[-117.839463,33.644515],[-117.839764,33.644894],[-117.840234,33.645116],[-117.84042,33.645144]]}},{"type":"Feature","properties":{"kind":"footway","name":""},"geometry":{"type":"LineString","coordinates":[[-117.845249,33.647114],[-117.84566,33.647308]]}},{"type":"Feature","properties":{"kind":"footway","name":""},"geometry":{"type":"LineString","coordinates":[[-117.844779,33.64739],[-117.844571,33.647467],[-117.8447,33.647322]]}},{"type":"Feature","properties":{"kind":"footway","name":""},"geometry":{"type":"LineString","coordinates":[[-117.84834,33.64752],[-117.848156,33.647446],[-117.848122,33.647492]]}},{"type":"Feature","properties":{"kind":"footway","name":""},"geometry":{"type":"LineString","coordinates":[[-117.847843,33.647646],[-117.847811,33.647692]]}},{"type":"Feature","properties":{"kind":"footway","name":""},"geometry":{"type":"LineString","coordinates":[[-117.84778,33.647741],[-117.847805,33.647758]]}},{"type":"Feature","properties":{"kind":"footway","name":""},"geometry":{"type":"LineString","coordinates":[[-117.847515,33.647907],[-117.847587,33.647806],[-117.847709,33.647867],[-117.847599,33.648024],[-117.847698,33.647929],[-117.847741,33.647951]]}},{"type":"Feature","properties":{"kind":"footway","name":""},"geometry":{"type":"LineString","coordinates":[[-117.847539,33.648038],[-117.847678,33.647911]]}},{"type":"Feature","properties":{"kind":"footway","name":""},"geometry":{"type":"LineString","coordinates":[[-117.848686,33.64808],[-117.848548,33.648009]]}},{"type":"Feature","properties":{"kind":"footway","name":""},"geometry":{"type":"LineString","coordinates":[[-117.848404,33.648073],[-117.847859,33.647787]]}},{"type":"Feature","properties":{"kind":"footway","name":""},"geometry":{"type":"LineString","coordinates":[[-117.847933,33.647689],[-117.848075,33.64747],[-117.848648,33.647759],[-117.848488,33.647978]]}},{"type":"Feature","properties":{"kind":"service","name":"Aldrich Hall Service Road"},"geometry":{"type":"LineString","coordinates":[[-117.841967,33.648159],[-117.842066,33.648065],[-117.842011,33.647832],[-117.842246,33.647534]]}},{"type":"Feature","properties":{"kind":"service","name":""},"geometry":{"type":"LineString","coordinates":[[-117.840841,33.651439],[-117.840759,33.651331]]}},{"type":"Feature","properties":{"kind":"footway","name":""},"geometry":{"type":"LineString","coordinates":[[-117.841571,33.650993],[-117.840759,33.651331]]}},{"type":"Feature","properties":{"kind":"footway","name":""},"geometry":{"type":"LineString","coordinates":[[-117.84865,33.646883],[-117.848674,33.646794],[-117.848826,33.646711]]}},{"type":"Feature","properties":{"kind":"footway","name":""},"geometry":{"type":"LineString","coordinates":[[-117.849046,33.646824],[-117.848889,33.646608]]}},{"type":"Feature","properties":{"kind":"tertiary","name":"West Peltason Drive"},"geometry":{"type":"LineString","coordinates":[[-117.847347,33.64773],[-117.846846,33.648366],[-117.846453,33.648646]]}},{"type":"Feature","properties":{"kind":"footway","name":""},"geometry":{"type":"LineString","coordinates":[[-117.847263,33.648866],[-117.847134,33.649014],[-117.846871,33.648825]]}},{"type":"Feature","properties":{"kind":"footway","name":""},"geometry":{"type":"LineString","coordinates":[[-117.847159,33.64854],[-117.84696,33.648767],[-117.846542,33.649054]]}},{"type":"Feature","properties":{"kind":"footway","name":""},"geometry":{"type":"LineString","coordinates":[[-117.846587,33.649193],[-117.846628,33.649108],[-117.846542,33.649054]]}},{"type":"Feature","properties":{"kind":"footway","name":""},"geometry":{"type":"LineString","coordinates":[[-117.846542,33.649054],[-117.846368,33.648982]]}},{"type":"Feature","properties":{"kind":"service","name":"Mesa Road"},"geometry":{"type":"LineString","coordinates":[[-117.843022,33.649881],[-117.84328,33.649978],[-117.843679,33.649946],[-117.843881,33.649998]]}},{"type":"Feature","properties":{"kind":"service","name":""},"geometry":{"type":"LineString","coordinates":[[-117.842961,33.652897],[-117.842791,33.652989]]}},{"type":"Feature","properties":{"kind":"footway","name":""},"geometry":{"type":"LineString","coordinates":[[-117.842813,33.650856],[-117.842768,33.651024],[-117.842625,33.650977],[-117.842813,33.650856]]}},{"type":"Feature","properties":{"kind":"service","name":"Barclay Theatre Service Road"},"geometry":{"type":"LineString","coordinates":[[-117.841061,33.64989],[-117.841265,33.6498]]}},{"type":"Feature","properties":{"kind":"footway","name":""},"geometry":{"type":"LineString","coordinates":[[-117.841135,33.649924],[-117.841219,33.649856],[-117.841298,33.649876]]}},{"type":"Feature","properties":{"kind":"footway","name":""},"geometry":{"type":"LineString","coordinates":[[-117.84112,33.649604],[-117.840901,33.649468]]}},{"type":"Feature","properties":{"kind":"footway","name":""},"geometry":{"type":"LineString","coordinates":[[-117.840587,33.648598],[-117.840267,33.648397]]}},{"type":"Feature","properties":{"kind":"footway","name":""},"geometry":{"type":"LineString","coordinates":[[-117.840095,33.648297],[-117.840267,33.648397]]}},{"type":"Feature","properties":{"kind":"footway","name":""},"geometry":{"type":"LineString","coordinates":[[-117.840048,33.648205],[-117.840011,33.648249],[-117.840095,33.648297]]}},{"type":"Feature","properties":{"kind":"footway","name":""},"geometry":{"type":"LineString","coordinates":[[-117.840094,33.648154],[-117.840048,33.648205]]}},{"type":"Feature","properties":{"kind":"footway","name":""},"geometry":{"type":"LineString","coordinates":[[-117.840347,33.648305],[-117.840094,33.648154]]}},{"type":"Feature","properties":{"kind":"footway","name":""},"geometry":{"type":"LineString","coordinates":[[-117.840013,33.64728],[-117.83953,33.647809]]}},{"type":"Feature","properties":{"kind":"service","name":"Pereira Drive"},"geometry":{"type":"LineString","coordinates":[[-117.840007,33.64818],[-117.839448,33.647826]]}},{"type":"Feature","properties":{"kind":"footway","name":""},"geometry":{"type":"LineString","coordinates":[[-117.839437,33.647748],[-117.839658,33.647528],[-117.839534,33.647326]]}},{"type":"Feature","properties":{"kind":"footway","name":""},"geometry":{"type":"LineString","coordinates":[[-117.839969,33.647157],[-117.840007,33.647196],[-117.839815,33.647379],[-117.839693,33.647393],[-117.839564,33.647311]]}},{"type":"Feature","properties":{"kind":"footway","name":""},"geometry":{"type":"LineString","coordinates":[[-117.839534,33.647326],[-117.839517,33.647206]]}},{"type":"Feature","properties":{"kind":"footway","name":""},"geometry":{"type":"LineString","coordinates":[[-117.840007,33.647196],[-117.840033,33.64718]]}},{"type":"Feature","properties":{"kind":"footway","name":""},"geometry":{"type":"LineString","coordinates":[[-117.839564,33.647311],[-117.839585,33.647197],[-117.839351,33.647148],[-117.839178,33.647215]]}},{"type":"Feature","properties":{"kind":"footway","name":""},"geometry":{"type":"LineString","coordinates":[[-117.839713,33.646888],[-117.839771,33.64682]]}},{"type":"Feature","properties":{"kind":"footway","name":""},"geometry":{"type":"LineString","coordinates":[[-117.839722,33.646916],[-117.839936,33.647158]]}},{"type":"Feature","properties":{"kind":"footway","name":""},"geometry":{"type":"LineString","coordinates":[[-117.839472,33.646523],[-117.839557,33.646684]]}},{"type":"Feature","properties":{"kind":"footway","name":""},"geometry":{"type":"LineString","coordinates":[[-117.838606,33.64698],[-117.838703,33.647088],[-117.839008,33.647218]]}},{"type":"Feature","properties":{"kind":"footway","name":""},"geometry":{"type":"LineString","coordinates":[[-117.838606,33.64698],[-117.838773,33.646998],[-117.839101,33.647232]]}},{"type":"Feature","properties":{"kind":"footway","name":""},"geometry":{"type":"LineString","coordinates":[[-117.838558,33.646718],[-117.838477,33.646789],[-117.838606,33.64698]]}},{"type":"Feature","properties":{"kind":"footway","name":""},"geometry":{"type":"LineString","coordinates":[[-117.838489,33.647424],[-117.839006,33.647659]]}},{"type":"Feature","properties":{"kind":"footway","name":""},"geometry":{"type":"LineString","coordinates":[[-117.838379,33.647375],[-117.83834,33.647375]]}},{"type":"Feature","properties":{"kind":"footway","name":""},"geometry":{"type":"LineString","coordinates":[[-117.83673,33.646866],[-117.837384,33.647123],[-117.83737,33.647176],[-117.838268,33.647394]]}},{"type":"Feature","properties":{"kind":"footway","name":""},"geometry":{"type":"LineString","coordinates":[[-117.83772,33.647194],[-117.837659,33.647153]]}},{"type":"Feature","properties":{"kind":"footway","name":""},"geometry":{"type":"LineString","coordinates":[[-117.837659,33.647153],[-117.837594,33.647295]]}},{"type":"Feature","properties":{"kind":"service","name":""},"geometry":{"type":"LineString","coordinates":[[-117.837498,33.647121],[-117.837508,33.647073]]}},{"type":"Feature","properties":{"kind":"footway","name":""},"geometry":{"type":"LineString","coordinates":[[-117.836698,33.646885],[-117.836589,33.646712],[-117.83674,33.646686]]}},{"type":"Feature","properties":{"kind":"footway","name":""},"geometry":{"type":"LineString","coordinates":[[-117.836048,33.64705],[-117.836394,33.647379]]}},{"type":"Feature","properties":{"kind":"footway","name":""},"geometry":{"type":"LineString","coordinates":[[-117.836342,33.647345],[-117.836118,33.647208],[-117.836048,33.64705]]}},{"type":"Feature","properties":{"kind":"footway","name":""},"geometry":{"type":"LineString","coordinates":[[-117.835561,33.646904],[-117.835549,33.646557],[-117.835604,33.646293],[-117.835682,33.646297]]}},{"type":"Feature","properties":{"kind":"footway","name":""},"geometry":{"type":"LineString","coordinates":[[-117.836048,33.64705],[-117.836044,33.646902],[-117.835561,33.646904]]}},{"type":"Feature","properties":{"kind":"footway","name":""},"geometry":{"type":"LineString","coordinates":[[-117.836398,33.646627],[-117.836466,33.646805],[-117.836122,33.647114]]}},{"type":"Feature","properties":{"kind":"footway","name":""},"geometry":{"type":"LineString","coordinates":[[-117.836045,33.646987],[-117.835562,33.646988],[-117.835561,33.646904]]}},{"type":"Feature","properties":{"kind":"path","name":""},"geometry":{"type":"LineString","coordinates":[[-117.836606,33.646131],[-117.836445,33.646258]]}},{"type":"Feature","properties":{"kind":"footway","name":""},"geometry":{"type":"LineString","coordinates":[[-117.836764,33.646104],[-117.836606,33.646131]]}},{"type":"Feature","properties":{"kind":"service","name":"Brandywine Service Road"},"geometry":{"type":"LineString","coordinates":[[-117.836744,33.645395],[-117.837044,33.645414],[-117.837383,33.645581]]}},{"type":"Feature","properties":{"kind":"footway","name":""},"geometry":{"type":"LineString","coordinates":[[-117.835482,33.644768],[-117.835858,33.64487],[-117.836215,33.644815],[-117.836216,33.644879],[-117.836464,33.644874],[-117.836576,33.644758]]}},{"type":"Feature","properties":{"kind":"footway","name":""},"geometry":{"type":"LineString","coordinates":[[-117.838538,33.645807],[-117.83816,33.645699]]}},{"type":"Feature","properties":{"kind":"footway","name":""},"geometry":{"type":"LineString","coordinates":[[-117.839029,33.643566],[-117.839702,33.644793],[-117.840339,33.645086],[-117.840711,33.644911]]}},{"type":"Feature","properties":{"kind":"footway","name":""},"geometry":{"type":"LineString","coordinates":[[-117.839427,33.644593],[-117.839598,33.644857]]}},{"type":"Feature","properties":{"kind":"footway","name":""},"geometry":{"type":"LineString","coordinates":[[-117.84004,33.643786],[-117.840098,33.643813],[-117.840065,33.643872],[-117.839997,33.643842],[-117.84004,33.643786]]}},{"type":"Feature","properties":{"kind":"footway","name":""},"geometry":{"type":"LineString","coordinates":[[-117.840005,33.643855],[-117.839643,33.644086],[-117.839604,33.644045],[-117.839507,33.644112]]}},{"type":"Feature","properties":{"kind":"footway","name":""},"geometry":{"type":"LineString","coordinates":[[-117.839357,33.644209],[-117.839318,33.644239]]}},{"type":"Feature","properties":{"kind":"footway","name":""},"geometry":{"type":"LineString","coordinates":[[-117.840098,33.643813],[-117.840525,33.643537]]}},{"type":"Feature","properties":{"kind":"footway","name":""},"geometry":{"type":"LineString","coordinates":[[-117.840248,33.643716],[-117.840656,33.644187]]}},{"type":"Feature","properties":{"kind":"footway","name":""},"geometry":{"type":"LineString","coordinates":[[-117.839786,33.643995],[-117.840237,33.644527]]}},{"type":"Feature","properties":{"kind":"footway","name":""},"geometry":{"type":"LineString","coordinates":[[-117.840199,33.644464],[-117.840059,33.644526],[-117.84005,33.644628]]}},{"type":"Feature","properties":{"kind":"footway","name":""},"geometry":{"type":"LineString","coordinates":[[-117.840199,33.644464],[-117.840333,33.644371],[-117.84037,33.644408]]}},{"type":"Feature","properties":{"kind":"footway","name":""},"geometry":{"type":"LineString","coordinates":[[-117.842761,33.642706],[-117.841986,33.642871]]}},{"type":"Feature","properties":{"kind":"service","name":""},"geometry":{"type":"LineString","coordinates":[[-117.843862,33.642233],[-117.843863,33.641972],[-117.843796,33.641975],[-117.843653,33.64204],[-117.843759,33.642206],[-117.84384,33.642269],[-117.843862,33.642233]]}},{"type":"Feature","properties":{"kind":"service","name":""},"geometry":{"type":"LineString","coordinates":[[-117.84384,33.642269],[-117.843821,33.642365]]}},{"type":"Feature","properties":{"kind":"footway","name":""},"geometry":{"type":"LineString","coordinates":[[-117.84384,33.642269],[-117.844971,33.64227]]}},{"type":"Feature","properties":{"kind":"footway","name":""},"geometry":{"type":"LineString","coordinates":[[-117.844448,33.642302],[-117.844416,33.642412]]}},{"type":"Feature","properties":{"kind":"footway","name":""},"geometry":{"type":"LineString","coordinates":[[-117.844486,33.642436],[-117.844487,33.64232]]}},{"type":"Feature","properties":{"kind":"footway","name":""},"geometry":{"type":"LineString","coordinates":[[-117.844619,33.642486],[-117.844619,33.642382]]}},{"type":"Feature","properties":{"kind":"footway","name":""},"geometry":{"type":"LineString","coordinates":[[-117.844755,33.642542],[-117.844752,33.642443]]}},{"type":"Feature","properties":{"kind":"footway","name":""},"geometry":{"type":"LineString","coordinates":[[-117.844886,33.642601],[-117.844887,33.642507]]}},{"type":"Feature","properties":{"kind":"footway","name":""},"geometry":{"type":"LineString","coordinates":[[-117.844297,33.642373],[-117.844298,33.642269]]}},{"type":"Feature","properties":{"kind":"footway","name":""},"geometry":{"type":"LineString","coordinates":[[-117.844162,33.642339],[-117.84416,33.642269]]}},{"type":"Feature","properties":{"kind":"footway","name":""},"geometry":{"type":"LineString","coordinates":[[-117.843737,33.643515],[-117.844205,33.643697]]}},{"type":"Feature","properties":{"kind":"footway","name":""},"geometry":{"type":"LineString","coordinates":[[-117.844063,33.643642],[-117.844297,33.643256]]}},{"type":"Feature","properties":{"kind":"footway","name":""},"geometry":{"type":"LineString","coordinates":[[-117.843524,33.643837],[-117.843681,33.643991],[-117.84368,33.644269]]}},{"type":"Feature","properties":{"kind":"footway","name":""},"geometry":{"type":"LineString","coordinates":[[-117.843681,33.643991],[-117.844043,33.643937]]}},{"type":"Feature","properties":{"kind":"footway","name":""},"geometry":{"type":"LineString","coordinates":[[-117.845293,33.643387],[-117.845407,33.643311],[-117.845677,33.64352],[-117.845229,33.64382],[-117.845092,33.643953],[-117.845143,33.644018]]}},{"type":"Feature","properties":{"kind":"footway","name":""},"geometry":{"type":"LineString","coordinates":[[-117.845652,33.643541],[-117.845857,33.643721]]}},{"type":"Feature","properties":{"kind":"footway","name":""},"geometry":{"type":"LineString","coordinates":[[-117.846071,33.6436],[-117.845944,33.643732],[-117.845875,33.643726]]}},{"type":"Feature","properties":{"kind":"footway","name":""},"geometry":{"type":"LineString","coordinates":[[-117.846564,33.641697],[-117.846322,33.641741],[-117.846366,33.641852],[-117.846435,33.641835],[-117.84653,33.642084],[-117.846136,33.642195],[-117.846109,33.642131],[-117.846034,33.642154],[-117.845917,33.641952]]}},{"type":"Feature","properties":{"kind":"footway","name":""},"geometry":{"type":"LineString","coordinates":[[-117.846948,33.643213],[-117.846906,33.64308],[-117.847072,33.643025]]}},{"type":"Feature","properties":{"kind":"footway","name":""},"geometry":{"type":"LineString","coordinates":[[-117.84831,33.644002],[-117.847987,33.643706],[-117.848017,33.643515]]}},{"type":"Feature","properties":{"kind":"footway","name":""},"geometry":{"type":"LineString","coordinates":[[-117.848031,33.643749],[-117.847851,33.643895],[-117.847591,33.6438],[-117.847316,33.643959]]}},{"type":"Feature","properties":{"kind":"footway","name":""},"geometry":{"type":"LineString","coordinates":[[-117.847438,33.6439],[-117.847499,33.64379]]}},{"type":"Feature","properties":{"kind":"footway","name":""},"geometry":{"type":"LineString","coordinates":[[-117.847617,33.643701],[-117.847636,33.643798]]}},{"type":"Feature","properties":{"kind":"footway","name":""},"geometry":{"type":"LineString","coordinates":[[-117.848506,33.644395],[-117.84846,33.644428]]}},{"type":"Feature","properties":{"kind":"footway","name":""},"geometry":{"type":"LineString","coordinates":[[-117.848503,33.644316],[-117.848192,33.644498]]}},{"type":"Feature","properties":{"kind":"footway","name":""},"geometry":{"type":"LineString","coordinates":[[-117.848517,33.644281],[-117.848693,33.64444],[-117.848935,33.64427],[-117.848693,33.644057]]}},{"type":"Feature","properties":{"kind":"footway","name":""},"geometry":{"type":"LineString","coordinates":[[-117.848526,33.64449],[-117.848635,33.64445]]}},{"type":"Feature","properties":{"kind":"footway","name":""},"geometry":{"type":"LineString","coordinates":[[-117.848635,33.64445],[-117.848693,33.64444]]}},{"type":"Feature","properties":{"kind":"footway","name":""},"geometry":{"type":"LineString","coordinates":[[-117.848671,33.644421],[-117.848635,33.64445]]}},{"type":"Feature","properties":{"kind":"footway","name":""},"geometry":{"type":"LineString","coordinates":[[-117.848912,33.644246],[-117.848841,33.644297],[-117.848884,33.644341],[-117.848935,33.64427],[-117.849067,33.644253]]}},{"type":"Feature","properties":{"kind":"footway","name":""},"geometry":{"type":"LineString","coordinates":[[-117.848247,33.644531],[-117.848189,33.644579],[-117.848764,33.645108],[-117.84863,33.6453],[-117.848424,33.645314],[-117.848137,33.645025],[-117.848075,33.644866],[-117.848237,33.644747],[-117.848184,33.644697],[-117.848259,33.644647]]}},{"type":"Feature","properties":{"kind":"footway","name":""},"geometry":{"type":"LineString","coordinates":[[-117.848075,33.644866],[-117.847804,33.645008]]}},{"type":"Feature","properties":{"kind":"footway","name":""},"geometry":{"type":"LineString","coordinates":[[-117.847864,33.644975],[-117.847838,33.644942],[-117.847815,33.644985]]}},{"type":"Feature","properties":{"kind":"footway","name":""},"geometry":{"type":"LineString","coordinates":[[-117.848344,33.645234],[-117.84818,33.645319],[-117.847814,33.645369],[-117.847647,33.645239]]}},{"type":"Feature","properties":{"kind":"footway","name":""},"geometry":{"type":"LineString","coordinates":[[-117.847891,33.64502],[-117.848049,33.645323]]}},{"type":"Feature","properties":{"kind":"footway","name":""},"geometry":{"type":"LineString","coordinates":[[-117.848278,33.645166],[-117.8483,33.645233]]}},{"type":"Feature","properties":{"kind":"footway","name":""},"geometry":{"type":"LineString","coordinates":[[-117.846007,33.643848],[-117.8459,33.643965]]}},{"type":"Feature","properties":{"kind":"footway","name":""},"geometry":{"type":"LineString","coordinates":[[-117.845839,33.643709],[-117.846071,33.6436]]}},{"type":"Feature","properties":{"kind":"footway","name":""},"geometry":{"type":"LineString","coordinates":[[-117.844633,33.643407],[-117.844729,33.643267]]}},{"type":"Feature","properties":{"kind":"footway","name":""},"geometry":{"type":"LineString","coordinates":[[-117.848884,33.646657],[-117.848914,33.646629]]}},{"type":"Feature","properties":{"kind":"footway","name":""},"geometry":{"type":"LineString","coordinates":[[-117.848149,33.647802],[-117.848253,33.647855]]}},{"type":"Feature","properties":{"kind":"footway","name":""},"geometry":{"type":"LineString","coordinates":[[-117.848259,33.647749],[-117.848201,33.647829]]}},{"type":"Feature","properties":{"kind":"footway","name":""},"geometry":{"type":"LineString","coordinates":[[-117.848494,33.64835],[-117.848584,33.648171],[-117.848404,33.648073]]}},{"type":"Feature","properties":{"kind":"footway","name":""},"geometry":{"type":"LineString","coordinates":[[-117.851034,33.642114],[-117.850983,33.642423]]}},{"type":"Feature","properties":{"kind":"waterway:stream","name":""},"geometry":{"type":"LineString","coordinates":[[-117.852176,33.648462],[-117.852562,33.649279],[-117.85438,33.651434]]}},{"type":"Feature","properties":{"kind":"footway","name":""},"geometry":{"type":"LineString","coordinates":[[-117.826264,33.64665],[-117.826229,33.646648]]}},{"type":"Feature","properties":{"kind":"footway","name":""},"geometry":{"type":"LineString","coordinates":[[-117.826308,33.646651],[-117.826264,33.64665]]}},{"type":"Feature","properties":{"kind":"footway","name":""},"geometry":{"type":"LineString","coordinates":[[-117.827422,33.647189],[-117.827291,33.647186]]}},{"type":"Feature","properties":{"kind":"footway","name":""},"geometry":{"type":"LineString","coordinates":[[-117.827455,33.64719],[-117.827422,33.647189]]}},{"type":"Feature","properties":{"kind":"footway","name":""},"geometry":{"type":"LineString","coordinates":[[-117.827672,33.647198],[-117.82764,33.647197]]}},{"type":"Feature","properties":{"kind":"footway","name":""},"geometry":{"type":"LineString","coordinates":[[-117.827877,33.647212],[-117.827672,33.647198]]}},{"type":"Feature","properties":{"kind":"footway","name":""},"geometry":{"type":"LineString","coordinates":[[-117.828171,33.647025],[-117.828209,33.647025]]}},{"type":"Feature","properties":{"kind":"footway","name":""},"geometry":{"type":"LineString","coordinates":[[-117.828136,33.647025],[-117.828171,33.647025]]}},{"type":"Feature","properties":{"kind":"footway","name":""},"geometry":{"type":"LineString","coordinates":[[-117.831838,33.640535],[-117.831988,33.640341],[-117.832113,33.640351],[-117.832287,33.64002],[-117.832409,33.64006],[-117.832488,33.639912]]}},{"type":"Feature","properties":{"kind":"cycleway","name":""},"geometry":{"type":"LineString","coordinates":[[-117.845597,33.654449],[-117.8455,33.654379]]}},{"type":"Feature","properties":{"kind":"cycleway","name":""},"geometry":{"type":"LineString","coordinates":[[-117.847082,33.653066],[-117.847053,33.653183]]}},{"type":"Feature","properties":{"kind":"cycleway","name":""},"geometry":{"type":"LineString","coordinates":[[-117.847296,33.653015],[-117.847172,33.65301]]}},{"type":"Feature","properties":{"kind":"footway","name":""},"geometry":{"type":"LineString","coordinates":[[-117.829865,33.65194],[-117.829799,33.65104]]}},{"type":"Feature","properties":{"kind":"footway","name":""},"geometry":{"type":"LineString","coordinates":[[-117.829839,33.651393],[-117.829801,33.651394]]}},{"type":"Feature","properties":{"kind":"footway","name":""},"geometry":{"type":"LineString","coordinates":[[-117.829212,33.651355],[-117.828845,33.651068]]}},{"type":"Feature","properties":{"kind":"footway","name":""},"geometry":{"type":"LineString","coordinates":[[-117.828656,33.652005],[-117.828388,33.651145]]}},{"type":"Feature","properties":{"kind":"footway","name":""},"geometry":{"type":"LineString","coordinates":[[-117.829682,33.650886],[-117.828394,33.651165]]}},{"type":"Feature","properties":{"kind":"footway","name":""},"geometry":{"type":"LineString","coordinates":[[-117.828377,33.651111],[-117.827565,33.651302],[-117.827579,33.651348],[-117.826896,33.65148]]}},{"type":"Feature","properties":{"kind":"service","name":""},"geometry":{"type":"LineString","coordinates":[[-117.826639,33.652258],[-117.82682,33.652218],[-117.826779,33.65209],[-117.826599,33.65213]]}},{"type":"Feature","properties":{"kind":"footway","name":""},"geometry":{"type":"LineString","coordinates":[[-117.827454,33.652772],[-117.827373,33.652408]]}},{"type":"Feature","properties":{"kind":"footway","name":""},"geometry":{"type":"LineString","coordinates":[[-117.827149,33.652338],[-117.827034,33.652462],[-117.826778,33.652522]]}},{"type":"Feature","properties":{"kind":"footway","name":""},"geometry":{"type":"LineString","coordinates":[[-117.828722,33.652115],[-117.828822,33.652429]]}},{"type":"Feature","properties":{"kind":"footway","name":""},"geometry":{"type":"LineString","coordinates":[[-117.831791,33.651321],[-117.831665,33.650571]]}},{"type":"Feature","properties":{"kind":"footway","name":""},"geometry":{"type":"LineString","coordinates":[[-117.821687,33.650531],[-117.821648,33.650205],[-117.821586,33.650162]]}},{"type":"Feature","properties":{"kind":"footway","name":""},"geometry":{"type":"LineString","coordinates":[[-117.821944,33.650503],[-117.821877,33.650374],[-117.821889,33.650156],[-117.822261,33.65009],[-117.822538,33.649958],[-117.823107,33.649426],[-117.823278,33.649335]]}},{"type":"Feature","properties":{"kind":"footway","name":""},"geometry":{"type":"LineString","coordinates":[[-117.840586,33.647715],[-117.840478,33.647792]]}},{"type":"Feature","properties":{"kind":"pedestrian","name":""},"geometry":{"type":"LineString","coordinates":[[-117.839838,33.645132],[-117.839798,33.645204]]}},{"type":"Feature","properties":{"kind":"pedestrian","name":""},"geometry":{"type":"LineString","coordinates":[[-117.84007,33.644771],[-117.84006,33.644786]]}},{"type":"Feature","properties":{"kind":"footway","name":""},"geometry":{"type":"LineString","coordinates":[[-117.839775,33.646976],[-117.839953,33.646885]]}},{"type":"Feature","properties":{"kind":"footway","name":""},"geometry":{"type":"LineString","coordinates":[[-117.84448,33.647732],[-117.844389,33.647596]]}},{"type":"Feature","properties":{"kind":"pedestrian","name":""},"geometry":{"type":"LineString","coordinates":[[-117.843795,33.647531],[-117.843634,33.647631],[-117.84372,33.647773],[-117.844334,33.647574],[-117.844259,33.647481],[-117.843921,33.647623],[-117.843865,33.647531],[-117.843795,33.647531]]}},{"type":"Feature","properties":{"kind":"footway","name":""},"geometry":{"type":"LineString","coordinates":[[-117.843657,33.647291],[-117.843518,33.647349]]}},{"type":"Feature","properties":{"kind":"pedestrian","name":""},"geometry":{"type":"LineString","coordinates":[[-117.843777,33.647504],[-117.843591,33.647139],[-117.843414,33.647213],[-117.843656,33.647555],[-117.843777,33.647504]]}},{"type":"Feature","properties":{"kind":"footway","name":""},"geometry":{"type":"LineString","coordinates":[[-117.842788,33.643585],[-117.842785,33.643691]]}},{"type":"Feature","properties":{"kind":"footway","name":""},"geometry":{"type":"LineString","coordinates":[[-117.842197,33.643551],[-117.842225,33.643645]]}},{"type":"Feature","properties":{"kind":"footway","name":""},"geometry":{"type":"LineString","coordinates":[[-117.840875,33.643899],[-117.840924,33.643865],[-117.840708,33.643631],[-117.840653,33.643669]]}},{"type":"Feature","properties":{"kind":"footway","name":""},"geometry":{"type":"LineString","coordinates":[[-117.840481,33.643493],[-117.840724,33.643743]]}},{"type":"Feature","properties":{"kind":"footway","name":""},"geometry":{"type":"LineString","coordinates":[[-117.83955,33.64177],[-117.840183,33.641659]]}},{"type":"Feature","properties":{"kind":"unclassified","name":"Pereira Drive"},"geometry":{"type":"LineString","coordinates":[[-117.843136,33.650299],[-117.842883,33.650111]]}},{"type":"Feature","properties":{"kind":"footway","name":""},"geometry":{"type":"LineString","coordinates":[[-117.851619,33.646075],[-117.851618,33.64601]]}},{"type":"Feature","properties":{"kind":"footway","name":""},"geometry":{"type":"LineString","coordinates":[[-117.844831,33.64688],[-117.844816,33.646872]]}},{"type":"Feature","properties":{"kind":"waterway:stream","name":""},"geometry":{"type":"LineString","coordinates":[[-117.824043,33.64275],[-117.824637,33.6431],[-117.824721,33.643533],[-117.825239,33.6438],[-117.825755,33.644294],[-117.826101,33.644381],[-117.826717,33.644315],[-117.827473,33.64485]]}},{"type":"Feature","properties":{"kind":"waterway:stream","name":""},"geometry":{"type":"LineString","coordinates":[[-117.827587,33.644959],[-117.827747,33.64547],[-117.828474,33.646209],[-117.828797,33.646307],[-117.829131,33.646303]]}},{"type":"Feature","properties":{"kind":"waterway:stream","name":""},"geometry":{"type":"LineString","coordinates":[[-117.827473,33.64485],[-117.827587,33.644959]]}},{"type":"Feature","properties":{"kind":"waterway:stream","name":""},"geometry":{"type":"LineString","coordinates":[[-117.822214,33.641896],[-117.822487,33.642219],[-117.822967,33.642517],[-117.823833,33.642705]]}},{"type":"Feature","properties":{"kind":"waterway:stream","name":""},"geometry":{"type":"LineString","coordinates":[[-117.823833,33.642705],[-117.824043,33.64275]]}},{"type":"Feature","properties":{"kind":"footway","name":""},"geometry":{"type":"LineString","coordinates":[[-117.820914,33.645478],[-117.820872,33.645274],[-117.820785,33.645235]]}},{"type":"Feature","properties":{"kind":"pedestrian","name":""},"geometry":{"type":"LineString","coordinates":[[-117.820788,33.645247],[-117.820716,33.645138],[-117.820593,33.645229],[-117.820684,33.645274],[-117.820788,33.645247]]}},{"type":"Feature","properties":{"kind":"footway","name":""},"geometry":{"type":"LineString","coordinates":[[-117.820607,33.645215],[-117.820308,33.645188]]}},{"type":"Feature","properties":{"kind":"tertiary","name":"Arroyo Drive"},"geometry":{"type":"LineString","coordinates":[[-117.823841,33.643061],[-117.824286,33.641584],[-117.824582,33.640977],[-117.825015,33.640312],[-117.825407,33.639919],[-117.825843,33.639716],[-117.826159,33.639657]]}},{"type":"Feature","properties":{"kind":"secondary","name":"Anteater Drive"},"geometry":{"type":"LineString","coordinates":[[-117.830347,33.639163],[-117.830276,33.639123]]}},{"type":"Feature","properties":{"kind":"footway","name":""},"geometry":{"type":"LineString","coordinates":[[-117.839335,33.649812],[-117.83943,33.649878]]}},{"type":"Feature","properties":{"kind":"footway","name":""},"geometry":{"type":"LineString","coordinates":[[-117.839425,33.650169],[-117.839062,33.650123]]}},{"type":"Feature","properties":{"kind":"footway","name":""},"geometry":{"type":"LineString","coordinates":[[-117.831733,33.647748],[-117.831399,33.647846],[-117.829928,33.647816]]}},{"type":"Feature","properties":{"kind":"footway","name":""},"geometry":{"type":"LineString","coordinates":[[-117.821687,33.650531],[-117.821511,33.650584],[-117.820871,33.650573],[-117.820253,33.650464],[-117.81993,33.650349],[-117.819292,33.650027],[-117.818628,33.649423]]}},{"type":"Feature","properties":{"kind":"footway","name":""},"geometry":{"type":"LineString","coordinates":[[-117.830101,33.642201],[-117.829765,33.642313]]}},{"type":"Feature","properties":{"kind":"footway","name":""},"geometry":{"type":"LineString","coordinates":[[-117.8237,33.643419],[-117.823358,33.643418]]}},{"type":"Feature","properties":{"kind":"footway","name":""},"geometry":{"type":"LineString","coordinates":[[-117.823383,33.643214],[-117.822453,33.643071]]}},{"type":"Feature","properties":{"kind":"footway","name":""},"geometry":{"type":"LineString","coordinates":[[-117.822813,33.643114],[-117.822847,33.643204]]}},{"type":"Feature","properties":{"kind":"footway","name":""},"geometry":{"type":"LineString","coordinates":[[-117.822959,33.643177],[-117.822999,33.643416],[-117.82289,33.643549],[-117.822816,33.643478],[-117.822811,33.643315],[-117.822847,33.643204],[-117.822939,33.643168]]}},{"type":"Feature","properties":{"kind":"footway","name":""},"geometry":{"type":"LineString","coordinates":[[-117.823073,33.643192],[-117.822998,33.643261]]}},{"type":"Feature","properties":{"kind":"footway","name":""},"geometry":{"type":"LineString","coordinates":[[-117.822861,33.643543],[-117.822434,33.64365]]}},{"type":"Feature","properties":{"kind":"footway","name":""},"geometry":{"type":"LineString","coordinates":[[-117.822948,33.643535],[-117.823085,33.643625],[-117.823336,33.643633]]}},{"type":"Feature","properties":{"kind":"footway","name":""},"geometry":{"type":"LineString","coordinates":[[-117.823124,33.643195],[-117.823154,33.643025],[-117.822861,33.642886]]}},{"type":"Feature","properties":{"kind":"footway","name":""},"geometry":{"type":"LineString","coordinates":[[-117.822724,33.645053],[-117.823115,33.644978],[-117.823171,33.644922]]}},{"type":"Feature","properties":{"kind":"footway","name":""},"geometry":{"type":"LineString","coordinates":[[-117.823451,33.644857],[-117.823171,33.644922],[-117.823083,33.644613],[-117.823338,33.644565],[-117.823414,33.644624]]}},{"type":"Feature","properties":{"kind":"footway","name":""},"geometry":{"type":"LineString","coordinates":[[-117.82354,33.645297],[-117.822842,33.64543]]}},{"type":"Feature","properties":{"kind":"footway","name":""},"geometry":{"type":"LineString","coordinates":[[-117.823495,33.645097],[-117.823297,33.645057]]}},{"type":"Feature","properties":{"kind":"footway","name":""},"geometry":{"type":"LineString","coordinates":[[-117.823438,33.645609],[-117.823538,33.645576],[-117.823587,33.645462]]}},{"type":"Feature","properties":{"kind":"footway","name":""},"geometry":{"type":"LineString","coordinates":[[-117.824174,33.645993],[-117.823857,33.646119]]}},{"type":"Feature","properties":{"kind":"footway","name":""},"geometry":{"type":"LineString","coordinates":[[-117.823996,33.646467],[-117.823972,33.646631],[-117.823328,33.646898]]}},{"type":"Feature","properties":{"kind":"pedestrian","name":""},"geometry":{"type":"LineString","coordinates":[[-117.823582,33.642377],[-117.823713,33.642401]]}},{"type":"Feature","properties":{"kind":"footway","name":""},"geometry":{"type":"LineString","coordinates":[[-117.823592,33.642341],[-117.82344,33.642399],[-117.823148,33.642296],[-117.822798,33.642277],[-117.822664,33.642137],[-117.822772,33.641972]]}},{"type":"Feature","properties":{"kind":"footway","name":""},"geometry":{"type":"LineString","coordinates":[[-117.823631,33.642196],[-117.823129,33.642063],[-117.823181,33.641774]]}},{"type":"Feature","properties":{"kind":"footway","name":""},"geometry":{"type":"LineString","coordinates":[[-117.823112,33.642037],[-117.822772,33.641972]]}},{"type":"Feature","properties":{"kind":"footway","name":""},"geometry":{"type":"LineString","coordinates":[[-117.822772,33.641972],[-117.82282,33.641787],[-117.822736,33.64167]]}},{"type":"Feature","properties":{"kind":"footway","name":""},"geometry":{"type":"LineString","coordinates":[[-117.823056,33.642049],[-117.823139,33.642168],[-117.823274,33.64213]]}},{"type":"Feature","properties":{"kind":"footway","name":""},"geometry":{"type":"LineString","coordinates":[[-117.823148,33.642296],[-117.823177,33.64218]]}},{"type":"Feature","properties":{"kind":"footway","name":""},"geometry":{"type":"LineString","coordinates":[[-117.8244,33.641157],[-117.824082,33.641021]]}},{"type":"Feature","properties":{"kind":"footway","name":""},"geometry":{"type":"LineString","coordinates":[[-117.825784,33.639114],[-117.825299,33.639123]]}},{"type":"Feature","properties":{"kind":"footway","name":""},"geometry":{"type":"LineString","coordinates":[[-117.825687,33.638681],[-117.825218,33.638752]]}},{"type":"Feature","properties":{"kind":"footway","name":""},"geometry":{"type":"LineString","coordinates":[[-117.82526,33.639236],[-117.824953,33.639087],[-117.824847,33.638896],[-117.824899,33.638728],[-117.825192,33.638638]]}},{"type":"Feature","properties":{"kind":"footway","name":""},"geometry":{"type":"LineString","coordinates":[[-117.825158,33.638491],[-117.825001,33.638668]]}},{"type":"Feature","properties":{"kind":"footway","name":""},"geometry":{"type":"LineString","coordinates":[[-117.825054,33.638383],[-117.824716,33.638282]]}},{"type":"Feature","properties":{"kind":"footway","name":""},"geometry":{"type":"LineString","coordinates":[[-117.825157,33.638353],[-117.825053,33.638399],[-117.825147,33.638443]]}},{"type":"Feature","properties":{"kind":"footway","name":""},"geometry":{"type":"LineString","coordinates":[[-117.824862,33.638768],[-117.824474,33.638636]]}},{"type":"Feature","properties":{"kind":"footway","name":""},"geometry":{"type":"LineString","coordinates":[[-117.824847,33.638896],[-117.824552,33.639131]]}},{"type":"Feature","properties":{"kind":"footway","name":""},"geometry":{"type":"LineString","coordinates":[[-117.824996,33.639114],[-117.824678,33.639186],[-117.824237,33.638983]]}},{"type":"Feature","properties":{"kind":"footway","name":""},"geometry":{"type":"LineString","coordinates":[[-117.824709,33.639054],[-117.824723,33.639263]]}},{"type":"Feature","properties":{"kind":"footway","name":""},"geometry":{"type":"LineString","coordinates":[[-117.824729,33.639278],[-117.824765,33.639318]]}},{"type":"Feature","properties":{"kind":"footway","name":""},"geometry":{"type":"LineString","coordinates":[[-117.824918,33.639116],[-117.824423,33.639789]]}},{"type":"Feature","properties":{"kind":"footway","name":""},"geometry":{"type":"LineString","coordinates":[[-117.824423,33.639789],[-117.824323,33.639941],[-117.824197,33.639907],[-117.824295,33.639737],[-117.824423,33.639789]]}},{"type":"Feature","properties":{"kind":"footway","name":""},"geometry":{"type":"LineString","coordinates":[[-117.824231,33.639782],[-117.824165,33.639651],[-117.823881,33.639514]]}},{"type":"Feature","properties":{"kind":"footway","name":""},"geometry":{"type":"LineString","coordinates":[[-117.824189,33.639879],[-117.824092,33.639929],[-117.823695,33.640536],[-117.823346,33.641288],[-117.823223,33.641396],[-117.823047,33.641442]]}},{"type":"Feature","properties":{"kind":"footway","name":""},"geometry":{"type":"LineString","coordinates":[[-117.823346,33.641288],[-117.823545,33.641354]]}},{"type":"Feature","properties":{"kind":"footway","name":""},"geometry":{"type":"LineString","coordinates":[[-117.82356,33.64132],[-117.823563,33.641431]]}},{"type":"Feature","properties":{"kind":"footway","name":""},"geometry":{"type":"LineString","coordinates":[[-117.82422,33.641568],[-117.823666,33.641415],[-117.823391,33.64152],[-117.822828,33.641392]]}},{"type":"Feature","properties":{"kind":"footway","name":""},"geometry":{"type":"LineString","coordinates":[[-117.823223,33.641396],[-117.823234,33.641486]]}},{"type":"Feature","properties":{"kind":"footway","name":""},"geometry":{"type":"LineString","coordinates":[[-117.823273,33.641495],[-117.823207,33.64178]]}},{"type":"Feature","properties":{"kind":"footway","name":""},"geometry":{"type":"LineString","coordinates":[[-117.823473,33.641504],[-117.823384,33.641822]]}},{"type":"Feature","properties":{"kind":"footway","name":""},"geometry":{"type":"LineString","coordinates":[[-117.823768,33.640569],[-117.824217,33.640777]]}},{"type":"Feature","properties":{"kind":"footway","name":""},"geometry":{"type":"LineString","coordinates":[[-117.824127,33.640934],[-117.823754,33.640766]]}},{"type":"Feature","properties":{"kind":"footway","name":""},"geometry":{"type":"LineString","coordinates":[[-117.823785,33.640577],[-117.823578,33.640801]]}},{"type":"Feature","properties":{"kind":"footway","name":""},"geometry":{"type":"LineString","coordinates":[[-117.823695,33.640536],[-117.823731,33.640552]]}},{"type":"Feature","properties":{"kind":"footway","name":""},"geometry":{"type":"LineString","coordinates":[[-117.824341,33.63993],[-117.824481,33.640025],[-117.824693,33.640052]]}},{"type":"Feature","properties":{"kind":"footway","name":""},"geometry":{"type":"LineString","coordinates":[[-117.824674,33.640079],[-117.824994,33.640237]]}},{"type":"Feature","properties":{"kind":"footway","name":""},"geometry":{"type":"LineString","coordinates":[[-117.824709,33.640606],[-117.824448,33.640406]]}},{"type":"Feature","properties":{"kind":"footway","name":""},"geometry":{"type":"LineString","coordinates":[[-117.824709,33.640606],[-117.825203,33.639993],[-117.825847,33.639629]]}},{"type":"Feature","properties":{"kind":"footway","name":""},"geometry":{"type":"LineString","coordinates":[[-117.825203,33.639993],[-117.824863,33.639797]]}},{"type":"Feature","properties":{"kind":"footway","name":""},"geometry":{"type":"LineString","coordinates":[[-117.825433,33.639837],[-117.825373,33.639541]]}},{"type":"Feature","properties":{"kind":"footway","name":""},"geometry":{"type":"LineString","coordinates":[[-117.82582,33.639272],[-117.825589,33.639305],[-117.825373,33.639541],[-117.825115,33.639437]]}},{"type":"Feature","properties":{"kind":"footway","name":""},"geometry":{"type":"LineString","coordinates":[[-117.824667,33.64992],[-117.824252,33.64999]]}},{"type":"Feature","properties":{"kind":"cycleway","name":"Sand Canyon Wash Trail"},"geometry":{"type":"LineString","coordinates":[[-117.826673,33.654551],[-117.827054,33.654392]]}},{"type":"Feature","properties":{"kind":"cycleway","name":"Sand Canyon Wash Trail"},"geometry":{"type":"LineString","coordinates":[[-117.826399,33.654548],[-117.82639,33.654812]]}},{"type":"Feature","properties":{"kind":"cycleway","name":"Sand Canyon Wash Trail"},"geometry":{"type":"LineString","coordinates":[[-117.82639,33.654812],[-117.826673,33.654551]]}},{"type":"Feature","properties":{"kind":"cycleway","name":"Sand Canyon Wash Trail"},"geometry":{"type":"LineString","coordinates":[[-117.826099,33.655352],[-117.82617,33.655098],[-117.82639,33.654812]]}},{"type":"Feature","properties":{"kind":"cycleway","name":"Sand Canyon Wash Trail"},"geometry":{"type":"LineString","coordinates":[[-117.826012,33.655465],[-117.826099,33.655352]]}},{"type":"Feature","properties":{"kind":"cycleway","name":"Sand Canyon Wash Trail"},"geometry":{"type":"LineString","coordinates":[[-117.819316,33.655927],[-117.818829,33.65588],[-117.818298,33.655942]]}},{"type":"Feature","properties":{"kind":"primary","name":"University Drive"},"geometry":{"type":"LineString","coordinates":[[-117.841995,33.657234],[-117.842757,33.656841],[-117.844021,33.655738]]}},{"type":"Feature","properties":{"kind":"footway","name":""},"geometry":{"type":"LineString","coordinates":[[-117.840722,33.639931],[-117.840493,33.640047],[-117.840497,33.640315],[-117.840567,33.640386],[-117.840523,33.640569],[-117.84037,33.640583],[-117.840283,33.640706],[-117.840518,33.641016]]}},{"type":"Feature","properties":{"kind":"footway","name":""},"geometry":{"type":"LineString","coordinates":[[-117.838725,33.646014],[-117.838732,33.646042]]}},{"type":"Feature","properties":{"kind":"footway","name":""},"geometry":{"type":"LineString","coordinates":[[-117.838985,33.645977],[-117.838978,33.645994]]}},{"type":"Feature","properties":{"kind":"footway","name":""},"geometry":{"type":"LineString","coordinates":[[-117.849865,33.637838],[-117.850144,33.637559],[-117.850546,33.637445],[-117.850805,33.637678],[-117.851146,33.637724],[-117.851631,33.638027],[-117.8516,33.638061],[-117.851874,33.638255]]}},{"type":"Feature","properties":{"kind":"footway","name":""},"geometry":{"type":"LineString","coordinates":[[-117.851055,33.635473],[-117.848686,33.63786],[-117.848585,33.637793],[-117.848443,33.637943],[-117.848387,33.637906],[-117.848317,33.637972]]}},{"type":"Feature","properties":{"kind":"footway","name":""},"geometry":{"type":"LineString","coordinates":[[-117.849796,33.635177],[-117.847626,33.637393]]}},{"type":"Feature","properties":{"kind":"footway","name":""},"geometry":{"type":"LineString","coordinates":[[-117.848377,33.635976],[-117.84787,33.636473]]}},{"type":"Feature","properties":{"kind":"footway","name":""},"geometry":{"type":"LineString","coordinates":[[-117.848173,33.636209],[-117.848036,33.63618],[-117.847906,33.636246],[-117.847856,33.636511],[-117.847603,33.636783],[-117.847676,33.636916]]}},{"type":"Feature","properties":{"kind":"footway","name":""},"geometry":{"type":"LineString","coordinates":[[-117.84782,33.636568],[-117.847832,33.636661],[-117.847717,33.636663]]}},{"type":"Feature","properties":{"kind":"footway","name":""},"geometry":{"type":"LineString","coordinates":[[-117.847832,33.636661],[-117.848234,33.636938]]}},{"type":"Feature","properties":{"kind":"footway","name":""},"geometry":{"type":"LineString","coordinates":[[-117.848001,33.636699],[-117.847864,33.636841]]}},{"type":"Feature","properties":{"kind":"footway","name":""},"geometry":{"type":"LineString","coordinates":[[-117.848386,33.636559],[-117.848435,33.636591]]}},{"type":"Feature","properties":{"kind":"footway","name":""},"geometry":{"type":"LineString","coordinates":[[-117.848451,33.636575],[-117.848514,33.636648],[-117.848419,33.636607]]}},{"type":"Feature","properties":{"kind":"footway","name":""},"geometry":{"type":"LineString","coordinates":[[-117.849211,33.638005],[-117.849341,33.637868]]}},{"type":"Feature","properties":{"kind":"footway","name":""},"geometry":{"type":"LineString","coordinates":[[-117.850144,33.638116],[-117.850263,33.637994]]}},{"type":"Feature","properties":{"kind":"footway","name":""},"geometry":{"type":"LineString","coordinates":[[-117.848319,33.637383],[-117.848457,33.637252]]}},{"type":"Feature","properties":{"kind":"footway","name":""},"geometry":{"type":"LineString","coordinates":[[-117.850077,33.639052],[-117.850329,33.639144]]}},{"type":"Feature","properties":{"kind":"service","name":""},"geometry":{"type":"LineString","coordinates":[[-117.830386,33.646978],[-117.830356,33.647075],[-117.830235,33.647152]]}},{"type":"Feature","properties":{"kind":"footway","name":""},"geometry":{"type":"LineString","coordinates":[[-117.831348,33.646693],[-117.830831,33.646852]]}},{"type":"Feature","properties":{"kind":"footway","name":""},"geometry":{"type":"LineString","coordinates":[[-117.830852,33.646511],[-117.83059,33.646554]]}},{"type":"Feature","properties":{"kind":"footway","name":""},"geometry":{"type":"LineString","coordinates":[[-117.83094,33.646497],[-117.83088,33.646384]]}},{"type":"Feature","properties":{"kind":"path","name":""},"geometry":{"type":"LineString","coordinates":[[-117.835138,33.643478],[-117.835188,33.643363]]}},{"type":"Feature","properties":{"kind":"path","name":""},"geometry":{"type":"LineString","coordinates":[[-117.833525,33.642778],[-117.833548,33.642732]]}},{"type":"Feature","properties":{"kind":"path","name":""},"geometry":{"type":"LineString","coordinates":[[-117.833864,33.642745],[-117.833875,33.642578],[-117.833744,33.642474]]}},{"type":"Feature","properties":{"kind":"footway","name":""},"geometry":{"type":"LineString","coordinates":[[-117.831957,33.64864],[-117.832025,33.648871],[-117.832241,33.648847]]}},{"type":"Feature","properties":{"kind":"service","name":""},"geometry":{"type":"LineString","coordinates":[[-117.83199,33.64898],[-117.832189,33.648907]]}},{"type":"Feature","properties":{"kind":"footway","name":""},"geometry":{"type":"LineString","coordinates":[[-117.832189,33.648907],[-117.832175,33.64886]]}},{"type":"Feature","properties":{"kind":"footway","name":""},"geometry":{"type":"LineString","coordinates":[[-117.832005,33.648802],[-117.831949,33.648813]]}},{"type":"Feature","properties":{"kind":"footway","name":""},"geometry":{"type":"LineString","coordinates":[[-117.831921,33.648818],[-117.831914,33.64882]]}},{"type":"Feature","properties":{"kind":"footway","name":""},"geometry":{"type":"LineString","coordinates":[[-117.831914,33.64882],[-117.83189,33.64873],[-117.831971,33.648688]]}},{"type":"Feature","properties":{"kind":"footway","name":""},"geometry":{"type":"LineString","coordinates":[[-117.829635,33.64691],[-117.8296,33.646916]]}},{"type":"Feature","properties":{"kind":"footway","name":""},"geometry":{"type":"LineString","coordinates":[[-117.8296,33.646916],[-117.829409,33.646957]]}},{"type":"Feature","properties":{"kind":"footway","name":""},"geometry":{"type":"LineString","coordinates":[[-117.829409,33.646957],[-117.829394,33.646988]]}},{"type":"Feature","properties":{"kind":"footway","name":""},"geometry":{"type":"LineString","coordinates":[[-117.829436,33.647111],[-117.829441,33.647126]]}},{"type":"Feature","properties":{"kind":"footway","name":""},"geometry":{"type":"LineString","coordinates":[[-117.828355,33.64744],[-117.828365,33.647451]]}},{"type":"Feature","properties":{"kind":"footway","name":""},"geometry":{"type":"LineString","coordinates":[[-117.825169,33.647279],[-117.825153,33.647289]]}},{"type":"Feature","properties":{"kind":"footway","name":""},"geometry":{"type":"LineString","coordinates":[[-117.824043,33.645679],[-117.824153,33.64564]]}},{"type":"Feature","properties":{"kind":"footway","name":""},"geometry":{"type":"LineString","coordinates":[[-117.824153,33.64564],[-117.824168,33.645635]]}},{"type":"Feature","properties":{"kind":"footway","name":""},"geometry":{"type":"LineString","coordinates":[[-117.824116,33.645472],[-117.824093,33.645478]]}},{"type":"Feature","properties":{"kind":"footway","name":""},"geometry":{"type":"LineString","coordinates":[[-117.824093,33.645478],[-117.823996,33.645503]]}},{"type":"Feature","properties":{"kind":"footway","name":""},"geometry":{"type":"LineString","coordinates":[[-117.823996,33.645503],[-117.823962,33.645526]]}},{"type":"Feature","properties":{"kind":"footway","name":""},"geometry":{"type":"LineString","coordinates":[[-117.824009,33.645665],[-117.824043,33.645679]]}},{"type":"Feature","properties":{"kind":"footway","name":""},"geometry":{"type":"LineString","coordinates":[[-117.823849,33.643927],[-117.823851,33.64384]]}},{"type":"Feature","properties":{"kind":"footway","name":""},"geometry":{"type":"LineString","coordinates":[[-117.823823,33.643946],[-117.823849,33.643927]]}},{"type":"Feature","properties":{"kind":"footway","name":""},"geometry":{"type":"LineString","coordinates":[[-117.823705,33.643953],[-117.823823,33.643946]]}},{"type":"Feature","properties":{"kind":"footway","name":""},"geometry":{"type":"LineString","coordinates":[[-117.823681,33.64394],[-117.823705,33.643953]]}},{"type":"Feature","properties":{"kind":"footway","name":""},"geometry":{"type":"LineString","coordinates":[[-117.823862,33.642978],[-117.823789,33.642966]]}},{"type":"Feature","properties":{"kind":"footway","name":""},"geometry":{"type":"LineString","coordinates":[[-117.823789,33.642966],[-117.823768,33.642971]]}},{"type":"Feature","properties":{"kind":"footway","name":""},"geometry":{"type":"LineString","coordinates":[[-117.823768,33.642971],[-117.823735,33.643115]]}},{"type":"Feature","properties":{"kind":"footway","name":""},"geometry":{"type":"LineString","coordinates":[[-117.823735,33.643115],[-117.823748,33.643122]]}},{"type":"Feature","properties":{"kind":"footway","name":""},"geometry":{"type":"LineString","coordinates":[[-117.823887,33.64314],[-117.823902,33.643142]]}},{"type":"Feature","properties":{"kind":"footway","name":""},"geometry":{"type":"LineString","coordinates":[[-117.824079,33.641926],[-117.824208,33.641957]]}},{"type":"Feature","properties":{"kind":"footway","name":""},"geometry":{"type":"LineString","coordinates":[[-117.824059,33.64193],[-117.824079,33.641926]]}},{"type":"Feature","properties":{"kind":"footway","name":""},"geometry":{"type":"LineString","coordinates":[[-117.824709,33.640606],[-117.824691,33.640634]]}},{"type":"Feature","properties":{"kind":"footway","name":""},"geometry":{"type":"LineString","coordinates":[[-117.825956,33.639606],[-117.825847,33.639629]]}},{"type":"Feature","properties":{"kind":"footway","name":""},"geometry":{"type":"LineString","coordinates":[[-117.825973,33.639612],[-117.825956,33.639606]]}},{"type":"Feature","properties":{"kind":"footway","name":""},"geometry":{"type":"LineString","coordinates":[[-117.823278,33.649335],[-117.823472,33.649621],[-117.823478,33.649858],[-117.823545,33.649962],[-117.823752,33.64992],[-117.823724,33.649769],[-117.822731,33.648159],[-117.822532,33.647929],[-117.822383,33.64789]]}},{"type":"Feature","properties":{"kind":"footway","name":""},"geometry":{"type":"LineString","coordinates":[[-117.822181,33.648033],[-117.821967,33.648085],[-117.821996,33.648203]]}},{"type":"Feature","properties":{"kind":"footway","name":""},"geometry":{"type":"LineString","coordinates":[[-117.823067,33.650968],[-117.822013,33.65119],[-117.821821,33.651103]]}},{"type":"Feature","properties":{"kind":"footway","name":""},"geometry":{"type":"LineString","coordinates":[[-117.82258,33.651072],[-117.822743,33.651544]]}},{"type":"Feature","properties":{"kind":"footway","name":""},"geometry":{"type":"LineString","coordinates":[[-117.823212,33.651447],[-117.822411,33.651612]]}},{"type":"Feature","properties":{"kind":"footway","name":""},"geometry":{"type":"LineString","coordinates":[[-117.822411,33.651612],[-117.822341,33.651335],[-117.822139,33.651314]]}},{"type":"Feature","properties":{"kind":"footway","name":""},"geometry":{"type":"LineString","coordinates":[[-117.822411,33.651612],[-117.822159,33.651538],[-117.821512,33.651597]]}},{"type":"Feature","properties":{"kind":"footway","name":""},"geometry":{"type":"LineString","coordinates":[[-117.823314,33.651783],[-117.823258,33.651794]]}},{"type":"Feature","properties":{"kind":"footway","name":""},"geometry":{"type":"LineString","coordinates":[[-117.823222,33.651802],[-117.822694,33.651921]]}},{"type":"Feature","properties":{"kind":"footway","name":""},"geometry":{"type":"LineString","coordinates":[[-117.823314,33.651783],[-117.823392,33.652061]]}},{"type":"Feature","properties":{"kind":"footway","name":""},"geometry":{"type":"LineString","coordinates":[[-117.823742,33.65239],[-117.824085,33.652427]]}},{"type":"Feature","properties":{"kind":"footway","name":""},"geometry":{"type":"LineString","coordinates":[[-117.823868,33.652541],[-117.824085,33.652427]]}},{"type":"Feature","properties":{"kind":"footway","name":""},"geometry":{"type":"LineString","coordinates":[[-117.824702,33.652479],[-117.824085,33.652427]]}},{"type":"Feature","properties":{"kind":"footway","name":""},"geometry":{"type":"LineString","coordinates":[[-117.822684,33.652666],[-117.82237,33.652122]]}},{"type":"Feature","properties":{"kind":"footway","name":""},"geometry":{"type":"LineString","coordinates":[[-117.823217,33.652592],[-117.822999,33.652199]]}},{"type":"Feature","properties":{"kind":"footway","name":""},"geometry":{"type":"LineString","coordinates":[[-117.822879,33.652223],[-117.822694,33.651921],[-117.82261,33.651571]]}},{"type":"Feature","properties":{"kind":"footway","name":""},"geometry":{"type":"LineString","coordinates":[[-117.82273,33.651979],[-117.82237,33.652122]]}},{"type":"Feature","properties":{"kind":"footway","name":""},"geometry":{"type":"LineString","coordinates":[[-117.82237,33.652122],[-117.822166,33.651869]]}},{"type":"Feature","properties":{"kind":"footway","name":""},"geometry":{"type":"LineString","coordinates":[[-117.82237,33.652122],[-117.822096,33.652256],[-117.822204,33.652512],[-117.821315,33.652883]]}},{"type":"Feature","properties":{"kind":"footway","name":""},"geometry":{"type":"LineString","coordinates":[[-117.821586,33.650162],[-117.821883,33.650163]]}},{"type":"Feature","properties":{"kind":"footway","name":""},"geometry":{"type":"LineString","coordinates":[[-117.821586,33.650162],[-117.820905,33.65015],[-117.820331,33.650033],[-117.81979,33.649803],[-117.819293,33.649459],[-117.819264,33.649271],[-117.820056,33.648342],[-117.820024,33.648281],[-117.819691,33.648189]]}},{"type":"Feature","properties":{"kind":"footway","name":""},"geometry":{"type":"LineString","coordinates":[[-117.820234,33.64836],[-117.820043,33.648298]]}},{"type":"Feature","properties":{"kind":"footway","name":""},"geometry":{"type":"LineString","coordinates":[[-117.819798,33.648917],[-117.819904,33.648789]]}},{"type":"Feature","properties":{"kind":"footway","name":""},"geometry":{"type":"LineString","coordinates":[[-117.819904,33.648789],[-117.820234,33.64836]]}},{"type":"Feature","properties":{"kind":"footway","name":""},"geometry":{"type":"LineString","coordinates":[[-117.823185,33.649199],[-117.82238,33.649907],[-117.822094,33.650011]]}},{"type":"Feature","properties":{"kind":"footway","name":""},"geometry":{"type":"LineString","coordinates":[[-117.823278,33.649335],[-117.823185,33.649199]]}},{"type":"Feature","properties":{"kind":"footway","name":""},"geometry":{"type":"LineString","coordinates":[[-117.823185,33.649199],[-117.822861,33.648684]]}},{"type":"Feature","properties":{"kind":"footway","name":""},"geometry":{"type":"LineString","coordinates":[[-117.822861,33.648684],[-117.822784,33.648554]]}},{"type":"Feature","properties":{"kind":"footway","name":""},"geometry":{"type":"LineString","coordinates":[[-117.822784,33.648554],[-117.822574,33.648187],[-117.822393,33.648067],[-117.821746,33.648536],[-117.821304,33.648656],[-117.82093,33.648615],[-117.820234,33.64836]]}},{"type":"Feature","properties":{"kind":"footway","name":""},"geometry":{"type":"LineString","coordinates":[[-117.821848,33.649983],[-117.821464,33.64998],[-117.821405,33.650045]]}},{"type":"Feature","properties":{"kind":"footway","name":""},"geometry":{"type":"LineString","coordinates":[[-117.821405,33.650045],[-117.820595,33.649972],[-117.819997,33.64976],[-117.81966,33.649556],[-117.819449,33.649313],[-117.819798,33.648917]]}},{"type":"Feature","properties":{"kind":"footway","name":""},"geometry":{"type":"LineString","coordinates":[[-117.822096,33.652256],[-117.821887,33.652181],[-117.821803,33.651962]]}},{"type":"Feature","properties":{"kind":"path","name":""},"geometry":{"type":"LineString","coordinates":[[-117.82518,33.654757],[-117.825145,33.654889],[-117.82481,33.654801]]}},{"type":"Feature","properties":{"kind":"footway","name":""},"geometry":{"type":"LineString","coordinates":[[-117.823608,33.651185],[-117.823301,33.65092]]}},{"type":"Feature","properties":{"kind":"footway","name":""},"geometry":{"type":"LineString","coordinates":[[-117.823067,33.650968],[-117.824008,33.650768],[-117.824189,33.650842]]}},{"type":"Feature","properties":{"kind":"footway","name":""},"geometry":{"type":"LineString","coordinates":[[-117.824392,33.651308],[-117.824189,33.650842]]}},{"type":"Feature","properties":{"kind":"footway","name":""},"geometry":{"type":"LineString","coordinates":[[-117.824684,33.652001],[-117.824392,33.651308]]}},{"type":"Feature","properties":{"kind":"footway","name":""},"geometry":{"type":"LineString","coordinates":[[-117.825352,33.651795],[-117.824712,33.65205],[-117.824684,33.652001]]}},{"type":"Feature","properties":{"kind":"footway","name":""},"geometry":{"type":"LineString","coordinates":[[-117.824392,33.651308],[-117.823609,33.651632],[-117.823377,33.651851]]}},{"type":"Feature","properties":{"kind":"footway","name":""},"geometry":{"type":"LineString","coordinates":[[-117.82176,33.650803],[-117.821802,33.650974]]}},{"type":"Feature","properties":{"kind":"footway","name":""},"geometry":{"type":"LineString","coordinates":[[-117.821802,33.650974],[-117.821821,33.651103]]}},{"type":"Feature","properties":{"kind":"footway","name":""},"geometry":{"type":"LineString","coordinates":[[-117.821821,33.651103],[-117.821357,33.651152]]}},{"type":"Feature","properties":{"kind":"footway","name":""},"geometry":{"type":"LineString","coordinates":[[-117.821357,33.651152],[-117.821324,33.651106]]}},{"type":"Feature","properties":{"kind":"footway","name":""},"geometry":{"type":"LineString","coordinates":[[-117.821324,33.651106],[-117.821257,33.651]]}},{"type":"Feature","properties":{"kind":"footway","name":""},"geometry":{"type":"LineString","coordinates":[[-117.821257,33.651],[-117.821164,33.650953],[-117.821169,33.65082]]}},{"type":"Feature","properties":{"kind":"cycleway","name":""},"geometry":{"type":"LineString","coordinates":[[-117.825963,33.648841],[-117.827367,33.648592]]}},{"type":"Feature","properties":{"kind":"cycleway","name":""},"geometry":{"type":"LineString","coordinates":[[-117.826348,33.648788],[-117.826294,33.648501]]}},{"type":"Feature","properties":{"kind":"cycleway","name":""},"geometry":{"type":"LineString","coordinates":[[-117.826904,33.648137],[-117.826936,33.648226],[-117.826863,33.648402],[-117.826421,33.648521],[-117.826085,33.64837],[-117.825984,33.648204],[-117.825978,33.648021]]}},{"type":"Feature","properties":{"kind":"footway","name":""},"geometry":{"type":"LineString","coordinates":[[-117.82688,33.648106],[-117.826845,33.648061]]}},{"type":"Feature","properties":{"kind":"cycleway","name":""},"geometry":{"type":"LineString","coordinates":[[-117.826582,33.648043],[-117.826285,33.648069],[-117.825978,33.648021]]}},{"type":"Feature","properties":{"kind":"cycleway","name":""},"geometry":{"type":"LineString","coordinates":[[-117.827556,33.649181],[-117.827212,33.648109]]}},{"type":"Feature","properties":{"kind":"service","name":""},"geometry":{"type":"LineString","coordinates":[[-117.827588,33.649288],[-117.827556,33.649181]]}},{"type":"Feature","properties":{"kind":"service","name":""},"geometry":{"type":"LineString","coordinates":[[-117.827212,33.648109],[-117.827179,33.647975]]}},{"type":"Feature","properties":{"kind":"cycleway","name":""},"geometry":{"type":"LineString","coordinates":[[-117.827512,33.649043],[-117.827445,33.649064],[-117.82746,33.649223],[-117.826644,33.649398]]}},{"type":"Feature","properties":{"kind":"cycleway","name":""},"geometry":{"type":"LineString","coordinates":[[-117.827216,33.649276],[-117.827146,33.649063]]}},{"type":"Feature","properties":{"kind":"cycleway","name":""},"geometry":{"type":"LineString","coordinates":[[-117.826867,33.64935],[-117.826802,33.649133]]}},{"type":"Feature","properties":{"kind":"cycleway","name":""},"geometry":{"type":"LineString","coordinates":[[-117.826909,33.648152],[-117.827091,33.64805]]}},{"type":"Feature","properties":{"kind":"cycleway","name":""},"geometry":{"type":"LineString","coordinates":[[-117.827591,33.649028],[-117.827648,33.649275]]}},{"type":"Feature","properties":{"kind":"footway","name":""},"geometry":{"type":"LineString","coordinates":[[-117.820309,33.64786],[-117.820509,33.647393],[-117.820576,33.646616],[-117.820482,33.646082],[-117.820183,33.645281]]}},{"type":"Feature","properties":{"kind":"footway","name":""},"geometry":{"type":"LineString","coordinates":[[-117.820115,33.645075],[-117.820028,33.644822],[-117.820092,33.644681],[-117.821021,33.644594],[-117.821073,33.644546],[-117.820969,33.643975],[-117.820191,33.644019],[-117.819991,33.643925],[-117.819996,33.643018],[-117.820133,33.642311],[-117.820256,33.642248],[-117.821082,33.642321],[-117.821171,33.642352],[-117.821211,33.64247],[-117.821111,33.643494],[-117.821189,33.644296],[-117.821434,33.645322],[-117.821314,33.64548],[-117.820592,33.645632],[-117.820502,33.645701]]}},{"type":"Feature","properties":{"kind":"footway","name":""},"geometry":{"type":"LineString","coordinates":[[-117.820183,33.645281],[-117.820115,33.645075]]}},{"type":"Feature","properties":{"kind":"residential","name":""},"geometry":{"type":"LineString","coordinates":[[-117.821687,33.650089],[-117.821779,33.650615]]}},{"type":"Feature","properties":{"kind":"tertiary","name":"Campus Drive"},"geometry":{"type":"LineString","coordinates":[[-117.821887,33.650598],[-117.821779,33.650615]]}},{"type":"Feature","properties":{"kind":"residential","name":"Paseo Montoya"},"geometry":{"type":"LineString","coordinates":[[-117.821887,33.650598],[-117.821814,33.650088]]}},{"type":"Feature","properties":{"kind":"residential","name":"Paseo Montoya"},"geometry":{"type":"LineString","coordinates":[[-117.82191,33.650705],[-117.821887,33.650598]]}},{"type":"Feature","properties":{"kind":"tertiary","name":"Campus Drive"},"geometry":{"type":"LineString","coordinates":[[-117.82191,33.650705],[-117.82342,33.650388]]}},{"type":"Feature","properties":{"kind":"service","name":""},"geometry":{"type":"LineString","coordinates":[[-117.821895,33.651024],[-117.821234,33.651076]]}},{"type":"Feature","properties":{"kind":"residential","name":""},"geometry":{"type":"LineString","coordinates":[[-117.821779,33.650615],[-117.821812,33.650721]]}},{"type":"Feature","properties":{"kind":"tertiary","name":"Campus Drive"},"geometry":{"type":"LineString","coordinates":[[-117.821779,33.650615],[-117.821049,33.650644]]}},{"type":"Feature","properties":{"kind":"pedestrian","name":""},"geometry":{"type":"LineString","coordinates":[[-117.845579,33.645694],[-117.845289,33.645694],[-117.845303,33.64611],[-117.845578,33.646101],[-117.845611,33.645968],[-117.845689,33.645969],[-117.84568,33.645739],[-117.845579,33.645694]]}},{"type":"Feature","properties":{"kind":"pedestrian","name":""},"geometry":{"type":"LineString","coordinates":[[-117.84605,33.646025],[-117.846074,33.645867],[-117.846258,33.645821],[-117.846067,33.645835],[-117.846064,33.645736],[-117.84568,33.645739],[-117.84569,33.646037],[-117.84605,33.646025]]}},{"type":"Feature","properties":{"kind":"pedestrian","name":""},"geometry":{"type":"LineString","coordinates":[[-117.844891,33.645966],[-117.844883,33.645751],[-117.845282,33.645748],[-117.845281,33.645795],[-117.845005,33.645799],[-117.845006,33.645862],[-117.84528,33.645854],[-117.845283,33.645949],[-117.844891,33.645966]]}},{"type":"Feature","properties":{"kind":"pedestrian","name":""},"geometry":{"type":"LineString","coordinates":[[-117.845211,33.646029],[-117.845211,33.64595],[-117.845186,33.64601],[-117.845115,33.646011],[-117.845112,33.645951],[-117.844987,33.645953],[-117.844988,33.646014],[-117.844891,33.645966],[-117.84489,33.646034],[-117.845211,33.646029]]}},{"type":"Feature","properties":{"kind":"pedestrian","name":""},"geometry":{"type":"LineString","coordinates":[[-117.845212,33.645856],[-117.84518,33.645797],[-117.845212,33.645856]]}},{"type":"Feature","properties":{"kind":"pedestrian","name":""},"geometry":{"type":"LineString","coordinates":[[-117.845111,33.645859],[-117.845081,33.645798],[-117.845111,33.645859]]}},{"type":"Feature","properties":{"kind":"pedestrian","name":""},"geometry":{"type":"LineString","coordinates":[[-117.84447,33.643896],[-117.84448,33.643721],[-117.844259,33.643683],[-117.844308,33.643608],[-117.844176,33.643545],[-117.844279,33.643374],[-117.844205,33.643341],[-117.844019,33.643556],[-117.843766,33.643474],[-117.843713,33.643549],[-117.843988,33.643658],[-117.843837,33.64388],[-117.843537,33.643742],[-117.843476,33.643923],[-117.843618,33.644003],[-117.843624,33.644258],[-117.843728,33.644305],[-117.843682,33.644376],[-117.843799,33.644427],[-117.84396,33.64421],[-117.844086,33.644205],[-117.844254,33.644001],[-117.844316,33.644032],[-117.84447,33.643896]]}},{"type":"Feature","properties":{"kind":"pedestrian","name":""},"geometry":{"type":"LineString","coordinates":[[-117.841207,33.644169],[-117.841162,33.644117],[-117.841346,33.64401],[-117.841244,33.643902],[-117.841171,33.643945],[-117.841081,33.643849],[-117.840833,33.643919],[-117.840908,33.644014],[-117.840527,33.644258],[-117.840623,33.644349],[-117.840876,33.644188],[-117.840975,33.644321],[-117.841207,33.644169]]}},{"type":"Feature","properties":{"kind":"footway","name":""},"geometry":{"type":"LineString","coordinates":[[-117.841103,33.643873],[-117.841185,33.643644],[-117.841438,33.643425]]}},{"type":"Feature","properties":{"kind":"footway","name":""},"geometry":{"type":"LineString","coordinates":[[-117.84137,33.643378],[-117.841263,33.643511],[-117.841155,33.64353]]}},{"type":"Feature","properties":{"kind":"footway","name":""},"geometry":{"type":"LineString","coordinates":[[-117.841155,33.64353],[-117.840968,33.643361]]}},{"type":"Feature","properties":{"kind":"pedestrian","name":""},"geometry":{"type":"LineString","coordinates":[[-117.840432,33.643508],[-117.840555,33.643431],[-117.840242,33.643149],[-117.840086,33.643252],[-117.840166,33.643334],[-117.840227,33.643301],[-117.840432,33.643508]]}},{"type":"Feature","properties":{"kind":"footway","name":""},"geometry":{"type":"LineString","coordinates":[[-117.840586,33.643438],[-117.840533,33.643413]]}},{"type":"Feature","properties":{"kind":"pedestrian","name":""},"geometry":{"type":"LineString","coordinates":[[-117.840586,33.643438],[-117.840176,33.643747],[-117.840126,33.643694],[-117.839933,33.643812],[-117.84003,33.643923],[-117.840419,33.643669],[-117.840583,33.6438],[-117.840492,33.643624],[-117.840601,33.643698],[-117.840586,33.643438]]}},{"type":"Feature","properties":{"kind":"pedestrian","name":""},"geometry":{"type":"LineString","coordinates":[[-117.840586,33.643438],[-117.840634,33.643407],[-117.840705,33.643478],[-117.840975,33.643313],[-117.840962,33.643406],[-117.840688,33.643576],[-117.840756,33.643722],[-117.840585,33.643802],[-117.840586,33.643438]]}},{"type":"Feature","properties":{"kind":"footway","name":""},"geometry":{"type":"LineString","coordinates":[[-117.840852,33.643881],[-117.840809,33.64383]]}},{"type":"Feature","properties":{"kind":"footway","name":""},"geometry":{"type":"LineString","coordinates":[[-117.840791,33.643812],[-117.840738,33.643757]]}},{"type":"Feature","properties":{"kind":"pedestrian","name":""},"geometry":{"type":"LineString","coordinates":[[-117.839586,33.649577],[-117.83958,33.649518],[-117.839671,33.649481],[-117.839441,33.649439],[-117.839325,33.649347],[-117.8393,33.649397],[-117.839435,33.649577],[-117.839286,33.649725],[-117.839311,33.649826],[-117.839094,33.649888],[-117.839397,33.649896],[-117.839525,33.649577],[-117.839586,33.649577]]}},{"type":"Feature","properties":{"kind":"pedestrian","name":""},"geometry":{"type":"LineString","coordinates":[[-117.838994,33.650579],[-117.838998,33.650501],[-117.838893,33.650438],[-117.838803,33.650505],[-117.838188,33.65041],[-117.83813,33.650467],[-117.837946,33.650451],[-117.837888,33.650677],[-117.838102,33.65053],[-117.838305,33.650505],[-117.838424,33.650575],[-117.838493,33.650747],[-117.83865,33.650833],[-117.838842,33.65062],[-117.838887,33.650647],[-117.838994,33.650579]]}},{"type":"Feature","properties":{"kind":"footway","name":""},"geometry":{"type":"LineString","coordinates":[[-117.837947,33.650369],[-117.837859,33.650281]]}},{"type":"Feature","properties":{"kind":"footway","name":""},"geometry":{"type":"LineString","coordinates":[[-117.837947,33.650369],[-117.837986,33.650274]]}},{"type":"Feature","properties":{"kind":"pedestrian","name":""},"geometry":{"type":"LineString","coordinates":[[-117.840699,33.648914],[-117.840747,33.648862],[-117.840658,33.648858],[-117.84065,33.6488],[-117.840486,33.648814],[-117.840496,33.648877],[-117.840385,33.648919],[-117.84038,33.648853],[-117.840345,33.648883],[-117.840363,33.648955],[-117.840699,33.648914]]}},{"type":"Feature","properties":{"kind":"pedestrian","name":""},"geometry":{"type":"LineString","coordinates":[[-117.840645,33.648789],[-117.840688,33.648737],[-117.840568,33.648595],[-117.840345,33.648883],[-117.840445,33.64878],[-117.840645,33.648789]]}},{"type":"Feature","properties":{"kind":"pedestrian","name":""},"geometry":{"type":"LineString","coordinates":[[-117.840978,33.648165],[-117.840649,33.647964],[-117.840753,33.647845],[-117.841081,33.648051],[-117.840978,33.648165]]}},{"type":"Feature","properties":{"kind":"pedestrian","name":""},"geometry":{"type":"LineString","coordinates":[[-117.841732,33.647273],[-117.841902,33.647103],[-117.841639,33.646934],[-117.84149,33.647129],[-117.841732,33.647273]]}},{"type":"Feature","properties":{"kind":"pedestrian","name":""},"geometry":{"type":"LineString","coordinates":[[-117.84209,33.648121],[-117.841351,33.647854],[-117.841263,33.647957],[-117.841992,33.648223],[-117.84209,33.648121]]}},{"type":"Feature","properties":{"kind":"pedestrian","name":""},"geometry":{"type":"LineString","coordinates":[[-117.84173,33.644588],[-117.84142,33.644251],[-117.841069,33.644483],[-117.841151,33.644569],[-117.841244,33.644511],[-117.841468,33.644761],[-117.84173,33.644588]]}},{"type":"Feature","properties":{"kind":"footway","name":""},"geometry":{"type":"LineString","coordinates":[[-117.841715,33.644571],[-117.842158,33.644287],[-117.841879,33.643983]]}},{"type":"Feature","properties":{"kind":"footway","name":""},"geometry":{"type":"LineString","coordinates":[[-117.841879,33.643983],[-117.841845,33.643929]]}},{"type":"Feature","properties":{"kind":"footway","name":""},"geometry":{"type":"LineString","coordinates":[[-117.841826,33.643862],[-117.841792,33.643764]]}},{"type":"Feature","properties":{"kind":"footway","name":""},"geometry":{"type":"LineString","coordinates":[[-117.841879,33.643983],[-117.841437,33.644269]]}},{"type":"Feature","properties":{"kind":"footway","name":""},"geometry":{"type":"LineString","coordinates":[[-117.841298,33.644381],[-117.841437,33.644269]]}},{"type":"Feature","properties":{"kind":"pedestrian","name":""},"geometry":{"type":"LineString","coordinates":[[-117.84369,33.648168],[-117.843453,33.648231],[-117.843407,33.648069],[-117.843448,33.648103],[-117.843631,33.648053],[-117.84369,33.648168]]}},{"type":"Feature","properties":{"kind":"cycleway","name":""},"geometry":{"type":"LineString","coordinates":[[-117.831268,33.647129],[-117.831207,33.647247],[-117.830751,33.647592]]}},{"type":"Feature","properties":{"kind":"footway","name":""},"geometry":{"type":"LineString","coordinates":[[-117.83219,33.64908],[-117.831926,33.649829]]}},{"type":"Feature","properties":{"kind":"footway","name":""},"geometry":{"type":"LineString","coordinates":[[-117.831813,33.649961],[-117.832319,33.649375],[-117.832127,33.649259]]}},{"type":"Feature","properties":{"kind":"footway","name":""},"geometry":{"type":"LineString","coordinates":[[-117.831813,33.649961],[-117.831017,33.649767]]}},{"type":"Feature","properties":{"kind":"footway","name":""},"geometry":{"type":"LineString","coordinates":[[-117.831238,33.649821],[-117.831249,33.649745]]}},{"type":"Feature","properties":{"kind":"footway","name":""},"geometry":{"type":"LineString","coordinates":[[-117.831249,33.649745],[-117.831252,33.649725]]}},{"type":"Feature","properties":{"kind":"footway","name":""},"geometry":{"type":"LineString","coordinates":[[-117.831252,33.649725],[-117.831304,33.649585]]}},{"type":"Feature","properties":{"kind":"footway","name":""},"geometry":{"type":"LineString","coordinates":[[-117.831566,33.649901],[-117.831591,33.64983]]}},{"type":"Feature","properties":{"kind":"footway","name":""},"geometry":{"type":"LineString","coordinates":[[-117.832206,33.649503],[-117.832057,33.649463]]}},{"type":"Feature","properties":{"kind":"footway","name":""},"geometry":{"type":"LineString","coordinates":[[-117.832119,33.649605],[-117.832016,33.649576]]}},{"type":"Feature","properties":{"kind":"footway","name":""},"geometry":{"type":"LineString","coordinates":[[-117.831984,33.649667],[-117.832051,33.649684]]}},{"type":"Feature","properties":{"kind":"footway","name":""},"geometry":{"type":"LineString","coordinates":[[-117.832353,33.649697],[-117.832219,33.649837]]}},{"type":"Feature","properties":{"kind":"footway","name":""},"geometry":{"type":"LineString","coordinates":[[-117.832262,33.649792],[-117.832051,33.649684]]}},{"type":"Feature","properties":{"kind":"footway","name":""},"geometry":{"type":"LineString","coordinates":[[-117.830715,33.650353],[-117.830463,33.649599]]}},{"type":"Feature","properties":{"kind":"footway","name":""},"geometry":{"type":"LineString","coordinates":[[-117.830876,33.650851],[-117.830745,33.650483]]}},{"type":"Feature","properties":{"kind":"footway","name":""},"geometry":{"type":"LineString","coordinates":[[-117.830745,33.650483],[-117.830715,33.650353]]}},{"type":"Feature","properties":{"kind":"footway","name":""},"geometry":{"type":"LineString","coordinates":[[-117.830463,33.649599],[-117.830432,33.649456]]}},{"type":"Feature","properties":{"kind":"footway","name":""},"geometry":{"type":"LineString","coordinates":[[-117.83002,33.649043],[-117.830518,33.650659]]}},{"type":"Feature","properties":{"kind":"footway","name":""},"geometry":{"type":"LineString","coordinates":[[-117.831034,33.651643],[-117.830574,33.650826]]}},{"type":"Feature","properties":{"kind":"footway","name":""},"geometry":{"type":"LineString","coordinates":[[-117.830574,33.650826],[-117.830518,33.650659]]}},{"type":"Feature","properties":{"kind":"footway","name":""},"geometry":{"type":"LineString","coordinates":[[-117.832407,33.64901],[-117.83219,33.64908]]}},{"type":"Feature","properties":{"kind":"footway","name":""},"geometry":{"type":"LineString","coordinates":[[-117.832353,33.649697],[-117.832559,33.649481],[-117.832632,33.649518]]}},{"type":"Feature","properties":{"kind":"footway","name":""},"geometry":{"type":"LineString","coordinates":[[-117.831034,33.651643],[-117.830158,33.652138]]}},{"type":"Feature","properties":{"kind":"footway","name":""},"geometry":{"type":"LineString","coordinates":[[-117.830158,33.652138],[-117.829975,33.652255]]}},{"type":"Feature","properties":{"kind":"footway","name":""},"geometry":{"type":"LineString","coordinates":[[-117.829975,33.652255],[-117.828781,33.652843],[-117.827482,33.653267],[-117.826862,33.65353]]}},{"type":"Feature","properties":{"kind":"footway","name":""},"geometry":{"type":"LineString","coordinates":[[-117.830876,33.650851],[-117.830922,33.650959]]}},{"type":"Feature","properties":{"kind":"footway","name":""},"geometry":{"type":"LineString","coordinates":[[-117.831276,33.651525],[-117.830922,33.650959]]}},{"type":"Feature","properties":{"kind":"footway","name":""},"geometry":{"type":"LineString","coordinates":[[-117.831777,33.647873],[-117.832198,33.647781]]}},{"type":"Feature","properties":{"kind":"footway","name":""},"geometry":{"type":"LineString","coordinates":[[-117.831842,33.648077],[-117.831455,33.648159]]}},{"type":"Feature","properties":{"kind":"footway","name":""},"geometry":{"type":"LineString","coordinates":[[-117.831553,33.648139],[-117.831495,33.647938]]}},{"type":"Feature","properties":{"kind":"footway","name":""},"geometry":{"type":"LineString","coordinates":[[-117.831777,33.647873],[-117.83109,33.647994]]}},{"type":"Feature","properties":{"kind":"footway","name":""},"geometry":{"type":"LineString","coordinates":[[-117.832198,33.647781],[-117.832303,33.647759]]}},{"type":"Feature","properties":{"kind":"footway","name":""},"geometry":{"type":"LineString","coordinates":[[-117.832303,33.647759],[-117.833681,33.647406]]}},{"type":"Feature","properties":{"kind":"footway","name":""},"geometry":{"type":"LineString","coordinates":[[-117.833681,33.647406],[-117.833764,33.647367]]}},{"type":"Feature","properties":{"kind":"footway","name":""},"geometry":{"type":"LineString","coordinates":[[-117.833764,33.647367],[-117.833899,33.647286]]}},{"type":"Feature","properties":{"kind":"footway","name":""},"geometry":{"type":"LineString","coordinates":[[-117.833899,33.647286],[-117.833973,33.647238]]}},{"type":"Feature","properties":{"kind":"footway","name":""},"geometry":{"type":"LineString","coordinates":[[-117.833973,33.647238],[-117.834362,33.646807]]}},{"type":"Feature","properties":{"kind":"footway","name":""},"geometry":{"type":"LineString","coordinates":[[-117.834362,33.646807],[-117.834407,33.646736]]}},{"type":"Feature","properties":{"kind":"footway","name":""},"geometry":{"type":"LineString","coordinates":[[-117.834407,33.646736],[-117.834572,33.646185]]}},{"type":"Feature","properties":{"kind":"cycleway","name":""},"geometry":{"type":"LineString","coordinates":[[-117.833249,33.646904],[-117.833037,33.646607],[-117.833046,33.646421]]}},{"type":"Feature","properties":{"kind":"cycleway","name":""},"geometry":{"type":"LineString","coordinates":[[-117.833443,33.647234],[-117.833342,33.647126],[-117.833248,33.647117],[-117.833249,33.646904]]}},{"type":"Feature","properties":{"kind":"cycleway","name":""},"geometry":{"type":"LineString","coordinates":[[-117.833248,33.647117],[-117.833052,33.647126],[-117.833045,33.647179],[-117.832658,33.647176],[-117.832342,33.647393]]}},{"type":"Feature","properties":{"kind":"cycleway","name":""},"geometry":{"type":"LineString","coordinates":[[-117.833158,33.646842],[-117.832861,33.646843],[-117.832836,33.647028],[-117.83278,33.647047],[-117.832583,33.646994]]}},{"type":"Feature","properties":{"kind":"cycleway","name":""},"geometry":{"type":"LineString","coordinates":[[-117.832583,33.646994],[-117.83257,33.646757]]}},{"type":"Feature","properties":{"kind":"cycleway","name":""},"geometry":{"type":"LineString","coordinates":[[-117.832594,33.647002],[-117.832143,33.647011]]}},{"type":"Feature","properties":{"kind":"cycleway","name":""},"geometry":{"type":"LineString","coordinates":[[-117.833668,33.646658],[-117.833546,33.646713],[-117.833141,33.646697]]}},{"type":"Feature","properties":{"kind":"footway","name":""},"geometry":{"type":"LineString","coordinates":[[-117.832465,33.645137],[-117.831968,33.645138]]}},{"type":"Feature","properties":{"kind":"cycleway","name":""},"geometry":{"type":"LineString","coordinates":[[-117.832472,33.644961],[-117.832372,33.644849],[-117.83194,33.644856]]}},{"type":"Feature","properties":{"kind":"cycleway","name":""},"geometry":{"type":"LineString","coordinates":[[-117.832914,33.644766],[-117.832883,33.644553]]}},{"type":"Feature","properties":{"kind":"cycleway","name":""},"geometry":{"type":"LineString","coordinates":[[-117.831268,33.647129],[-117.83102,33.647075],[-117.830798,33.647179]]}},{"type":"Feature","properties":{"kind":"cycleway","name":""},"geometry":{"type":"LineString","coordinates":[[-117.830798,33.647179],[-117.830612,33.647154],[-117.830556,33.647206]]}},{"type":"Feature","properties":{"kind":"footway","name":""},"geometry":{"type":"LineString","coordinates":[[-117.830817,33.647175],[-117.830635,33.647361]]}},{"type":"Feature","properties":{"kind":"cycleway","name":""},"geometry":{"type":"LineString","coordinates":[[-117.8313,33.647541],[-117.831207,33.647247]]}},{"type":"Feature","properties":{"kind":"cycleway","name":""},"geometry":{"type":"LineString","coordinates":[[-117.8313,33.647541],[-117.830751,33.647592]]}},{"type":"Feature","properties":{"kind":"footway","name":""},"geometry":{"type":"LineString","coordinates":[[-117.834998,33.645258],[-117.834659,33.645245]]}},{"type":"Feature","properties":{"kind":"footway","name":""},"geometry":{"type":"LineString","coordinates":[[-117.834588,33.645116],[-117.834644,33.64512],[-117.834659,33.645245]]}},{"type":"Feature","properties":{"kind":"footway","name":""},"geometry":{"type":"LineString","coordinates":[[-117.837734,33.647171],[-117.837773,33.64708]]}},{"type":"Feature","properties":{"kind":"pedestrian","name":""},"geometry":{"type":"LineString","coordinates":[[-117.841629,33.647318],[-117.841356,33.647697],[-117.841108,33.647548],[-117.841428,33.647202],[-117.841629,33.647318]]}},{"type":"Feature","properties":{"kind":"footway","name":""},"geometry":{"type":"LineString","coordinates":[[-117.841596,33.647838],[-117.841356,33.647697]]}},{"type":"Feature","properties":{"kind":"footway","name":""},"geometry":{"type":"LineString","coordinates":[[-117.833157,33.645676],[-117.833192,33.645551],[-117.833353,33.645507],[-117.833616,33.645754],[-117.834234,33.645668]]}},{"type":"Feature","properties":{"kind":"footway","name":""},"geometry":{"type":"LineString","coordinates":[[-117.834349,33.645974],[-117.834334,33.645725],[-117.834234,33.645668]]}},{"type":"Feature","properties":{"kind":"footway","name":""},"geometry":{"type":"LineString","coordinates":[[-117.828434,33.648622],[-117.8281,33.647913]]}},{"type":"Feature","properties":{"kind":"service","name":""},"geometry":{"type":"LineString","coordinates":[[-117.829415,33.648878],[-117.829409,33.648835]]}},{"type":"Feature","properties":{"kind":"service","name":""},"geometry":{"type":"LineString","coordinates":[[-117.829417,33.648889],[-117.829415,33.648878]]}},{"type":"Feature","properties":{"kind":"service","name":""},"geometry":{"type":"LineString","coordinates":[[-117.828606,33.648989],[-117.828629,33.649045]]}},{"type":"Feature","properties":{"kind":"service","name":""},"geometry":{"type":"LineString","coordinates":[[-117.828635,33.649062],[-117.828629,33.649045]]}},{"type":"Feature","properties":{"kind":"cycleway","name":""},"geometry":{"type":"LineString","coordinates":[[-117.844094,33.645329],[-117.84419,33.644948]]}},{"type":"Feature","properties":{"kind":"footway","name":""},"geometry":{"type":"LineString","coordinates":[[-117.839127,33.649859],[-117.838885,33.649799]]}},{"type":"Feature","properties":{"kind":"footway","name":""},"geometry":{"type":"LineString","coordinates":[[-117.839078,33.65003],[-117.83903,33.650015]]}},{"type":"Feature","properties":{"kind":"footway","name":""},"geometry":{"type":"LineString","coordinates":[[-117.838311,33.649847],[-117.838533,33.649648]]}},{"type":"Feature","properties":{"kind":"footway","name":""},"geometry":{"type":"LineString","coordinates":[[-117.838205,33.650145],[-117.838089,33.650114]]}},{"type":"Feature","properties":{"kind":"footway","name":""},"geometry":{"type":"LineString","coordinates":[[-117.839515,33.650615],[-117.839434,33.650396],[-117.839374,33.650393],[-117.839346,33.650171]]}},{"type":"Feature","properties":{"kind":"footway","name":""},"geometry":{"type":"LineString","coordinates":[[-117.823146,33.651228],[-117.823328,33.651116]]}},{"type":"Feature","properties":{"kind":"footway","name":""},"geometry":{"type":"LineString","coordinates":[[-117.823454,33.651475],[-117.8233,33.651269],[-117.823415,33.651017]]}},{"type":"Feature","properties":{"kind":"footway","name":""},"geometry":{"type":"LineString","coordinates":[[-117.823212,33.651447],[-117.823369,33.651408]]}},{"type":"Feature","properties":{"kind":"footway","name":""},"geometry":{"type":"LineString","coordinates":[[-117.823454,33.651475],[-117.823579,33.651538],[-117.823838,33.651512],[-117.82397,33.651419],[-117.824033,33.651271]]}},{"type":"Feature","properties":{"kind":"footway","name":""},"geometry":{"type":"LineString","coordinates":[[-117.824101,33.651428],[-117.824053,33.651403]]}},{"type":"Feature","properties":{"kind":"footway","name":""},"geometry":{"type":"LineString","coordinates":[[-117.824233,33.651373],[-117.824021,33.651317]]}},{"type":"Feature","properties":{"kind":"pedestrian","name":""},"geometry":{"type":"LineString","coordinates":[[-117.823583,33.652032],[-117.823455,33.651814],[-117.823583,33.651752],[-117.823534,33.65168],[-117.823267,33.651738],[-117.82324,33.651864],[-117.823346,33.652141],[-117.823426,33.652059],[-117.823583,33.652032]]}},{"type":"Feature","properties":{"kind":"pedestrian","name":""},"geometry":{"type":"LineString","coordinates":[[-117.823583,33.651752],[-117.823654,33.651727],[-117.823833,33.652025],[-117.823573,33.652127],[-117.823541,33.652035],[-117.823719,33.65197],[-117.823583,33.651752]]}},{"type":"Feature","properties":{"kind":"pedestrian","name":""},"geometry":{"type":"LineString","coordinates":[[-117.823583,33.651752],[-117.823654,33.651727],[-117.823615,33.651668],[-117.82367,33.651588],[-117.823537,33.651641],[-117.823583,33.651752]]}},{"type":"Feature","properties":{"kind":"pedestrian","name":""},"geometry":{"type":"LineString","coordinates":[[-117.822771,33.651873],[-117.822714,33.651883],[-117.822671,33.651765],[-117.822516,33.651769],[-117.822501,33.651965],[-117.822275,33.651952],[-117.822305,33.65217],[-117.822792,33.651986],[-117.822771,33.651873]]}},{"type":"Feature","properties":{"kind":"pedestrian","name":""},"geometry":{"type":"LineString","coordinates":[[-117.822256,33.652079],[-117.822181,33.651957],[-117.822068,33.651914],[-117.822163,33.651633],[-117.822318,33.651663],[-117.822381,33.651557],[-117.822621,33.651558],[-117.822622,33.651657],[-117.822362,33.651644],[-117.822353,33.651759],[-117.822515,33.651781],[-117.822279,33.651769],[-117.822256,33.652079]]}},{"type":"Feature","properties":{"kind":"pedestrian","name":""},"geometry":{"type":"LineString","coordinates":[[-117.822059,33.652276],[-117.821986,33.652125],[-117.822225,33.65203],[-117.822201,33.651994],[-117.822048,33.652063],[-117.821841,33.652006],[-117.821764,33.652063],[-117.821749,33.652387],[-117.822059,33.652276]]}},{"type":"Feature","properties":{"kind":"pedestrian","name":""},"geometry":{"type":"LineString","coordinates":[[-117.822237,33.652419],[-117.822008,33.652302],[-117.822429,33.652121],[-117.822157,33.652272],[-117.822237,33.652419]]}},{"type":"Feature","properties":{"kind":"footway","name":""},"geometry":{"type":"LineString","coordinates":[[-117.822245,33.651324],[-117.822339,33.651124]]}},{"type":"Feature","properties":{"kind":"pedestrian","name":""},"geometry":{"type":"LineString","coordinates":[[-117.823328,33.651723],[-117.823107,33.651008],[-117.82305,33.651021],[-117.823267,33.651738],[-117.823328,33.651723]]}},{"type":"Feature","properties":{"kind":"footway","name":""},"geometry":{"type":"LineString","coordinates":[[-117.823285,33.651688],[-117.823155,33.651717],[-117.82318,33.651811]]}},{"type":"Feature","properties":{"kind":"footway","name":""},"geometry":{"type":"LineString","coordinates":[[-117.822893,33.651005],[-117.82317,33.651889]]}},{"type":"Feature","properties":{"kind":"footway","name":""},"geometry":{"type":"LineString","coordinates":[[-117.82317,33.651889],[-117.823257,33.651991],[-117.823249,33.652095]]}},{"type":"Feature","properties":{"kind":"footway","name":""},"geometry":{"type":"LineString","coordinates":[[-117.823365,33.651965],[-117.823318,33.65197]]}},{"type":"Feature","properties":{"kind":"footway","name":""},"geometry":{"type":"LineString","coordinates":[[-117.823392,33.652061],[-117.823353,33.652129]]}},{"type":"Feature","properties":{"kind":"footway","name":""},"geometry":{"type":"LineString","coordinates":[[-117.823353,33.652129],[-117.823375,33.652223],[-117.823303,33.652139]]}},{"type":"Feature","properties":{"kind":"footway","name":""},"geometry":{"type":"LineString","coordinates":[[-117.823313,33.652137],[-117.822879,33.652223]]}},{"type":"Feature","properties":{"kind":"pedestrian","name":""},"geometry":{"type":"LineString","coordinates":[[-117.823266,33.651119],[-117.82323,33.651019],[-117.823167,33.651032],[-117.823194,33.651133],[-117.823266,33.651119]]}},{"type":"Feature","properties":{"kind":"footway","name":""},"geometry":{"type":"LineString","coordinates":[[-117.823242,33.65117],[-117.823232,33.651125]]}},{"type":"Feature","properties":{"kind":"footway","name":""},"geometry":{"type":"LineString","coordinates":[[-117.823379,33.651054],[-117.823191,33.650942]]}},{"type":"Feature","properties":{"kind":"footway","name":""},"geometry":{"type":"LineString","coordinates":[[-117.824191,33.650847],[-117.824057,33.650948],[-117.823817,33.650808]]}},{"type":"Feature","properties":{"kind":"footway","name":""},"geometry":{"type":"LineString","coordinates":[[-117.823232,33.651125],[-117.823202,33.651025]]}},{"type":"Feature","properties":{"kind":"footway","name":""},"geometry":{"type":"LineString","coordinates":[[-117.844576,33.642981],[-117.844245,33.643234]]}},{"type":"Feature","properties":{"kind":"pedestrian","name":""},"geometry":{"type":"LineString","coordinates":[[-117.844765,33.642919],[-117.844707,33.642895],[-117.844245,33.643579],[-117.844308,33.643608],[-117.844765,33.642919]]}},{"type":"Feature","properties":{"kind":"pedestrian","name":""},"geometry":{"type":"LineString","coordinates":[[-117.844986,33.642588],[-117.844929,33.642559],[-117.844707,33.642895],[-117.844765,33.642919],[-117.844986,33.642588]]}},{"type":"Feature","properties":{"kind":"pedestrian","name":""},"geometry":{"type":"LineString","coordinates":[[-117.843776,33.643445],[-117.843818,33.643381],[-117.843717,33.643366],[-117.843604,33.643582],[-117.843659,33.643596],[-117.843776,33.643445]]}},{"type":"Feature","properties":{"kind":"cycleway","name":""},"geometry":{"type":"LineString","coordinates":[[-117.832816,33.646288],[-117.832646,33.646416],[-117.832354,33.646425]]}},{"type":"Feature","properties":{"kind":"cycleway","name":""},"geometry":{"type":"LineString","coordinates":[[-117.832354,33.646425],[-117.832265,33.646368],[-117.832026,33.646372],[-117.832009,33.646482],[-117.831675,33.646491]]}},{"type":"Feature","properties":{"kind":"footway","name":""},"geometry":{"type":"LineString","coordinates":[[-117.831675,33.646491],[-117.831554,33.646488]]}},{"type":"Feature","properties":{"kind":"cycleway","name":""},"geometry":{"type":"LineString","coordinates":[[-117.832354,33.646425],[-117.832296,33.646518],[-117.832059,33.646525],[-117.832009,33.646482]]}},{"type":"Feature","properties":{"kind":"footway","name":""},"geometry":{"type":"LineString","coordinates":[[-117.832036,33.646515],[-117.831999,33.646804],[-117.831671,33.646825]]}},{"type":"Feature","properties":{"kind":"footway","name":""},"geometry":{"type":"LineString","coordinates":[[-117.832756,33.64612],[-117.83177,33.646063]]}},{"type":"Feature","properties":{"kind":"footway","name":""},"geometry":{"type":"LineString","coordinates":[[-117.835134,33.647708],[-117.83506,33.646155]]}},{"type":"Feature","properties":{"kind":"footway","name":""},"geometry":{"type":"LineString","coordinates":[[-117.835148,33.647574],[-117.835027,33.647561]]}},{"type":"Feature","properties":{"kind":"footway","name":""},"geometry":{"type":"LineString","coordinates":[[-117.834424,33.646708],[-117.834823,33.646467],[-117.835014,33.646226]]}},{"type":"Feature","properties":{"kind":"footway","name":""},"geometry":{"type":"LineString","coordinates":[[-117.835088,33.646192],[-117.835014,33.646226]]}},{"type":"Feature","properties":{"kind":"footway","name":""},"geometry":{"type":"LineString","coordinates":[[-117.834996,33.646245],[-117.834997,33.646181]]}},{"type":"Feature","properties":{"kind":"footway","name":""},"geometry":{"type":"LineString","coordinates":[[-117.834985,33.646671],[-117.834653,33.646673],[-117.834637,33.646568]]}},{"type":"Feature","properties":{"kind":"footway","name":""},"geometry":{"type":"LineString","coordinates":[[-117.835115,33.645498],[-117.835083,33.64547]]}},{"type":"Feature","properties":{"kind":"footway","name":""},"geometry":{"type":"LineString","coordinates":[[-117.835026,33.64541],[-117.835037,33.64537]]}},{"type":"Feature","properties":{"kind":"footway","name":""},"geometry":{"type":"LineString","coordinates":[[-117.834597,33.644755],[-117.834655,33.644839],[-117.83466,33.644638]]}},{"type":"Feature","properties":{"kind":"footway","name":""},"geometry":{"type":"LineString","coordinates":[[-117.83466,33.644638],[-117.835086,33.64462],[-117.835101,33.644567]]}},{"type":"Feature","properties":{"kind":"footway","name":""},"geometry":{"type":"LineString","coordinates":[[-117.823959,33.645513],[-117.823632,33.645588]]}},{"type":"Feature","properties":{"kind":"footway","name":""},"geometry":{"type":"LineString","coordinates":[[-117.82546,33.648181],[-117.825521,33.647946],[-117.825654,33.647785]]}},{"type":"Feature","properties":{"kind":"footway","name":""},"geometry":{"type":"LineString","coordinates":[[-117.825789,33.649139],[-117.825613,33.648567]]}},{"type":"Feature","properties":{"kind":"footway","name":""},"geometry":{"type":"LineString","coordinates":[[-117.82561,33.648675],[-117.825372,33.648729]]}},{"type":"Feature","properties":{"kind":"footway","name":""},"geometry":{"type":"LineString","coordinates":[[-117.825372,33.648729],[-117.825286,33.648448]]}},{"type":"Feature","properties":{"kind":"footway","name":""},"geometry":{"type":"LineString","coordinates":[[-117.825372,33.648729],[-117.825376,33.648907],[-117.82524,33.649053]]}},{"type":"Feature","properties":{"kind":"footway","name":""},"geometry":{"type":"LineString","coordinates":[[-117.824485,33.647173],[-117.82423,33.647287]]}},{"type":"Feature","properties":{"kind":"footway","name":""},"geometry":{"type":"LineString","coordinates":[[-117.82423,33.647287],[-117.824012,33.647018]]}},{"type":"Feature","properties":{"kind":"footway","name":""},"geometry":{"type":"LineString","coordinates":[[-117.824403,33.64755],[-117.82423,33.647287]]}},{"type":"Feature","properties":{"kind":"footway","name":""},"geometry":{"type":"LineString","coordinates":[[-117.823857,33.646119],[-117.823611,33.646217]]}},{"type":"Feature","properties":{"kind":"footway","name":""},"geometry":{"type":"LineString","coordinates":[[-117.834293,33.648817],[-117.834172,33.648414]]}},{"type":"Feature","properties":{"kind":"footway","name":""},"geometry":{"type":"LineString","coordinates":[[-117.83454,33.6487],[-117.834552,33.648801],[-117.834293,33.648817]]}},{"type":"Feature","properties":{"kind":"footway","name":""},"geometry":{"type":"LineString","coordinates":[[-117.833821,33.648967],[-117.83378,33.648827],[-117.834046,33.648781],[-117.834157,33.648846],[-117.834293,33.648817]]}},{"type":"Feature","properties":{"kind":"footway","name":""},"geometry":{"type":"LineString","coordinates":[[-117.832973,33.648937],[-117.832796,33.648977],[-117.832681,33.648692],[-117.834172,33.648414]]}},{"type":"Feature","properties":{"kind":"footway","name":""},"geometry":{"type":"LineString","coordinates":[[-117.832661,33.649089],[-117.832811,33.648973]]}},{"type":"Feature","properties":{"kind":"footway","name":""},"geometry":{"type":"LineString","coordinates":[[-117.833784,33.648826],[-117.833765,33.64878],[-117.83362,33.648805],[-117.83347,33.64873],[-117.833224,33.648783]]}},{"type":"Feature","properties":{"kind":"footway","name":""},"geometry":{"type":"LineString","coordinates":[[-117.833234,33.648831],[-117.833224,33.648783]]}},{"type":"Feature","properties":{"kind":"footway","name":""},"geometry":{"type":"LineString","coordinates":[[-117.83454,33.6487],[-117.834779,33.64865]]}},{"type":"Feature","properties":{"kind":"footway","name":""},"geometry":{"type":"LineString","coordinates":[[-117.834268,33.648734],[-117.834432,33.648697],[-117.834342,33.648384],[-117.834172,33.648414]]}},{"type":"Feature","properties":{"kind":"footway","name":""},"geometry":{"type":"LineString","coordinates":[[-117.834383,33.649183],[-117.834287,33.649489]]}},{"type":"Feature","properties":{"kind":"footway","name":""},"geometry":{"type":"LineString","coordinates":[[-117.83397,33.649437],[-117.83432,33.64943],[-117.834849,33.649677],[-117.834877,33.64974],[-117.835168,33.649757]]}},{"type":"Feature","properties":{"kind":"footway","name":""},"geometry":{"type":"LineString","coordinates":[[-117.835232,33.649645],[-117.835168,33.649757]]}},{"type":"Feature","properties":{"kind":"footway","name":""},"geometry":{"type":"LineString","coordinates":[[-117.834552,33.649564],[-117.834724,33.649333]]}},{"type":"Feature","properties":{"kind":"footway","name":""},"geometry":{"type":"LineString","coordinates":[[-117.834931,33.649744],[-117.835004,33.649452]]}},{"type":"Feature","properties":{"kind":"footway","name":""},"geometry":{"type":"LineString","coordinates":[[-117.833472,33.649388],[-117.833757,33.649387],[-117.833731,33.649109]]}},{"type":"Feature","properties":{"kind":"footway","name":""},"geometry":{"type":"LineString","coordinates":[[-117.834867,33.650215],[-117.83493,33.65021],[-117.834979,33.649935],[-117.835251,33.649988]]}},{"type":"Feature","properties":{"kind":"footway","name":""},"geometry":{"type":"LineString","coordinates":[[-117.835276,33.649991],[-117.835266,33.64999]]}},{"type":"Feature","properties":{"kind":"footway","name":""},"geometry":{"type":"LineString","coordinates":[[-117.835305,33.649728],[-117.835288,33.649725]]}},{"type":"Feature","properties":{"kind":"footway","name":""},"geometry":{"type":"LineString","coordinates":[[-117.835257,33.649726],[-117.835221,33.649708]]}},{"type":"Feature","properties":{"kind":"footway","name":""},"geometry":{"type":"LineString","coordinates":[[-117.834804,33.649197],[-117.835056,33.649115],[-117.834926,33.647991]]}},{"type":"Feature","properties":{"kind":"footway","name":""},"geometry":{"type":"LineString","coordinates":[[-117.834943,33.648232],[-117.834342,33.648384]]}},{"type":"Feature","properties":{"kind":"footway","name":""},"geometry":{"type":"LineString","coordinates":[[-117.832326,33.65099],[-117.832641,33.650917]]}},{"type":"Feature","properties":{"kind":"footway","name":""},"geometry":{"type":"LineString","coordinates":[[-117.832275,33.650518],[-117.831777,33.650603],[-117.831688,33.650689]]}},{"type":"Feature","properties":{"kind":"footway","name":""},"geometry":{"type":"LineString","coordinates":[[-117.832475,33.64983],[-117.832643,33.649985],[-117.832858,33.650044],[-117.83296,33.650221]]}},{"type":"Feature","properties":{"kind":"footway","name":""},"geometry":{"type":"LineString","coordinates":[[-117.833712,33.648308],[-117.832632,33.648549]]}},{"type":"Feature","properties":{"kind":"footway","name":""},"geometry":{"type":"LineString","coordinates":[[-117.833712,33.648308],[-117.833707,33.648288]]}},{"type":"Feature","properties":{"kind":"footway","name":""},"geometry":{"type":"LineString","coordinates":[[-117.8337,33.648267],[-117.833689,33.648235]]}},{"type":"Feature","properties":{"kind":"footway","name":""},"geometry":{"type":"LineString","coordinates":[[-117.833761,33.648463],[-117.833712,33.648308]]}},{"type":"Feature","properties":{"kind":"footway","name":""},"geometry":{"type":"LineString","coordinates":[[-117.832681,33.648692],[-117.832632,33.648549]]}},{"type":"Feature","properties":{"kind":"footway","name":""},"geometry":{"type":"LineString","coordinates":[[-117.832704,33.648783],[-117.832495,33.648828]]}},{"type":"Feature","properties":{"kind":"footway","name":""},"geometry":{"type":"LineString","coordinates":[[-117.834024,33.649141],[-117.83397,33.649437]]}},{"type":"Feature","properties":{"kind":"footway","name":""},"geometry":{"type":"LineString","coordinates":[[-117.834383,33.651019],[-117.834429,33.650799],[-117.834317,33.650685],[-117.834403,33.650393]]}},{"type":"Feature","properties":{"kind":"footway","name":""},"geometry":{"type":"LineString","coordinates":[[-117.834377,33.65048],[-117.834196,33.650443]]}},{"type":"Feature","properties":{"kind":"footway","name":""},"geometry":{"type":"LineString","coordinates":[[-117.834762,33.65023],[-117.834704,33.650225],[-117.834766,33.649796],[-117.834505,33.649707],[-117.834459,33.64982],[-117.83386,33.649825],[-117.833759,33.649721],[-117.833739,33.64957],[-117.833427,33.649583]]}},{"type":"Feature","properties":{"kind":"service","name":""},"geometry":{"type":"LineString","coordinates":[[-117.834778,33.650332],[-117.83454,33.650381],[-117.834416,33.650351]]}},{"type":"Feature","properties":{"kind":"footway","name":""},"geometry":{"type":"LineString","coordinates":[[-117.834403,33.650393],[-117.834382,33.650274],[-117.834211,33.650117],[-117.834242,33.649822]]}},{"type":"Feature","properties":{"kind":"footway","name":""},"geometry":{"type":"LineString","coordinates":[[-117.834263,33.650455],[-117.834359,33.650383]]}},{"type":"Feature","properties":{"kind":"footway","name":""},"geometry":{"type":"LineString","coordinates":[[-117.834359,33.650383],[-117.834416,33.650351]]}},{"type":"Feature","properties":{"kind":"footway","name":""},"geometry":{"type":"LineString","coordinates":[[-117.835059,33.65078],[-117.834772,33.650737],[-117.834864,33.650475],[-117.834825,33.650425]]}},{"type":"Feature","properties":{"kind":"footway","name":""},"geometry":{"type":"LineString","coordinates":[[-117.834772,33.650737],[-117.834676,33.650809],[-117.834636,33.650712]]}},{"type":"Feature","properties":{"kind":"footway","name":""},"geometry":{"type":"LineString","coordinates":[[-117.834842,33.651016],[-117.834629,33.650974],[-117.834664,33.650796]]}},{"type":"Feature","properties":{"kind":"footway","name":""},"geometry":{"type":"LineString","coordinates":[[-117.834629,33.650974],[-117.834614,33.651045]]}},{"type":"Feature","properties":{"kind":"footway","name":""},"geometry":{"type":"LineString","coordinates":[[-117.829279,33.649314],[-117.825041,33.650181],[-117.825125,33.650489],[-117.82522,33.650571],[-117.825319,33.650558]]}},{"type":"Feature","properties":{"kind":"footway","name":""},"geometry":{"type":"LineString","coordinates":[[-117.826009,33.650982],[-117.825873,33.650527]]}},{"type":"Feature","properties":{"kind":"footway","name":""},"geometry":{"type":"LineString","coordinates":[[-117.825933,33.650725],[-117.825435,33.650852],[-117.825336,33.650802],[-117.825267,33.650559]]}},{"type":"Feature","properties":{"kind":"footway","name":""},"geometry":{"type":"LineString","coordinates":[[-117.828009,33.649911],[-117.82713,33.650101]]}},{"type":"Feature","properties":{"kind":"footway","name":""},"geometry":{"type":"LineString","coordinates":[[-117.82713,33.650101],[-117.827091,33.649982]]}},{"type":"Feature","properties":{"kind":"footway","name":""},"geometry":{"type":"LineString","coordinates":[[-117.827091,33.649982],[-117.827023,33.649776]]}},{"type":"Feature","properties":{"kind":"service","name":""},"geometry":{"type":"LineString","coordinates":[[-117.826008,33.650762],[-117.826411,33.650689]]}},{"type":"Feature","properties":{"kind":"footway","name":""},"geometry":{"type":"LineString","coordinates":[[-117.826411,33.650689],[-117.826485,33.650627],[-117.826238,33.649939]]}},{"type":"Feature","properties":{"kind":"footway","name":""},"geometry":{"type":"LineString","coordinates":[[-117.82622,33.651168],[-117.826341,33.651554]]}},{"type":"Feature","properties":{"kind":"footway","name":""},"geometry":{"type":"LineString","coordinates":[[-117.826287,33.651379],[-117.825795,33.651505]]}},{"type":"Feature","properties":{"kind":"footway","name":""},"geometry":{"type":"LineString","coordinates":[[-117.825901,33.65171],[-117.825656,33.65128]]}},{"type":"Feature","properties":{"kind":"footway","name":""},"geometry":{"type":"LineString","coordinates":[[-117.825547,33.651069],[-117.825482,33.651042],[-117.82543,33.65085]]}},{"type":"Feature","properties":{"kind":"footway","name":""},"geometry":{"type":"LineString","coordinates":[[-117.826681,33.650748],[-117.827136,33.652253],[-117.827223,33.652305],[-117.829698,33.651751],[-117.829857,33.651775]]}},{"type":"Feature","properties":{"kind":"footway","name":""},"geometry":{"type":"LineString","coordinates":[[-117.830158,33.652138],[-117.829854,33.651704]]}},{"type":"Feature","properties":{"kind":"footway","name":""},"geometry":{"type":"LineString","coordinates":[[-117.826681,33.650748],[-117.826746,33.650672],[-117.829273,33.650127],[-117.829391,33.650211],[-117.829568,33.650894],[-117.829666,33.651017],[-117.829863,33.651037],[-117.830574,33.650826]]}},{"type":"Feature","properties":{"kind":"footway","name":""},"geometry":{"type":"LineString","coordinates":[[-117.830518,33.650659],[-117.829769,33.650852],[-117.829517,33.65014],[-117.829347,33.650014],[-117.828281,33.650205]]}},{"type":"Feature","properties":{"kind":"footway","name":""},"geometry":{"type":"LineString","coordinates":[[-117.828281,33.650205],[-117.828108,33.650243]]}},{"type":"Feature","properties":{"kind":"footway","name":""},"geometry":{"type":"LineString","coordinates":[[-117.828108,33.650243],[-117.826691,33.650554],[-117.826531,33.650724],[-117.826573,33.650944]]}},{"type":"Feature","properties":{"kind":"footway","name":""},"geometry":{"type":"LineString","coordinates":[[-117.826606,33.651088],[-117.826573,33.650944]]}},{"type":"Feature","properties":{"kind":"footway","name":""},"geometry":{"type":"LineString","coordinates":[[-117.826606,33.651088],[-117.827059,33.65237],[-117.827284,33.652428],[-117.827959,33.652287]]}},{"type":"Feature","properties":{"kind":"footway","name":""},"geometry":{"type":"LineString","coordinates":[[-117.827959,33.652287],[-117.828121,33.652257]]}},{"type":"Feature","properties":{"kind":"service","name":""},"geometry":{"type":"LineString","coordinates":[[-117.828524,33.652535],[-117.828447,33.652248]]}},{"type":"Feature","properties":{"kind":"footway","name":""},"geometry":{"type":"LineString","coordinates":[[-117.828722,33.652115],[-117.828121,33.652257]]}},{"type":"Feature","properties":{"kind":"footway","name":""},"geometry":{"type":"LineString","coordinates":[[-117.83,33.652239],[-117.829705,33.651923],[-117.828722,33.652115]]}},{"type":"Feature","properties":{"kind":"footway","name":""},"geometry":{"type":"LineString","coordinates":[[-117.825656,33.65128],[-117.825638,33.651206]]}},{"type":"Feature","properties":{"kind":"footway","name":""},"geometry":{"type":"LineString","coordinates":[[-117.825547,33.651069],[-117.825598,33.651103]]}},{"type":"Feature","properties":{"kind":"footway","name":""},"geometry":{"type":"LineString","coordinates":[[-117.82905,33.649683],[-117.828974,33.649351]]}},{"type":"Feature","properties":{"kind":"footway","name":""},"geometry":{"type":"LineString","coordinates":[[-117.82905,33.649683],[-117.828166,33.649871]]}},{"type":"Feature","properties":{"kind":"footway","name":""},"geometry":{"type":"LineString","coordinates":[[-117.830073,33.650793],[-117.829968,33.65054],[-117.830442,33.650401]]}},{"type":"Feature","properties":{"kind":"footway","name":""},"geometry":{"type":"LineString","coordinates":[[-117.826518,33.65212],[-117.826341,33.651554]]}},{"type":"Feature","properties":{"kind":"footway","name":""},"geometry":{"type":"LineString","coordinates":[[-117.825975,33.651754],[-117.825901,33.65171]]}},{"type":"Feature","properties":{"kind":"footway","name":""},"geometry":{"type":"LineString","coordinates":[[-117.826445,33.651894],[-117.826126,33.651975]]}},{"type":"Feature","properties":{"kind":"footway","name":""},"geometry":{"type":"LineString","coordinates":[[-117.826205,33.652178],[-117.825975,33.651754]]}},{"type":"Feature","properties":{"kind":"footway","name":""},"geometry":{"type":"LineString","coordinates":[[-117.826205,33.652178],[-117.826282,33.652211]]}},{"type":"Feature","properties":{"kind":"footway","name":""},"geometry":{"type":"LineString","coordinates":[[-117.826492,33.652586],[-117.826282,33.652211]]}},{"type":"Feature","properties":{"kind":"footway","name":""},"geometry":{"type":"LineString","coordinates":[[-117.826216,33.651154],[-117.826196,33.651107]]}},{"type":"Feature","properties":{"kind":"footway","name":""},"geometry":{"type":"LineString","coordinates":[[-117.826573,33.650944],[-117.826173,33.651041]]}},{"type":"Feature","properties":{"kind":"footway","name":""},"geometry":{"type":"LineString","coordinates":[[-117.826196,33.651107],[-117.82618,33.651059]]}},{"type":"Feature","properties":{"kind":"footway","name":""},"geometry":{"type":"LineString","coordinates":[[-117.827376,33.651392],[-117.82729,33.651151]]}},{"type":"Feature","properties":{"kind":"footway","name":""},"geometry":{"type":"LineString","coordinates":[[-117.82753,33.651066],[-117.827114,33.651189],[-117.827008,33.650872]]}},{"type":"Feature","properties":{"kind":"footway","name":""},"geometry":{"type":"LineString","coordinates":[[-117.827008,33.650872],[-117.827129,33.650799],[-117.827063,33.650608]]}},{"type":"Feature","properties":{"kind":"footway","name":""},"geometry":{"type":"LineString","coordinates":[[-117.827008,33.650872],[-117.826726,33.650927]]}},{"type":"Feature","properties":{"kind":"footway","name":""},"geometry":{"type":"LineString","coordinates":[[-117.826825,33.653021],[-117.826705,33.653004],[-117.826574,33.652602]]}},{"type":"Feature","properties":{"kind":"footway","name":""},"geometry":{"type":"LineString","coordinates":[[-117.826492,33.652586],[-117.826778,33.652522]]}},{"type":"Feature","properties":{"kind":"footway","name":""},"geometry":{"type":"LineString","coordinates":[[-117.826722,33.65252],[-117.826713,33.652493]]}},{"type":"Feature","properties":{"kind":"footway","name":""},"geometry":{"type":"LineString","coordinates":[[-117.82677,33.651558],[-117.826484,33.651619]]}},{"type":"Feature","properties":{"kind":"footway","name":""},"geometry":{"type":"LineString","coordinates":[[-117.826484,33.651619],[-117.826439,33.651621]]}},{"type":"Feature","properties":{"kind":"footway","name":""},"geometry":{"type":"LineString","coordinates":[[-117.828568,33.651915],[-117.828514,33.651754]]}},{"type":"Feature","properties":{"kind":"footway","name":""},"geometry":{"type":"LineString","coordinates":[[-117.828576,33.651748],[-117.828184,33.651834]]}},{"type":"Feature","properties":{"kind":"footway","name":""},"geometry":{"type":"LineString","coordinates":[[-117.828472,33.651413],[-117.828028,33.651501],[-117.827961,33.651331]]}},{"type":"Feature","properties":{"kind":"footway","name":""},"geometry":{"type":"LineString","coordinates":[[-117.828028,33.651501],[-117.827656,33.651609]]}},{"type":"Feature","properties":{"kind":"footway","name":""},"geometry":{"type":"LineString","coordinates":[[-117.827656,33.651609],[-117.82758,33.651407]]}},{"type":"Feature","properties":{"kind":"footway","name":""},"geometry":{"type":"LineString","coordinates":[[-117.82758,33.651407],[-117.827493,33.651391]]}},{"type":"Feature","properties":{"kind":"footway","name":""},"geometry":{"type":"LineString","coordinates":[[-117.828222,33.6521],[-117.828212,33.652063]]}},{"type":"Feature","properties":{"kind":"footway","name":""},"geometry":{"type":"LineString","coordinates":[[-117.828207,33.652046],[-117.828162,33.651902]]}},{"type":"Feature","properties":{"kind":"footway","name":""},"geometry":{"type":"LineString","coordinates":[[-117.828184,33.651834],[-117.828159,33.65189]]}},{"type":"Feature","properties":{"kind":"footway","name":""},"geometry":{"type":"LineString","coordinates":[[-117.828065,33.652643],[-117.827248,33.652815]]}},{"type":"Feature","properties":{"kind":"footway","name":""},"geometry":{"type":"LineString","coordinates":[[-117.828065,33.652643],[-117.827951,33.652288]]}},{"type":"Feature","properties":{"kind":"footway","name":""},"geometry":{"type":"LineString","coordinates":[[-117.827268,33.652917],[-117.827311,33.653202],[-117.82691,33.653275],[-117.826844,33.653073]]}},{"type":"Feature","properties":{"kind":"footway","name":""},"geometry":{"type":"LineString","coordinates":[[-117.826844,33.653073],[-117.826825,33.653021]]}},{"type":"Feature","properties":{"kind":"footway","name":""},"geometry":{"type":"LineString","coordinates":[[-117.828184,33.651834],[-117.828177,33.651812]]}},{"type":"Feature","properties":{"kind":"footway","name":""},"geometry":{"type":"LineString","coordinates":[[-117.828177,33.651812],[-117.828156,33.651763]]}},{"type":"Feature","properties":{"kind":"footway","name":""},"geometry":{"type":"LineString","coordinates":[[-117.834382,33.650772],[-117.834449,33.650695]]}},{"type":"Feature","properties":{"kind":"footway","name":""},"geometry":{"type":"LineString","coordinates":[[-117.832687,33.649352],[-117.832407,33.64901]]}},{"type":"Feature","properties":{"kind":"footway","name":""},"geometry":{"type":"LineString","coordinates":[[-117.832407,33.64901],[-117.832242,33.648574]]}},{"type":"Feature","properties":{"kind":"footway","name":""},"geometry":{"type":"LineString","coordinates":[[-117.833213,33.650409],[-117.832475,33.650485]]}},{"type":"Feature","properties":{"kind":"footway","name":""},"geometry":{"type":"LineString","coordinates":[[-117.832475,33.650485],[-117.832363,33.650429],[-117.832275,33.650518]]}},{"type":"Feature","properties":{"kind":"footway","name":""},"geometry":{"type":"LineString","coordinates":[[-117.832413,33.65043],[-117.83239,33.650146],[-117.83224,33.650095]]}},{"type":"Feature","properties":{"kind":"footway","name":""},"geometry":{"type":"LineString","coordinates":[[-117.832478,33.650947],[-117.832412,33.650573],[-117.832306,33.650513]]}},{"type":"Feature","properties":{"kind":"footway","name":""},"geometry":{"type":"LineString","coordinates":[[-117.832475,33.650485],[-117.832412,33.650573]]}},{"type":"Feature","properties":{"kind":"footway","name":""},"geometry":{"type":"LineString","coordinates":[[-117.82758,33.651407],[-117.827961,33.651331]]}},{"type":"Feature","properties":{"kind":"footway","name":""},"geometry":{"type":"LineString","coordinates":[[-117.837859,33.650281],[-117.837858,33.650261]]}},{"type":"Feature","properties":{"kind":"footway","name":""},"geometry":{"type":"LineString","coordinates":[[-117.837858,33.650261],[-117.837865,33.650193]]}},{"type":"Feature","properties":{"kind":"footway","name":""},"geometry":{"type":"LineString","coordinates":[[-117.83225,33.650496],[-117.832265,33.650404],[-117.832396,33.650356]]}},{"type":"Feature","properties":{"kind":"footway","name":""},"geometry":{"type":"LineString","coordinates":[[-117.839429,33.649958],[-117.83943,33.649878]]}},{"type":"Feature","properties":{"kind":"footway","name":""},"geometry":{"type":"LineString","coordinates":[[-117.839429,33.649958],[-117.839475,33.649959]]}},{"type":"Feature","properties":{"kind":"footway","name":""},"geometry":{"type":"LineString","coordinates":[[-117.839391,33.65017],[-117.839399,33.650111]]}},{"type":"Feature","properties":{"kind":"footway","name":""},"geometry":{"type":"LineString","coordinates":[[-117.839397,33.650086],[-117.839429,33.649958]]}},{"type":"Feature","properties":{"kind":"footway","name":""},"geometry":{"type":"LineString","coordinates":[[-117.839454,33.650445],[-117.8395,33.650429]]}},{"type":"Feature","properties":{"kind":"footway","name":""},"geometry":{"type":"LineString","coordinates":[[-117.83901,33.651172],[-117.839096,33.651227]]}},{"type":"Feature","properties":{"kind":"footway","name":""},"geometry":{"type":"LineString","coordinates":[[-117.839207,33.651294],[-117.839148,33.651381]]}},{"type":"Feature","properties":{"kind":"footway","name":""},"geometry":{"type":"LineString","coordinates":[[-117.839096,33.651227],[-117.839207,33.651294]]}},{"type":"Feature","properties":{"kind":"footway","name":""},"geometry":{"type":"LineString","coordinates":[[-117.839006,33.65114],[-117.83901,33.651172]]}},{"type":"Feature","properties":{"kind":"footway","name":""},"geometry":{"type":"LineString","coordinates":[[-117.839335,33.650835],[-117.839361,33.650854]]}},{"type":"Feature","properties":{"kind":"footway","name":""},"geometry":{"type":"LineString","coordinates":[[-117.83953,33.650599],[-117.839025,33.651137],[-117.83861,33.650975]]}},{"type":"Feature","properties":{"kind":"footway","name":""},"geometry":{"type":"LineString","coordinates":[[-117.839612,33.650652],[-117.83953,33.650599]]}},{"type":"Feature","properties":{"kind":"footway","name":""},"geometry":{"type":"LineString","coordinates":[[-117.824544,33.651668],[-117.824172,33.651812]]}},{"type":"Feature","properties":{"kind":"footway","name":""},"geometry":{"type":"LineString","coordinates":[[-117.844957,33.647003],[-117.844832,33.647219]]}},{"type":"Feature","properties":{"kind":"footway","name":""},"geometry":{"type":"LineString","coordinates":[[-117.839122,33.651878],[-117.839148,33.652137],[-117.838914,33.652368]]}},{"type":"Feature","properties":{"kind":"footway","name":""},"geometry":{"type":"LineString","coordinates":[[-117.838914,33.652368],[-117.838851,33.652425]]}},{"type":"Feature","properties":{"kind":"footway","name":""},"geometry":{"type":"LineString","coordinates":[[-117.838851,33.652425],[-117.838755,33.652521],[-117.838762,33.652677],[-117.838961,33.652811],[-117.838973,33.652927]]}},{"type":"Feature","properties":{"kind":"footway","name":""},"geometry":{"type":"LineString","coordinates":[[-117.836914,33.650396],[-117.836728,33.650501],[-117.836577,33.650516],[-117.836332,33.650336],[-117.836313,33.650094]]}},{"type":"Feature","properties":{"kind":"footway","name":""},"geometry":{"type":"LineString","coordinates":[[-117.836332,33.650336],[-117.836122,33.650533],[-117.835762,33.650547]]}},{"type":"Feature","properties":{"kind":"footway","name":""},"geometry":{"type":"LineString","coordinates":[[-117.836355,33.650962],[-117.836329,33.650686],[-117.836113,33.650534]]}},{"type":"Feature","properties":{"kind":"footway","name":""},"geometry":{"type":"LineString","coordinates":[[-117.836553,33.650498],[-117.83633,33.650693]]}},{"type":"Feature","properties":{"kind":"footway","name":""},"geometry":{"type":"LineString","coordinates":[[-117.836421,33.650898],[-117.836355,33.650962],[-117.836263,33.650897]]}},{"type":"Feature","properties":{"kind":"footway","name":""},"geometry":{"type":"LineString","coordinates":[[-117.835408,33.650792],[-117.835598,33.650602]]}},{"type":"Feature","properties":{"kind":"footway","name":""},"geometry":{"type":"LineString","coordinates":[[-117.833099,33.650445],[-117.833171,33.650547],[-117.833171,33.650852]]}},{"type":"Feature","properties":{"kind":"footway","name":""},"geometry":{"type":"LineString","coordinates":[[-117.833058,33.651043],[-117.833046,33.65095],[-117.833171,33.650852]]}},{"type":"Feature","properties":{"kind":"footway","name":""},"geometry":{"type":"LineString","coordinates":[[-117.840831,33.653421],[-117.84069,33.653463]]}},{"type":"Feature","properties":{"kind":"footway","name":""},"geometry":{"type":"LineString","coordinates":[[-117.84069,33.653463],[-117.840514,33.653606],[-117.840256,33.653652],[-117.840144,33.653578],[-117.840106,33.653399]]}},{"type":"Feature","properties":{"kind":"footway","name":""},"geometry":{"type":"LineString","coordinates":[[-117.84069,33.653463],[-117.840593,33.653114]]}},{"type":"Feature","properties":{"kind":"footway","name":""},"geometry":{"type":"LineString","coordinates":[[-117.840546,33.653104],[-117.840451,33.653033]]}},{"type":"Feature","properties":{"kind":"footway","name":""},"geometry":{"type":"LineString","coordinates":[[-117.840451,33.653033],[-117.840106,33.653399]]}},{"type":"Feature","properties":{"kind":"footway","name":""},"geometry":{"type":"LineString","coordinates":[[-117.840361,33.653129],[-117.840271,33.653057]]}},{"type":"Feature","properties":{"kind":"footway","name":""},"geometry":{"type":"LineString","coordinates":[[-117.840194,33.653636],[-117.840106,33.653738],[-117.839898,33.653752]]}},{"type":"Feature","properties":{"kind":"service","name":""},"geometry":{"type":"LineString","coordinates":[[-117.840074,33.653264],[-117.839879,33.653136]]}},{"type":"Feature","properties":{"kind":"footway","name":""},"geometry":{"type":"LineString","coordinates":[[-117.818688,33.65141],[-117.818797,33.65141],[-117.819075,33.651168],[-117.819351,33.651111]]}},{"type":"Feature","properties":{"kind":"footway","name":""},"geometry":{"type":"LineString","coordinates":[[-117.819627,33.651029],[-117.819395,33.650961]]}},{"type":"Feature","properties":{"kind":"service","name":""},"geometry":{"type":"LineString","coordinates":[[-117.819395,33.650961],[-117.819432,33.651025],[-117.819345,33.651167]]}},{"type":"Feature","properties":{"kind":"footway","name":""},"geometry":{"type":"LineString","coordinates":[[-117.820734,33.651528],[-117.820431,33.651516],[-117.820363,33.651671],[-117.820164,33.651705],[-117.820089,33.651798]]}},{"type":"Feature","properties":{"kind":"footway","name":""},"geometry":{"type":"LineString","coordinates":[[-117.820742,33.65148],[-117.820726,33.651623],[-117.820577,33.651851],[-117.820195,33.651969],[-117.820089,33.651798]]}},{"type":"Feature","properties":{"kind":"footway","name":""},"geometry":{"type":"LineString","coordinates":[[-117.820363,33.651671],[-117.820453,33.65189]]}},{"type":"Feature","properties":{"kind":"footway","name":""},"geometry":{"type":"LineString","coordinates":[[-117.820089,33.651798],[-117.819833,33.651304],[-117.819604,33.651153],[-117.819438,33.651115]]}},{"type":"Feature","properties":{"kind":"footway","name":""},"geometry":{"type":"LineString","coordinates":[[-117.819438,33.651115],[-117.819351,33.651111]]}},{"type":"Feature","properties":{"kind":"footway","name":""},"geometry":{"type":"LineString","coordinates":[[-117.819861,33.650897],[-117.819958,33.650945],[-117.820055,33.651137]]}},{"type":"Feature","properties":{"kind":"footway","name":""},"geometry":{"type":"LineString","coordinates":[[-117.820055,33.651137],[-117.81979,33.651263]]}},{"type":"Feature","properties":{"kind":"footway","name":""},"geometry":{"type":"LineString","coordinates":[[-117.820055,33.651137],[-117.820127,33.651041]]}},{"type":"Feature","properties":{"kind":"footway","name":""},"geometry":{"type":"LineString","coordinates":[[-117.820512,33.650989],[-117.820493,33.651058],[-117.820412,33.651075],[-117.819996,33.651002]]}},{"type":"Feature","properties":{"kind":"footway","name":""},"geometry":{"type":"LineString","coordinates":[[-117.820414,33.652008],[-117.820472,33.652153],[-117.820247,33.652331]]}},{"type":"Feature","properties":{"kind":"footway","name":""},"geometry":{"type":"LineString","coordinates":[[-117.820191,33.652098],[-117.820204,33.652215]]}},{"type":"Feature","properties":{"kind":"footway","name":""},"geometry":{"type":"LineString","coordinates":[[-117.820204,33.652215],[-117.820234,33.652305]]}},{"type":"Feature","properties":{"kind":"footway","name":""},"geometry":{"type":"LineString","coordinates":[[-117.820234,33.652305],[-117.820461,33.652702]]}},{"type":"Feature","properties":{"kind":"footway","name":""},"geometry":{"type":"LineString","coordinates":[[-117.820307,33.652852],[-117.820123,33.652856],[-117.819861,33.652599]]}},{"type":"Feature","properties":{"kind":"footway","name":""},"geometry":{"type":"LineString","coordinates":[[-117.820357,33.653027],[-117.820291,33.652897],[-117.820325,33.652816]]}},{"type":"Feature","properties":{"kind":"footway","name":""},"geometry":{"type":"LineString","coordinates":[[-117.820357,33.653027],[-117.820366,33.653042]]}},{"type":"Feature","properties":{"kind":"footway","name":""},"geometry":{"type":"LineString","coordinates":[[-117.820566,33.652862],[-117.820509,33.652772]]}},{"type":"Feature","properties":{"kind":"footway","name":""},"geometry":{"type":"LineString","coordinates":[[-117.820442,33.652803],[-117.820307,33.652852]]}},{"type":"Feature","properties":{"kind":"footway","name":""},"geometry":{"type":"LineString","coordinates":[[-117.820164,33.652875],[-117.819897,33.653005]]}},{"type":"Feature","properties":{"kind":"footway","name":""},"geometry":{"type":"LineString","coordinates":[[-117.820032,33.652934],[-117.81994,33.652881]]}},{"type":"Feature","properties":{"kind":"footway","name":""},"geometry":{"type":"LineString","coordinates":[[-117.820266,33.652622],[-117.820052,33.652743]]}},{"type":"Feature","properties":{"kind":"footway","name":""},"geometry":{"type":"LineString","coordinates":[[-117.819989,33.652438],[-117.820063,33.652271],[-117.819911,33.65215]]}},{"type":"Feature","properties":{"kind":"footway","name":""},"geometry":{"type":"LineString","coordinates":[[-117.819868,33.651948],[-117.819911,33.65215],[-117.819468,33.652293]]}},{"type":"Feature","properties":{"kind":"footway","name":""},"geometry":{"type":"LineString","coordinates":[[-117.819929,33.6525],[-117.819762,33.652401],[-117.819673,33.652229]]}},{"type":"Feature","properties":{"kind":"footway","name":""},"geometry":{"type":"LineString","coordinates":[[-117.819823,33.65226],[-117.819776,33.652197]]}},{"type":"Feature","properties":{"kind":"footway","name":""},"geometry":{"type":"LineString","coordinates":[[-117.81986,33.65221],[-117.819833,33.652179]]}},{"type":"Feature","properties":{"kind":"footway","name":""},"geometry":{"type":"LineString","coordinates":[[-117.819752,33.65239],[-117.819547,33.652493]]}},{"type":"Feature","properties":{"kind":"footway","name":""},"geometry":{"type":"LineString","coordinates":[[-117.820475,33.652144],[-117.820662,33.652314],[-117.82065,33.652406],[-117.82077,33.652609]]}},{"type":"Feature","properties":{"kind":"footway","name":""},"geometry":{"type":"LineString","coordinates":[[-117.820875,33.65278],[-117.821128,33.653181]]}},{"type":"Feature","properties":{"kind":"footway","name":""},"geometry":{"type":"LineString","coordinates":[[-117.821336,33.653092],[-117.820751,33.653361]]}},{"type":"Feature","properties":{"kind":"footway","name":""},"geometry":{"type":"LineString","coordinates":[[-117.820775,33.653353],[-117.820667,33.652948],[-117.820607,33.652945]]}},{"type":"Feature","properties":{"kind":"footway","name":""},"geometry":{"type":"LineString","coordinates":[[-117.821208,33.652909],[-117.820619,33.65316]]}},{"type":"Feature","properties":{"kind":"footway","name":""},"geometry":{"type":"LineString","coordinates":[[-117.820506,33.652679],[-117.820404,33.652524]]}},{"type":"Feature","properties":{"kind":"footway","name":""},"geometry":{"type":"LineString","coordinates":[[-117.820365,33.652556],[-117.82065,33.652406]]}},{"type":"Feature","properties":{"kind":"footway","name":""},"geometry":{"type":"LineString","coordinates":[[-117.819494,33.651809],[-117.819403,33.651592]]}},{"type":"Feature","properties":{"kind":"footway","name":""},"geometry":{"type":"LineString","coordinates":[[-117.819845,33.651441],[-117.819183,33.651668]]}},{"type":"Feature","properties":{"kind":"footway","name":""},"geometry":{"type":"LineString","coordinates":[[-117.819732,33.651689],[-117.819666,33.651537]]}},{"type":"Feature","properties":{"kind":"footway","name":""},"geometry":{"type":"LineString","coordinates":[[-117.81936,33.651606],[-117.81932,33.651451],[-117.819525,33.651183]]}},{"type":"Feature","properties":{"kind":"footway","name":""},"geometry":{"type":"LineString","coordinates":[[-117.819691,33.652224],[-117.819576,33.651986]]}},{"type":"Feature","properties":{"kind":"footway","name":""},"geometry":{"type":"LineString","coordinates":[[-117.821418,33.653502],[-117.821181,33.653597]]}},{"type":"Feature","properties":{"kind":"footway","name":""},"geometry":{"type":"LineString","coordinates":[[-117.82102,33.653829],[-117.821251,33.653726],[-117.821076,33.653452]]}},{"type":"Feature","properties":{"kind":"footway","name":""},"geometry":{"type":"LineString","coordinates":[[-117.820839,33.653545],[-117.821322,33.653354],[-117.821486,33.653708]]}},{"type":"Feature","properties":{"kind":"footway","name":""},"geometry":{"type":"LineString","coordinates":[[-117.821044,33.653867],[-117.820839,33.653545]]}},{"type":"Feature","properties":{"kind":"footway","name":""},"geometry":{"type":"LineString","coordinates":[[-117.820839,33.653545],[-117.820813,33.653497]]}},{"type":"Feature","properties":{"kind":"footway","name":""},"geometry":{"type":"LineString","coordinates":[[-117.82077,33.653418],[-117.820751,33.653361]]}},{"type":"Feature","properties":{"kind":"footway","name":""},"geometry":{"type":"LineString","coordinates":[[-117.820751,33.653692],[-117.82051,33.653259]]}},{"type":"Feature","properties":{"kind":"footway","name":""},"geometry":{"type":"LineString","coordinates":[[-117.820648,33.653423],[-117.82066,33.653461],[-117.82021,33.65362]]}},{"type":"Feature","properties":{"kind":"footway","name":""},"geometry":{"type":"LineString","coordinates":[[-117.820542,33.653816],[-117.820228,33.65332]]}},{"type":"Feature","properties":{"kind":"footway","name":""},"geometry":{"type":"LineString","coordinates":[[-117.820461,33.653711],[-117.820415,33.653789],[-117.820266,33.653844]]}},{"type":"Feature","properties":{"kind":"footway","name":""},"geometry":{"type":"LineString","coordinates":[[-117.822115,33.65451],[-117.822118,33.654327],[-117.821916,33.654313],[-117.821633,33.653949]]}},{"type":"Feature","properties":{"kind":"footway","name":""},"geometry":{"type":"LineString","coordinates":[[-117.821874,33.654263],[-117.821825,33.654381],[-117.821623,33.654363],[-117.821542,33.654202]]}},{"type":"Feature","properties":{"kind":"footway","name":""},"geometry":{"type":"LineString","coordinates":[[-117.8216,33.654324],[-117.821347,33.654277],[-117.821136,33.654307],[-117.820974,33.653968]]}},{"type":"Feature","properties":{"kind":"footway","name":""},"geometry":{"type":"LineString","coordinates":[[-117.820974,33.653968],[-117.821044,33.653867]]}},{"type":"Feature","properties":{"kind":"footway","name":""},"geometry":{"type":"LineString","coordinates":[[-117.821697,33.653697],[-117.821551,33.653781],[-117.821486,33.653708]]}},{"type":"Feature","properties":{"kind":"footway","name":""},"geometry":{"type":"LineString","coordinates":[[-117.821551,33.653781],[-117.821403,33.653809],[-117.821365,33.653763]]}},{"type":"Feature","properties":{"kind":"footway","name":""},"geometry":{"type":"LineString","coordinates":[[-117.821633,33.653949],[-117.821561,33.653967],[-117.821499,33.653804]]}},{"type":"Feature","properties":{"kind":"footway","name":""},"geometry":{"type":"LineString","coordinates":[[-117.821486,33.653708],[-117.821314,33.653782],[-117.821251,33.653726]]}},{"type":"Feature","properties":{"kind":"footway","name":""},"geometry":{"type":"LineString","coordinates":[[-117.821671,33.654021],[-117.821637,33.654031]]}},{"type":"Feature","properties":{"kind":"footway","name":""},"geometry":{"type":"LineString","coordinates":[[-117.820365,33.652556],[-117.820266,33.652622]]}},{"type":"Feature","properties":{"kind":"footway","name":""},"geometry":{"type":"LineString","coordinates":[[-117.819904,33.652029],[-117.820022,33.651963]]}},{"type":"Feature","properties":{"kind":"footway","name":""},"geometry":{"type":"LineString","coordinates":[[-117.821086,33.654226],[-117.820883,33.654342],[-117.820748,33.65429],[-117.820704,33.654134],[-117.820965,33.654034]]}},{"type":"Feature","properties":{"kind":"footway","name":""},"geometry":{"type":"LineString","coordinates":[[-117.820748,33.65429],[-117.820579,33.654355]]}},{"type":"Feature","properties":{"kind":"footway","name":""},"geometry":{"type":"LineString","coordinates":[[-117.820704,33.654134],[-117.820519,33.654141]]}},{"type":"Feature","properties":{"kind":"footway","name":""},"geometry":{"type":"LineString","coordinates":[[-117.821136,33.654307],[-117.820991,33.654272]]}},{"type":"Feature","properties":{"kind":"footway","name":""},"geometry":{"type":"LineString","coordinates":[[-117.821098,33.654492],[-117.821136,33.654307]]}},{"type":"Feature","properties":{"kind":"footway","name":""},"geometry":{"type":"LineString","coordinates":[[-117.821756,33.654104],[-117.821347,33.654277]]}},{"type":"Feature","properties":{"kind":"footway","name":""},"geometry":{"type":"LineString","coordinates":[[-117.820791,33.652057],[-117.820544,33.65219]]}},{"type":"Feature","properties":{"kind":"footway","name":""},"geometry":{"type":"LineString","coordinates":[[-117.820852,33.652272],[-117.820693,33.65237]]}},{"type":"Feature","properties":{"kind":"footway","name":""},"geometry":{"type":"LineString","coordinates":[[-117.820512,33.650989],[-117.82073,33.651044],[-117.820757,33.65134]]}},{"type":"Feature","properties":{"kind":"footway","name":""},"geometry":{"type":"LineString","coordinates":[[-117.820757,33.65134],[-117.820142,33.651292],[-117.820055,33.651137]]}},{"type":"Feature","properties":{"kind":"footway","name":""},"geometry":{"type":"LineString","coordinates":[[-117.820146,33.651293],[-117.819907,33.651416]]}},{"type":"Feature","properties":{"kind":"footway","name":""},"geometry":{"type":"LineString","coordinates":[[-117.820412,33.651815],[-117.820239,33.651918]]}},{"type":"Feature","properties":{"kind":"footway","name":""},"geometry":{"type":"LineString","coordinates":[[-117.820363,33.651671],[-117.820223,33.651303]]}},{"type":"Feature","properties":{"kind":"footway","name":""},"geometry":{"type":"LineString","coordinates":[[-117.829969,33.647947],[-117.829928,33.647816]]}},{"type":"Feature","properties":{"kind":"footway","name":""},"geometry":{"type":"LineString","coordinates":[[-117.829928,33.647816],[-117.829689,33.647021]]}},{"type":"Feature","properties":{"kind":"footway","name":""},"geometry":{"type":"LineString","coordinates":[[-117.829689,33.647021],[-117.829635,33.64691]]}},{"type":"Feature","properties":{"kind":"footway","name":""},"geometry":{"type":"LineString","coordinates":[[-117.838331,33.647392],[-117.838324,33.647412]]}},{"type":"Feature","properties":{"kind":"footway","name":""},"geometry":{"type":"LineString","coordinates":[[-117.833058,33.643786],[-117.832996,33.643778],[-117.832829,33.643927],[-117.832533,33.643879],[-117.832124,33.643903]]}},{"type":"Feature","properties":{"kind":"footway","name":""},"geometry":{"type":"LineString","coordinates":[[-117.832124,33.64389],[-117.831726,33.643815]]}},{"type":"Feature","properties":{"kind":"footway","name":""},"geometry":{"type":"LineString","coordinates":[[-117.830612,33.645139],[-117.830565,33.645241]]}},{"type":"Feature","properties":{"kind":"footway","name":""},"geometry":{"type":"LineString","coordinates":[[-117.830822,33.645168],[-117.830612,33.645139]]}},{"type":"Feature","properties":{"kind":"footway","name":""},"geometry":{"type":"LineString","coordinates":[[-117.830341,33.645093],[-117.830205,33.645049]]}},{"type":"Feature","properties":{"kind":"footway","name":""},"geometry":{"type":"LineString","coordinates":[[-117.829473,33.64471],[-117.829623,33.644798]]}},{"type":"Feature","properties":{"kind":"footway","name":""},"geometry":{"type":"LineString","coordinates":[[-117.8317,33.645063],[-117.831688,33.644992],[-117.831768,33.644928]]}},{"type":"Feature","properties":{"kind":"footway","name":""},"geometry":{"type":"LineString","coordinates":[[-117.8317,33.645063],[-117.831476,33.645093]]}},{"type":"Feature","properties":{"kind":"cycleway","name":""},"geometry":{"type":"LineString","coordinates":[[-117.832756,33.645914],[-117.832685,33.64572],[-117.832618,33.645694]]}},{"type":"Feature","properties":{"kind":"cycleway","name":""},"geometry":{"type":"LineString","coordinates":[[-117.833037,33.646607],[-117.832857,33.646581]]}},{"type":"Feature","properties":{"kind":"footway","name":""},"geometry":{"type":"LineString","coordinates":[[-117.832861,33.646843],[-117.832776,33.646753],[-117.832809,33.64662]]}},{"type":"Feature","properties":{"kind":"footway","name":""},"geometry":{"type":"LineString","coordinates":[[-117.832776,33.646753],[-117.832639,33.646731]]}},{"type":"Feature","properties":{"kind":"footway","name":""},"geometry":{"type":"LineString","coordinates":[[-117.833831,33.646084],[-117.833688,33.646161]]}},{"type":"Feature","properties":{"kind":"footway","name":""},"geometry":{"type":"LineString","coordinates":[[-117.833806,33.646037],[-117.833643,33.646045]]}},{"type":"Feature","properties":{"kind":"footway","name":""},"geometry":{"type":"LineString","coordinates":[[-117.818983,33.646934],[-117.818817,33.647223],[-117.8184,33.647024],[-117.817839,33.646606],[-117.818125,33.64639]]}},{"type":"Feature","properties":{"kind":"footway","name":""},"geometry":{"type":"LineString","coordinates":[[-117.819912,33.646983],[-117.8194,33.646924]]}},{"type":"Feature","properties":{"kind":"footway","name":""},"geometry":{"type":"LineString","coordinates":[[-117.8194,33.646924],[-117.819225,33.646867]]}},{"type":"Feature","properties":{"kind":"footway","name":""},"geometry":{"type":"LineString","coordinates":[[-117.82067,33.6541],[-117.820601,33.653918]]}},{"type":"Feature","properties":{"kind":"footway","name":""},"geometry":{"type":"LineString","coordinates":[[-117.820129,33.653144],[-117.820016,33.65294]]}},{"type":"Feature","properties":{"kind":"footway","name":""},"geometry":{"type":"LineString","coordinates":[[-117.81932,33.651451],[-117.819089,33.651475]]}},{"type":"Feature","properties":{"kind":"footway","name":""},"geometry":{"type":"LineString","coordinates":[[-117.818642,33.651567],[-117.818264,33.651307],[-117.817558,33.650993],[-117.817296,33.650767],[-117.817088,33.650342],[-117.817107,33.649909]]}},{"type":"Feature","properties":{"kind":"footway","name":""},"geometry":{"type":"LineString","coordinates":[[-117.834198,33.642226],[-117.833929,33.642116]]}},{"type":"Feature","properties":{"kind":"footway","name":""},"geometry":{"type":"LineString","coordinates":[[-117.832393,33.644245],[-117.832475,33.644095],[-117.83263,33.644065],[-117.832622,33.643886]]}},{"type":"Feature","properties":{"kind":"footway","name":""},"geometry":{"type":"LineString","coordinates":[[-117.842245,33.641186],[-117.842108,33.641027]]}},{"type":"Feature","properties":{"kind":"footway","name":""},"geometry":{"type":"LineString","coordinates":[[-117.84244,33.640982],[-117.842435,33.640821]]}},{"type":"Feature","properties":{"kind":"footway","name":""},"geometry":{"type":"LineString","coordinates":[[-117.834897,33.64808],[-117.834056,33.648281],[-117.833712,33.648308]]}},{"type":"Feature","properties":{"kind":"footway","name":""},"geometry":{"type":"LineString","coordinates":[[-117.834082,33.648396],[-117.834056,33.648281]]}},{"type":"Feature","properties":{"kind":"footway","name":""},"geometry":{"type":"LineString","coordinates":[[-117.832966,33.648631],[-117.832925,33.648479]]}},{"type":"Feature","properties":{"kind":"footway","name":""},"geometry":{"type":"LineString","coordinates":[[-117.832641,33.650917],[-117.832594,33.650659],[-117.832981,33.650605]]}},{"type":"Feature","properties":{"kind":"footway","name":""},"geometry":{"type":"LineString","coordinates":[[-117.832981,33.650605],[-117.832973,33.650842],[-117.832788,33.650937],[-117.83284,33.651088]]}},{"type":"Feature","properties":{"kind":"footway","name":""},"geometry":{"type":"LineString","coordinates":[[-117.840836,33.645578],[-117.84091,33.645562]]}},{"type":"Feature","properties":{"kind":"footway","name":""},"geometry":{"type":"LineString","coordinates":[[-117.826481,33.650418],[-117.825993,33.650506]]}},{"type":"Feature","properties":{"kind":"footway","name":""},"geometry":{"type":"LineString","coordinates":[[-117.834234,33.645668],[-117.83417,33.645469],[-117.833948,33.645286]]}},{"type":"Feature","properties":{"kind":"footway","name":""},"geometry":{"type":"LineString","coordinates":[[-117.831519,33.646948],[-117.831324,33.646961],[-117.831143,33.647079]]}},{"type":"Feature","properties":{"kind":"footway","name":""},"geometry":{"type":"LineString","coordinates":[[-117.826294,33.648501],[-117.826314,33.648269]]}},{"type":"Feature","properties":{"kind":"footway","name":""},"geometry":{"type":"LineString","coordinates":[[-117.826158,33.648263],[-117.826051,33.648327]]}},{"type":"Feature","properties":{"kind":"footway","name":""},"geometry":{"type":"LineString","coordinates":[[-117.828278,33.65077],[-117.828655,33.650689]]}},{"type":"Feature","properties":{"kind":"footway","name":""},"geometry":{"type":"LineString","coordinates":[[-117.828429,33.650309],[-117.828449,33.650357]]}},{"type":"Feature","properties":{"kind":"footway","name":""},"geometry":{"type":"LineString","coordinates":[[-117.828455,33.650375],[-117.828466,33.650406]]}},{"type":"Feature","properties":{"kind":"footway","name":""},"geometry":{"type":"LineString","coordinates":[[-117.828537,33.650715],[-117.82847,33.650423]]}},{"type":"Feature","properties":{"kind":"footway","name":""},"geometry":{"type":"LineString","coordinates":[[-117.828382,33.651126],[-117.82814,33.650364]]}},{"type":"Feature","properties":{"kind":"footway","name":""},"geometry":{"type":"LineString","coordinates":[[-117.828658,33.651064],[-117.828537,33.650715]]}},{"type":"Feature","properties":{"kind":"footway","name":""},"geometry":{"type":"LineString","coordinates":[[-117.828377,33.651111],[-117.828655,33.651054]]}},{"type":"Feature","properties":{"kind":"footway","name":""},"geometry":{"type":"LineString","coordinates":[[-117.828407,33.651205],[-117.828346,33.651218],[-117.828322,33.651149]]}},{"type":"Feature","properties":{"kind":"footway","name":""},"geometry":{"type":"LineString","coordinates":[[-117.828356,33.651216],[-117.828514,33.651754]]}},{"type":"Feature","properties":{"kind":"footway","name":""},"geometry":{"type":"LineString","coordinates":[[-117.829105,33.650979],[-117.829046,33.650804]]}},{"type":"Feature","properties":{"kind":"footway","name":""},"geometry":{"type":"LineString","coordinates":[[-117.831989,33.650098],[-117.831813,33.649961]]}},{"type":"Feature","properties":{"kind":"footway","name":""},"geometry":{"type":"LineString","coordinates":[[-117.831818,33.650282],[-117.832219,33.649837]]}},{"type":"Feature","properties":{"kind":"footway","name":""},"geometry":{"type":"LineString","coordinates":[[-117.832591,33.649243],[-117.832463,33.649371],[-117.832394,33.649335],[-117.832261,33.649441]]}},{"type":"Feature","properties":{"kind":"footway","name":""},"geometry":{"type":"LineString","coordinates":[[-117.839041,33.650018],[-117.839037,33.649901]]}},{"type":"Feature","properties":{"kind":"footway","name":""},"geometry":{"type":"LineString","coordinates":[[-117.83709,33.650394],[-117.83718,33.650388]]}},{"type":"Feature","properties":{"kind":"footway","name":""},"geometry":{"type":"LineString","coordinates":[[-117.83718,33.650388],[-117.83726,33.650387]]}},{"type":"Feature","properties":{"kind":"footway","name":""},"geometry":{"type":"LineString","coordinates":[[-117.83726,33.650387],[-117.837327,33.650385]]}},{"type":"Feature","properties":{"kind":"footway","name":""},"geometry":{"type":"LineString","coordinates":[[-117.836914,33.650396],[-117.83709,33.650394]]}},{"type":"Feature","properties":{"kind":"footway","name":""},"geometry":{"type":"LineString","coordinates":[[-117.837862,33.650308],[-117.837706,33.650314]]}},{"type":"Feature","properties":{"kind":"footway","name":""},"geometry":{"type":"LineString","coordinates":[[-117.837716,33.650263],[-117.837695,33.650279]]}},{"type":"Feature","properties":{"kind":"footway","name":""},"geometry":{"type":"LineString","coordinates":[[-117.837377,33.65164],[-117.837177,33.651477]]}},{"type":"Feature","properties":{"kind":"footway","name":""},"geometry":{"type":"LineString","coordinates":[[-117.837377,33.65164],[-117.837506,33.651485]]}},{"type":"Feature","properties":{"kind":"footway","name":""},"geometry":{"type":"LineString","coordinates":[[-117.840613,33.650356],[-117.840609,33.650241]]}},{"type":"Feature","properties":{"kind":"footway","name":""},"geometry":{"type":"LineString","coordinates":[[-117.827112,33.651183],[-117.826824,33.651241]]}},{"type":"Feature","properties":{"kind":"footway","name":""},"geometry":{"type":"LineString","coordinates":[[-117.834719,33.643728],[-117.834555,33.6437],[-117.834582,33.643948],[-117.834533,33.643995],[-117.834025,33.644036]]}},{"type":"Feature","properties":{"kind":"pedestrian","name":""},"geometry":{"type":"LineString","coordinates":[[-117.844942,33.651268],[-117.844872,33.651127],[-117.844561,33.651265],[-117.844614,33.651345],[-117.844942,33.651268]]}},{"type":"Feature","properties":{"kind":"footway","name":""},"geometry":{"type":"LineString","coordinates":[[-117.845674,33.650564],[-117.84569,33.65059]]}},{"type":"Feature","properties":{"kind":"footway","name":""},"geometry":{"type":"LineString","coordinates":[[-117.845595,33.650854],[-117.845464,33.6509]]}},{"type":"Feature","properties":{"kind":"pedestrian","name":""},"geometry":{"type":"LineString","coordinates":[[-117.845617,33.650513],[-117.845664,33.650387],[-117.845542,33.650318],[-117.845617,33.650513]]}},{"type":"Feature","properties":{"kind":"footway","name":""},"geometry":{"type":"LineString","coordinates":[[-117.84502,33.649289],[-117.844989,33.649302]]}},{"type":"Feature","properties":{"kind":"footway","name":""},"geometry":{"type":"LineString","coordinates":[[-117.844973,33.64931],[-117.844943,33.649321]]}},{"type":"Feature","properties":{"kind":"footway","name":""},"geometry":{"type":"LineString","coordinates":[[-117.844925,33.649329],[-117.844885,33.649347]]}},{"type":"Feature","properties":{"kind":"footway","name":""},"geometry":{"type":"LineString","coordinates":[[-117.845084,33.649263],[-117.845052,33.649276]]}},{"type":"Feature","properties":{"kind":"footway","name":""},"geometry":{"type":"LineString","coordinates":[[-117.84485,33.649362],[-117.844826,33.649373]]}},{"type":"Feature","properties":{"kind":"footway","name":""},"geometry":{"type":"LineString","coordinates":[[-117.845274,33.652648],[-117.845168,33.652686]]}},{"type":"Feature","properties":{"kind":"footway","name":""},"geometry":{"type":"LineString","coordinates":[[-117.839788,33.645776],[-117.839666,33.645787]]}},{"type":"Feature","properties":{"kind":"pedestrian","name":""},"geometry":{"type":"LineString","coordinates":[[-117.840334,33.64885],[-117.840302,33.648801],[-117.840202,33.648861],[-117.840071,33.648784],[-117.840123,33.64868],[-117.840024,33.648652],[-117.840157,33.648505],[-117.840164,33.648677],[-117.840296,33.648761],[-117.840432,33.648744],[-117.840334,33.64885]]}},{"type":"Feature","properties":{"kind":"footway","name":""},"geometry":{"type":"LineString","coordinates":[[-117.84437,33.652571],[-117.844411,33.652513]]}},{"type":"Feature","properties":{"kind":"footway","name":""},"geometry":{"type":"LineString","coordinates":[[-117.845263,33.652588],[-117.845221,33.652586]]}},{"type":"Feature","properties":{"kind":"footway","name":""},"geometry":{"type":"LineString","coordinates":[[-117.845221,33.652586],[-117.845074,33.652425]]}},{"type":"Feature","properties":{"kind":"footway","name":""},"geometry":{"type":"LineString","coordinates":[[-117.844676,33.653461],[-117.844666,33.653741]]}},{"type":"Feature","properties":{"kind":"footway","name":""},"geometry":{"type":"LineString","coordinates":[[-117.844239,33.653103],[-117.843589,33.65292]]}},{"type":"Feature","properties":{"kind":"footway","name":""},"geometry":{"type":"LineString","coordinates":[[-117.841948,33.64361],[-117.841888,33.643394]]}},{"type":"Feature","properties":{"kind":"footway","name":""},"geometry":{"type":"LineString","coordinates":[[-117.841879,33.643363],[-117.841802,33.643322],[-117.841537,33.643366]]}},{"type":"Feature","properties":{"kind":"footway","name":""},"geometry":{"type":"LineString","coordinates":[[-117.841162,33.64357],[-117.841155,33.64353]]}},{"type":"Feature","properties":{"kind":"footway","name":""},"geometry":{"type":"LineString","coordinates":[[-117.84149,33.643372],[-117.841387,33.64339]]}},{"type":"Feature","properties":{"kind":"footway","name":""},"geometry":{"type":"LineString","coordinates":[[-117.841819,33.643369],[-117.841797,33.643395]]}},{"type":"Feature","properties":{"kind":"footway","name":""},"geometry":{"type":"LineString","coordinates":[[-117.840874,33.650323],[-117.840611,33.65028]]}},{"type":"Feature","properties":{"kind":"footway","name":""},"geometry":{"type":"LineString","coordinates":[[-117.834544,33.644542],[-117.834747,33.644441],[-117.834778,33.64427],[-117.834477,33.644171],[-117.834463,33.644001]]}},{"type":"Feature","properties":{"kind":"footway","name":""},"geometry":{"type":"LineString","coordinates":[[-117.833445,33.643588],[-117.833598,33.643546],[-117.833578,33.643417],[-117.833215,33.643346],[-117.833181,33.643262]]}},{"type":"Feature","properties":{"kind":"footway","name":""},"geometry":{"type":"LineString","coordinates":[[-117.832266,33.643494],[-117.83224,33.643346],[-117.832168,33.643295],[-117.832201,33.643153],[-117.832363,33.643112],[-117.832608,33.643181],[-117.83264,33.64304],[-117.832722,33.643038]]}},{"type":"Feature","properties":{"kind":"footway","name":""},"geometry":{"type":"LineString","coordinates":[[-117.832201,33.643153],[-117.832264,33.643027],[-117.83236,33.643117]]}},{"type":"Feature","properties":{"kind":"footway","name":""},"geometry":{"type":"LineString","coordinates":[[-117.831509,33.643346],[-117.831596,33.643149],[-117.832173,33.643298]]}},{"type":"Feature","properties":{"kind":"footway","name":""},"geometry":{"type":"LineString","coordinates":[[-117.830214,33.643194],[-117.83018,33.64294],[-117.830047,33.64286],[-117.830275,33.642586],[-117.830126,33.642502]]}},{"type":"Feature","properties":{"kind":"footway","name":""},"geometry":{"type":"LineString","coordinates":[[-117.830047,33.64286],[-117.82998,33.642791],[-117.830095,33.642758]]}},{"type":"Feature","properties":{"kind":"footway","name":""},"geometry":{"type":"LineString","coordinates":[[-117.822058,33.651858],[-117.821517,33.651829]]}},{"type":"Feature","properties":{"kind":"footway","name":""},"geometry":{"type":"LineString","coordinates":[[-117.84171,33.644093],[-117.841804,33.643955],[-117.841864,33.643959]]}},{"type":"Feature","properties":{"kind":"footway","name":""},"geometry":{"type":"LineString","coordinates":[[-117.841584,33.644429],[-117.842023,33.644139]]}},{"type":"Feature","properties":{"kind":"pedestrian","name":""},"geometry":{"type":"LineString","coordinates":[[-117.838664,33.647109],[-117.838762,33.647031],[-117.838762,33.646919],[-117.838686,33.646855],[-117.838653,33.646897],[-117.83864,33.646845],[-117.838536,33.646858],[-117.838457,33.646929],[-117.838539,33.646966],[-117.838495,33.647076],[-117.838664,33.647109]]}},{"type":"Feature","properties":{"kind":"pedestrian","name":""},"geometry":{"type":"LineString","coordinates":[[-117.839335,33.646894],[-117.839343,33.646799],[-117.839266,33.646738],[-117.839158,33.646779],[-117.839021,33.646716],[-117.839105,33.646923],[-117.839335,33.646894]]}},{"type":"Feature","properties":{"kind":"pedestrian","name":""},"geometry":{"type":"LineString","coordinates":[[-117.839933,33.647172],[-117.839818,33.646923],[-117.839651,33.646904],[-117.839718,33.647029],[-117.839933,33.647172]]}},{"type":"Feature","properties":{"kind":"footway","name":""},"geometry":{"type":"LineString","coordinates":[[-117.821206,33.653397],[-117.821092,33.653227]]}},{"type":"Feature","properties":{"kind":"footway","name":""},"geometry":{"type":"LineString","coordinates":[[-117.822861,33.648684],[-117.822695,33.648768],[-117.822112,33.649304],[-117.821885,33.649393],[-117.821797,33.649213],[-117.822162,33.649052],[-117.822784,33.648554]]}},{"type":"Feature","properties":{"kind":"footway","name":""},"geometry":{"type":"LineString","coordinates":[[-117.819904,33.648789],[-117.820476,33.649135],[-117.820819,33.649231],[-117.821217,33.649234],[-117.821217,33.649403],[-117.820999,33.649425],[-117.820465,33.649254],[-117.819798,33.648917]]}},{"type":"Feature","properties":{"kind":"footway","name":""},"geometry":{"type":"LineString","coordinates":[[-117.820426,33.645518],[-117.820242,33.644809],[-117.821087,33.644721],[-117.821216,33.645337],[-117.820426,33.645518]]}},{"type":"Feature","properties":{"kind":"footway","name":""},"geometry":{"type":"LineString","coordinates":[[-117.819408,33.642388],[-117.818552,33.642386],[-117.81781,33.642552],[-117.817091,33.642901],[-117.816858,33.643166],[-117.816782,33.64339]]}},{"type":"Feature","properties":{"kind":"footway","name":""},"geometry":{"type":"LineString","coordinates":[[-117.819388,33.642583],[-117.818923,33.642532]]}},{"type":"Feature","properties":{"kind":"footway","name":""},"geometry":{"type":"LineString","coordinates":[[-117.818923,33.642532],[-117.818753,33.642525]]}},{"type":"Feature","properties":{"kind":"footway","name":""},"geometry":{"type":"LineString","coordinates":[[-117.818753,33.642525],[-117.817926,33.642675],[-117.81734,33.642935],[-117.81704,33.643198],[-117.816969,33.643571],[-117.817458,33.644581]]}},{"type":"Feature","properties":{"kind":"footway","name":""},"geometry":{"type":"LineString","coordinates":[[-117.818411,33.646446],[-117.818868,33.646726],[-117.819225,33.646867]]}},{"type":"Feature","properties":{"kind":"footway","name":""},"geometry":{"type":"LineString","coordinates":[[-117.822422,33.638921],[-117.822619,33.638735],[-117.822796,33.6387]]}},{"type":"Feature","properties":{"kind":"footway","name":""},"geometry":{"type":"LineString","coordinates":[[-117.821665,33.638628],[-117.821741,33.638695],[-117.822614,33.638954],[-117.822992,33.638397],[-117.822459,33.638162],[-117.821823,33.638074],[-117.821665,33.638628]]}},{"type":"Feature","properties":{"kind":"footway","name":""},"geometry":{"type":"LineString","coordinates":[[-117.821786,33.638092],[-117.821821,33.637933]]}},{"type":"Feature","properties":{"kind":"footway","name":""},"geometry":{"type":"LineString","coordinates":[[-117.821527,33.63847],[-117.821577,33.638257]]}},{"type":"Feature","properties":{"kind":"footway","name":""},"geometry":{"type":"LineString","coordinates":[[-117.821527,33.63847],[-117.821142,33.638411]]}},{"type":"Feature","properties":{"kind":"footway","name":""},"geometry":{"type":"LineString","coordinates":[[-117.821577,33.638257],[-117.821203,33.638208]]}},{"type":"Feature","properties":{"kind":"footway","name":""},"geometry":{"type":"LineString","coordinates":[[-117.820548,33.647826],[-117.820595,33.647649]]}},{"type":"Feature","properties":{"kind":"footway","name":""},"geometry":{"type":"LineString","coordinates":[[-117.820548,33.647826],[-117.821326,33.647758],[-117.822107,33.647538],[-117.822236,33.647721],[-117.822393,33.647717],[-117.822452,33.647639],[-117.821881,33.646691],[-117.821608,33.646071],[-117.821413,33.646043],[-117.8207,33.646229],[-117.820495,33.645679]]}},{"type":"Feature","properties":{"kind":"footway","name":""},"geometry":{"type":"LineString","coordinates":[[-117.820495,33.645679],[-117.82045,33.645543]]}},{"type":"Feature","properties":{"kind":"footway","name":""},"geometry":{"type":"LineString","coordinates":[[-117.82045,33.645543],[-117.820447,33.645532]]}},{"type":"Feature","properties":{"kind":"footway","name":""},"geometry":{"type":"LineString","coordinates":[[-117.821087,33.644721],[-117.821068,33.64457]]}},{"type":"Feature","properties":{"kind":"service","name":""},"geometry":{"type":"LineString","coordinates":[[-117.821319,33.644877],[-117.821217,33.644882]]}},{"type":"Feature","properties":{"kind":"footway","name":""},"geometry":{"type":"LineString","coordinates":[[-117.817537,33.642084],[-117.817576,33.642185],[-117.817674,33.642212],[-117.817992,33.641958],[-117.818969,33.641881],[-117.819064,33.641769],[-117.819365,33.640833],[-117.819443,33.640821],[-117.81978,33.640986]]}},{"type":"Feature","properties":{"kind":"footway","name":""},"geometry":{"type":"LineString","coordinates":[[-117.81941,33.640814],[-117.819272,33.640728]]}},{"type":"Feature","properties":{"kind":"footway","name":""},"geometry":{"type":"LineString","coordinates":[[-117.819246,33.640787],[-117.819248,33.640699],[-117.818964,33.640447],[-117.818884,33.64044],[-117.818762,33.640557],[-117.818511,33.641369],[-117.818368,33.641416],[-117.818269,33.641312]]}},{"type":"Feature","properties":{"kind":"footway","name":""},"geometry":{"type":"LineString","coordinates":[[-117.819848,33.640818],[-117.819603,33.640746],[-117.819263,33.640502],[-117.819589,33.640154],[-117.820289,33.638727],[-117.820542,33.637834],[-117.820516,33.637749],[-117.820393,33.637709]]}},{"type":"Feature","properties":{"kind":"footway","name":""},"geometry":{"type":"LineString","coordinates":[[-117.82039,33.637328],[-117.820544,33.637252],[-117.820524,33.636911],[-117.820278,33.636186],[-117.819746,33.635569],[-117.818845,33.635013],[-117.819163,33.63465]]}},{"type":"Feature","properties":{"kind":"service","name":""},"geometry":{"type":"LineString","coordinates":[[-117.82054,33.637341],[-117.820409,33.63722]]}},{"type":"Feature","properties":{"kind":"service","name":""},"geometry":{"type":"LineString","coordinates":[[-117.820601,33.63773],[-117.820417,33.637797]]}},{"type":"Feature","properties":{"kind":"footway","name":""},"geometry":{"type":"LineString","coordinates":[[-117.819672,33.637605],[-117.81984,33.637519],[-117.819816,33.636647],[-117.819665,33.636339],[-117.81938,33.636004],[-117.819105,33.63579],[-117.818566,33.635515],[-117.818707,33.635206],[-117.818821,33.635155]]}},{"type":"Feature","properties":{"kind":"footway","name":""},"geometry":{"type":"LineString","coordinates":[[-117.819697,33.637941],[-117.819812,33.637963],[-117.819865,33.638047],[-117.819644,33.638736],[-117.819127,33.639744],[-117.818854,33.639934],[-117.819055,33.640325],[-117.819137,33.640405],[-117.819198,33.64039]]}},{"type":"Feature","properties":{"kind":"footway","name":""},"geometry":{"type":"LineString","coordinates":[[-117.819263,33.640502],[-117.819137,33.640405]]}},{"type":"Feature","properties":{"kind":"service","name":""},"geometry":{"type":"LineString","coordinates":[[-117.819918,33.637969],[-117.819721,33.638058]]}},{"type":"Feature","properties":{"kind":"service","name":""},"geometry":{"type":"LineString","coordinates":[[-117.819837,33.63762],[-117.819702,33.6375]]}},{"type":"Feature","properties":{"kind":"waterway:drain","name":""},"geometry":{"type":"LineString","coordinates":[[-117.818341,33.642207],[-117.818669,33.642216],[-117.819278,33.64235],[-117.819297,33.642393]]}},{"type":"Feature","properties":{"kind":"waterway:drain","name":""},"geometry":{"type":"LineString","coordinates":[[-117.819366,33.642301],[-117.819278,33.64235]]}},{"type":"Feature","properties":{"kind":"footway","name":""},"geometry":{"type":"LineString","coordinates":[[-117.82172,33.646703],[-117.821471,33.64621],[-117.820721,33.646392],[-117.820754,33.646951],[-117.821392,33.646851],[-117.821692,33.646759],[-117.82172,33.646703]]}},{"type":"Feature","properties":{"kind":"footway","name":""},"geometry":{"type":"LineString","coordinates":[[-117.820719,33.647103],[-117.820742,33.646938]]}},{"type":"Feature","properties":{"kind":"footway","name":""},"geometry":{"type":"LineString","coordinates":[[-117.820719,33.647103],[-117.820598,33.64765],[-117.82065,33.647695],[-117.821411,33.647607],[-117.822071,33.647391],[-117.821779,33.646881],[-117.820719,33.647103]]}},{"type":"Feature","properties":{"kind":"footway","name":""},"geometry":{"type":"LineString","coordinates":[[-117.822135,33.647537],[-117.822071,33.647391]]}},{"type":"Feature","properties":{"kind":"service","name":""},"geometry":{"type":"LineString","coordinates":[[-117.822519,33.647639],[-117.822298,33.647605]]}},{"type":"Feature","properties":{"kind":"footway","name":""},"geometry":{"type":"LineString","coordinates":[[-117.821779,33.646881],[-117.821715,33.646732]]}},{"type":"Feature","properties":{"kind":"service","name":""},"geometry":{"type":"LineString","coordinates":[[-117.819994,33.644692],[-117.820141,33.644775]]}},{"type":"Feature","properties":{"kind":"footway","name":""},"geometry":{"type":"LineString","coordinates":[[-117.820945,33.643832],[-117.820173,33.643827],[-117.820147,33.643103],[-117.820207,33.642656],[-117.820318,33.642374],[-117.821036,33.642456],[-117.820945,33.643832]]}},{"type":"Feature","properties":{"kind":"footway","name":""},"geometry":{"type":"LineString","coordinates":[[-117.820969,33.643975],[-117.820945,33.643832]]}},{"type":"Feature","properties":{"kind":"service","name":""},"geometry":{"type":"LineString","coordinates":[[-117.82124,33.642446],[-117.821123,33.642445]]}},{"type":"Feature","properties":{"kind":"service","name":""},"geometry":{"type":"LineString","coordinates":[[-117.820099,33.642353],[-117.820192,33.642367]]}},{"type":"Feature","properties":{"kind":"service","name":""},"geometry":{"type":"LineString","coordinates":[[-117.820287,33.642544],[-117.820156,33.642522]]}},{"type":"Feature","properties":{"kind":"footway","name":""},"geometry":{"type":"LineString","coordinates":[[-117.818923,33.642532],[-117.818831,33.643295],[-117.818178,33.643511],[-117.818004,33.643652],[-117.817836,33.643624],[-117.817845,33.643447],[-117.818687,33.643172],[-117.818753,33.642525]]}},{"type":"Feature","properties":{"kind":"footway","name":""},"geometry":{"type":"LineString","coordinates":[[-117.819529,33.645788],[-117.81934,33.645714],[-117.818692,33.646017],[-117.818278,33.646323]]}},{"type":"Feature","properties":{"kind":"footway","name":""},"geometry":{"type":"LineString","coordinates":[[-117.818423,33.646454],[-117.818799,33.646114],[-117.819091,33.645976],[-117.819457,33.645936],[-117.819529,33.645788]]}},{"type":"Feature","properties":{"kind":"service","name":""},"geometry":{"type":"LineString","coordinates":[[-117.819374,33.645835],[-117.819423,33.645653]]}},{"type":"Feature","properties":{"kind":"footway","name":""},"geometry":{"type":"LineString","coordinates":[[-117.819225,33.646867],[-117.819268,33.646635],[-117.819437,33.646579],[-117.81954,33.6467],[-117.819406,33.646854],[-117.819414,33.646926]]}},{"type":"Feature","properties":{"kind":"service","name":""},"geometry":{"type":"LineString","coordinates":[[-117.818737,33.653059],[-117.818718,33.652856]]}},{"type":"Feature","properties":{"kind":"service","name":""},"geometry":{"type":"LineString","coordinates":[[-117.818728,33.652963],[-117.818596,33.652949]]}},{"type":"Feature","properties":{"kind":"service","name":""},"geometry":{"type":"LineString","coordinates":[[-117.818501,33.653472],[-117.818634,33.653292]]}},{"type":"Feature","properties":{"kind":"service","name":""},"geometry":{"type":"LineString","coordinates":[[-117.818566,33.653383],[-117.818391,33.653304]]}},{"type":"Feature","properties":{"kind":"service","name":""},"geometry":{"type":"LineString","coordinates":[[-117.818636,33.652609],[-117.818534,33.652407]]}},{"type":"Feature","properties":{"kind":"service","name":""},"geometry":{"type":"LineString","coordinates":[[-117.818584,33.652506],[-117.818461,33.652554]]}},{"type":"Feature","properties":{"kind":"footway","name":""},"geometry":{"type":"LineString","coordinates":[[-117.81929,33.64493],[-117.819264,33.644934]]}},{"type":"Feature","properties":{"kind":"footway","name":""},"geometry":{"type":"LineString","coordinates":[[-117.819264,33.644934],[-117.819183,33.645066],[-117.819023,33.645085],[-117.817771,33.645611]]}},{"type":"Feature","properties":{"kind":"footway","name":""},"geometry":{"type":"LineString","coordinates":[[-117.819264,33.644934],[-117.819221,33.644867],[-117.819073,33.644842],[-117.818901,33.644982],[-117.818194,33.645309],[-117.817707,33.645442]]}},{"type":"Feature","properties":{"kind":"service","name":""},"geometry":{"type":"LineString","coordinates":[[-117.819236,33.64481],[-117.819131,33.644954]]}},{"type":"Feature","properties":{"kind":"footway","name":""},"geometry":{"type":"LineString","coordinates":[[-117.820191,33.652098],[-117.820636,33.651927],[-117.820826,33.651712],[-117.820892,33.651021],[-117.820586,33.650907],[-117.820614,33.650779]]}},{"type":"Feature","properties":{"kind":"footway","name":""},"geometry":{"type":"LineString","coordinates":[[-117.81962,33.651346],[-117.819458,33.651282]]}},{"type":"Feature","properties":{"kind":"footway","name":""},"geometry":{"type":"LineString","coordinates":[[-117.819529,33.651514],[-117.819523,33.651553]]}},{"type":"Feature","properties":{"kind":"footway","name":""},"geometry":{"type":"LineString","coordinates":[[-117.819709,33.652812],[-117.819769,33.652682]]}},{"type":"Feature","properties":{"kind":"footway","name":""},"geometry":{"type":"LineString","coordinates":[[-117.819128,33.644047],[-117.819076,33.643963],[-117.818922,33.643945],[-117.818062,33.644402],[-117.817454,33.644569]]}},{"type":"Feature","properties":{"kind":"footway","name":""},"geometry":{"type":"LineString","coordinates":[[-117.817525,33.644732],[-117.818836,33.644187],[-117.819041,33.644164],[-117.819128,33.644047]]}},{"type":"Feature","properties":{"kind":"service","name":""},"geometry":{"type":"LineString","coordinates":[[-117.818982,33.644052],[-117.819192,33.643957]]}},{"type":"Feature","properties":{"kind":"footway","name":""},"geometry":{"type":"LineString","coordinates":[[-117.838717,33.64504],[-117.838663,33.645049]]}},{"type":"Feature","properties":{"kind":"footway","name":""},"geometry":{"type":"LineString","coordinates":[[-117.821247,33.641456],[-117.820511,33.641288],[-117.820413,33.641114],[-117.821171,33.639542],[-117.821527,33.63847]]}},{"type":"Feature","properties":{"kind":"footway","name":""},"geometry":{"type":"LineString","coordinates":[[-117.821371,33.639494],[-117.820576,33.641131],[-117.820611,33.641187],[-117.821256,33.641332],[-117.822052,33.639775],[-117.821371,33.639494]]}},{"type":"Feature","properties":{"kind":"service","name":""},"geometry":{"type":"LineString","coordinates":[[-117.820632,33.641051],[-117.820533,33.641015]]}},{"type":"Feature","properties":{"kind":"service","name":""},"geometry":{"type":"LineString","coordinates":[[-117.820378,33.641145],[-117.820498,33.641153]]}},{"type":"Feature","properties":{"kind":"service","name":""},"geometry":{"type":"LineString","coordinates":[[-117.821443,33.64145],[-117.821302,33.641384]]}},{"type":"Feature","properties":{"kind":"footway","name":""},"geometry":{"type":"LineString","coordinates":[[-117.821247,33.641456],[-117.821431,33.641396],[-117.822257,33.639783],[-117.822175,33.63963],[-117.821435,33.639332],[-117.821601,33.63883],[-117.821684,33.638811],[-117.82264,33.63912],[-117.822764,33.639041],[-117.823192,33.638393],[-117.823106,33.638257],[-117.822708,33.638112],[-117.821821,33.637933]]}},{"type":"Feature","properties":{"kind":"footway","name":""},"geometry":{"type":"LineString","coordinates":[[-117.821629,33.638809],[-117.821676,33.638667]]}},{"type":"Feature","properties":{"kind":"footway","name":""},"geometry":{"type":"LineString","coordinates":[[-117.8214,33.639483],[-117.82144,33.639338]]}},{"type":"Feature","properties":{"kind":"service","name":""},"geometry":{"type":"LineString","coordinates":[[-117.821291,33.641229],[-117.821404,33.641258]]}},{"type":"Feature","properties":{"kind":"service","name":""},"geometry":{"type":"LineString","coordinates":[[-117.822264,33.639661],[-117.82213,33.639712]]}},{"type":"Feature","properties":{"kind":"service","name":""},"geometry":{"type":"LineString","coordinates":[[-117.822309,33.639711],[-117.822136,33.639749]]}},{"type":"Feature","properties":{"kind":"footway","name":""},"geometry":{"type":"LineString","coordinates":[[-117.821577,33.638257],[-117.821719,33.637343],[-117.82168,33.636559],[-117.82158,33.636293],[-117.821653,33.636207],[-117.821842,33.636244],[-117.821872,33.636459],[-117.823006,33.636626],[-117.823877,33.636949],[-117.824014,33.636774],[-117.824209,33.636821],[-117.824216,33.636918],[-117.824012,33.637101],[-117.823597,33.637731],[-117.823408,33.637738],[-117.823145,33.637588],[-117.822678,33.637442],[-117.821922,33.637327],[-117.821821,33.637933]]}},{"type":"Feature","properties":{"kind":"footway","name":""},"geometry":{"type":"LineString","coordinates":[[-117.821925,33.636592],[-117.823068,33.636786],[-117.823798,33.637071],[-117.823808,33.63714],[-117.823494,33.637581],[-117.822721,33.637313],[-117.821899,33.637183],[-117.821847,33.636636],[-117.821925,33.636592]]}},{"type":"Feature","properties":{"kind":"service","name":""},"geometry":{"type":"LineString","coordinates":[[-117.821658,33.636641],[-117.821769,33.636631]]}},{"type":"Feature","properties":{"kind":"service","name":""},"geometry":{"type":"LineString","coordinates":[[-117.822012,33.637172],[-117.822001,33.637262]]}},{"type":"Feature","properties":{"kind":"footway","name":""},"geometry":{"type":"LineString","coordinates":[[-117.821887,33.637342],[-117.821899,33.637183]]}},{"type":"Feature","properties":{"kind":"service","name":""},"geometry":{"type":"LineString","coordinates":[[-117.823613,33.637762],[-117.823545,33.637631]]}},{"type":"Feature","properties":{"kind":"service","name":""},"geometry":{"type":"LineString","coordinates":[[-117.823228,33.638396],[-117.823092,33.638385]]}},{"type":"Feature","properties":{"kind":"service","name":""},"geometry":{"type":"LineString","coordinates":[[-117.821305,33.639679],[-117.821196,33.63964]]}},{"type":"Feature","properties":{"kind":"service","name":""},"geometry":{"type":"LineString","coordinates":[[-117.820392,33.652101],[-117.820156,33.652272]]}},{"type":"Feature","properties":{"kind":"waterway:stream","name":""},"geometry":{"type":"LineString","coordinates":[[-117.819547,33.653102],[-117.819573,33.653378],[-117.81969,33.653565],[-117.819683,33.653944],[-117.819755,33.653972]]}},{"type":"Feature","properties":{"kind":"waterway:stream","name":""},"geometry":{"type":"LineString","coordinates":[[-117.819755,33.653972],[-117.819804,33.654041]]}},{"type":"Feature","properties":{"kind":"footway","name":""},"geometry":{"type":"LineString","coordinates":[[-117.821415,33.650002],[-117.82131,33.649921],[-117.82129,33.649817]]}},{"type":"Feature","properties":{"kind":"footway","name":""},"geometry":{"type":"LineString","coordinates":[[-117.821773,33.64972],[-117.821655,33.649721]]}},{"type":"Feature","properties":{"kind":"footway","name":""},"geometry":{"type":"LineString","coordinates":[[-117.821702,33.649721],[-117.821663,33.649641],[-117.821519,33.649583],[-117.821522,33.649486]]}},{"type":"Feature","properties":{"kind":"footway","name":""},"geometry":{"type":"LineString","coordinates":[[-117.826146,33.646132],[-117.826093,33.646137]]}},{"type":"Feature","properties":{"kind":"footway","name":""},"geometry":{"type":"LineString","coordinates":[[-117.828912,33.646787],[-117.828599,33.646826]]}},{"type":"Feature","properties":{"kind":"footway","name":""},"geometry":{"type":"LineString","coordinates":[[-117.828853,33.647136],[-117.828865,33.647054]]}},{"type":"Feature","properties":{"kind":"footway","name":""},"geometry":{"type":"LineString","coordinates":[[-117.828853,33.647098],[-117.82865,33.647123]]}},{"type":"Feature","properties":{"kind":"footway","name":""},"geometry":{"type":"LineString","coordinates":[[-117.827877,33.647212],[-117.827833,33.647384],[-117.82772,33.647431]]}},{"type":"Feature","properties":{"kind":"footway","name":""},"geometry":{"type":"LineString","coordinates":[[-117.818843,33.637455],[-117.818992,33.637508],[-117.819086,33.637436],[-117.819204,33.63702],[-117.819138,33.63668],[-117.818807,33.636284],[-117.81825,33.635992]]}},{"type":"Feature","properties":{"kind":"footway","name":""},"geometry":{"type":"LineString","coordinates":[[-117.833466,33.645933],[-117.833509,33.645896],[-117.833445,33.645804],[-117.833163,33.64565]]}},{"type":"Feature","properties":{"kind":"footway","name":""},"geometry":{"type":"LineString","coordinates":[[-117.832145,33.647792],[-117.832208,33.648],[-117.832093,33.648024],[-117.83207,33.647957]]}},{"type":"Feature","properties":{"kind":"footway","name":""},"geometry":{"type":"LineString","coordinates":[[-117.832208,33.648],[-117.832537,33.64793]]}},{"type":"Feature","properties":{"kind":"footway","name":""},"geometry":{"type":"LineString","coordinates":[[-117.833191,33.647557],[-117.833328,33.647757]]}},{"type":"Feature","properties":{"kind":"footway","name":""},"geometry":{"type":"LineString","coordinates":[[-117.833395,33.647673],[-117.833411,33.647739],[-117.833189,33.647783],[-117.833168,33.647723]]}},{"type":"Feature","properties":{"kind":"footway","name":""},"geometry":{"type":"LineString","coordinates":[[-117.83295,33.644754],[-117.833024,33.644877],[-117.833114,33.644898],[-117.833365,33.644796],[-117.833712,33.644792],[-117.833835,33.64463]]}},{"type":"Feature","properties":{"kind":"footway","name":""},"geometry":{"type":"LineString","coordinates":[[-117.833323,33.645239],[-117.833212,33.644868]]}},{"type":"Feature","properties":{"kind":"footway","name":""},"geometry":{"type":"LineString","coordinates":[[-117.833795,33.64501],[-117.833874,33.644922],[-117.833764,33.64477]]}},{"type":"Feature","properties":{"kind":"footway","name":""},"geometry":{"type":"LineString","coordinates":[[-117.833833,33.645037],[-117.833702,33.64515],[-117.833653,33.645288],[-117.833164,33.645399],[-117.833054,33.645356]]}},{"type":"Feature","properties":{"kind":"footway","name":""},"geometry":{"type":"LineString","coordinates":[[-117.832955,33.645366],[-117.832888,33.645272],[-117.832941,33.645152]]}},{"type":"Feature","properties":{"kind":"footway","name":""},"geometry":{"type":"LineString","coordinates":[[-117.818825,33.640338],[-117.81867,33.639952],[-117.818417,33.640025],[-117.818196,33.640272],[-117.817985,33.640863],[-117.817896,33.640925],[-117.817795,33.640904]]}},{"type":"Feature","properties":{"kind":"footway","name":""},"geometry":{"type":"LineString","coordinates":[[-117.81891,33.64043],[-117.818825,33.640338]]}},{"type":"Feature","properties":{"kind":"footway","name":""},"geometry":{"type":"LineString","coordinates":[[-117.81886,33.639925],[-117.81867,33.639952]]}},{"type":"Feature","properties":{"kind":"waterway:stream","name":""},"geometry":{"type":"LineString","coordinates":[[-117.820915,33.656234],[-117.820942,33.656321],[-117.820697,33.656533],[-117.820837,33.656636]]}},{"type":"Feature","properties":{"kind":"waterway:stream","name":""},"geometry":{"type":"LineString","coordinates":[[-117.82089,33.656154],[-117.820915,33.656234]]}},{"type":"Feature","properties":{"kind":"tertiary","name":"Harvard Avenue"},"geometry":{"type":"LineString","coordinates":[[-117.83475,33.651192],[-117.834858,33.651276],[-117.835077,33.651325]]}},{"type":"Feature","properties":{"kind":"tertiary","name":"Harvard Avenue"},"geometry":{"type":"LineString","coordinates":[[-117.835412,33.651339],[-117.835111,33.65122]]}},{"type":"Feature","properties":{"kind":"tertiary","name":"Harvard Avenue"},"geometry":{"type":"LineString","coordinates":[[-117.835111,33.65122],[-117.83475,33.651192]]}},{"type":"Feature","properties":{"kind":"tertiary","name":"Harvard Avenue"},"geometry":{"type":"LineString","coordinates":[[-117.835077,33.651325],[-117.835412,33.651339]]}},{"type":"Feature","properties":{"kind":"tertiary","name":"Berkeley Avenue"},"geometry":{"type":"LineString","coordinates":[[-117.835345,33.650369],[-117.835273,33.65062]]}},{"type":"Feature","properties":{"kind":"tertiary","name":"Berkeley"},"geometry":{"type":"LineString","coordinates":[[-117.83544,33.649922],[-117.835345,33.650369]]}},{"type":"Feature","properties":{"kind":"tertiary","name":"Berkeley Avenue"},"geometry":{"type":"LineString","coordinates":[[-117.835396,33.648716],[-117.835425,33.648823]]}},{"type":"Feature","properties":{"kind":"service","name":"Georgetown"},"geometry":{"type":"LineString","coordinates":[[-117.827975,33.652213],[-117.828128,33.652652]]}},{"type":"Feature","properties":{"kind":"footway","name":""},"geometry":{"type":"LineString","coordinates":[[-117.830365,33.6451],[-117.830341,33.645093]]}},{"type":"Feature","properties":{"kind":"service","name":""},"geometry":{"type":"LineString","coordinates":[[-117.837032,33.642063],[-117.836972,33.642053]]}},{"type":"Feature","properties":{"kind":"footway","name":""},"geometry":{"type":"LineString","coordinates":[[-117.837049,33.641943],[-117.837085,33.64183],[-117.836963,33.641867]]}},{"type":"Feature","properties":{"kind":"footway","name":""},"geometry":{"type":"LineString","coordinates":[[-117.837049,33.641943],[-117.836938,33.641933]]}},{"type":"Feature","properties":{"kind":"service","name":""},"geometry":{"type":"LineString","coordinates":[[-117.834905,33.640675],[-117.835,33.640604]]}},{"type":"Feature","properties":{"kind":"footway","name":""},"geometry":{"type":"LineString","coordinates":[[-117.836869,33.640069],[-117.836996,33.640143]]}},{"type":"Feature","properties":{"kind":"footway","name":""},"geometry":{"type":"LineString","coordinates":[[-117.832677,33.641453],[-117.832567,33.641389],[-117.832401,33.641389]]}},{"type":"Feature","properties":{"kind":"footway","name":""},"geometry":{"type":"LineString","coordinates":[[-117.833271,33.641383],[-117.832641,33.641221]]}},{"type":"Feature","properties":{"kind":"residential","name":"Twain Street"},"geometry":{"type":"LineString","coordinates":[[-117.833685,33.637041],[-117.833746,33.637402]]}},{"type":"Feature","properties":{"kind":"residential","name":"Twain Street"},"geometry":{"type":"LineString","coordinates":[[-117.833746,33.637402],[-117.833775,33.637041]]}},{"type":"Feature","properties":{"kind":"footway","name":""},"geometry":{"type":"LineString","coordinates":[[-117.833852,33.637113],[-117.833832,33.637455],[-117.833886,33.637608],[-117.834391,33.637979]]}},{"type":"Feature","properties":{"kind":"primary","name":"Culver Drive"},"geometry":{"type":"LineString","coordinates":[[-117.824898,33.650695],[-117.825036,33.651093]]}},{"type":"Feature","properties":{"kind":"service","name":"Wellesley"},"geometry":{"type":"LineString","coordinates":[[-117.826272,33.651087],[-117.826681,33.651042]]}},{"type":"Feature","properties":{"kind":"service","name":"Wellesley"},"geometry":{"type":"LineString","coordinates":[[-117.825684,33.651225],[-117.826272,33.651087]]}},{"type":"Feature","properties":{"kind":"footway","name":""},"geometry":{"type":"LineString","coordinates":[[-117.837922,33.65104],[-117.838071,33.651]]}},{"type":"Feature","properties":{"kind":"footway","name":""},"geometry":{"type":"LineString","coordinates":[[-117.840013,33.64728],[-117.840231,33.647167]]}},{"type":"Feature","properties":{"kind":"pedestrian","name":""},"geometry":{"type":"LineString","coordinates":[[-117.840183,33.647312],[-117.840012,33.647239]]}},{"type":"Feature","properties":{"kind":"secondary","name":"Michael Drake Drive"},"geometry":{"type":"LineString","coordinates":[[-117.84989,33.642664],[-117.850009,33.642652],[-117.850561,33.642303]]}},{"type":"Feature","properties":{"kind":"footway","name":""},"geometry":{"type":"LineString","coordinates":[[-117.84495,33.646613],[-117.845111,33.646658]]}},{"type":"Feature","properties":{"kind":"footway","name":""},"geometry":{"type":"LineString","coordinates":[[-117.845111,33.646658],[-117.845272,33.646712]]}},{"type":"Feature","properties":{"kind":"footway","name":""},"geometry":{"type":"LineString","coordinates":[[-117.839903,33.646414],[-117.839917,33.6466],[-117.840666,33.646517],[-117.840632,33.64633],[-117.840312,33.646366]]}},{"type":"Feature","properties":{"kind":"footway","name":""},"geometry":{"type":"LineString","coordinates":[[-117.834223,33.645316],[-117.834303,33.645261]]}},{"type":"Feature","properties":{"kind":"footway","name":""},"geometry":{"type":"LineString","coordinates":[[-117.834303,33.645261],[-117.834355,33.645226]]}},{"type":"Feature","properties":{"kind":"footway","name":""},"geometry":{"type":"LineString","coordinates":[[-117.834355,33.645226],[-117.834426,33.645178]]}},{"type":"Feature","properties":{"kind":"footway","name":""},"geometry":{"type":"LineString","coordinates":[[-117.839971,33.636825],[-117.840057,33.636807]]}},{"type":"Feature","properties":{"kind":"footway","name":""},"geometry":{"type":"LineString","coordinates":[[-117.839407,33.63688],[-117.839469,33.63674]]}},{"type":"Feature","properties":{"kind":"footway","name":""},"geometry":{"type":"LineString","coordinates":[[-117.839155,33.637332],[-117.83908,33.637486]]}},{"type":"Feature","properties":{"kind":"footway","name":""},"geometry":{"type":"LineString","coordinates":[[-117.838804,33.638722],[-117.838758,33.638599],[-117.838932,33.638541]]}},{"type":"Feature","properties":{"kind":"residential","name":"Harvey Court"},"geometry":{"type":"LineString","coordinates":[[-117.842923,33.636724],[-117.843106,33.636892],[-117.84355,33.636908],[-117.843923,33.637044],[-117.844003,33.637131],[-117.844041,33.637425]]}},{"type":"Feature","properties":{"kind":"residential","name":"Harvey Court"},"geometry":{"type":"LineString","coordinates":[[-117.844041,33.637425],[-117.844153,33.637575],[-117.84435,33.637582],[-117.844326,33.637502],[-117.844041,33.637425]]}},{"type":"Feature","properties":{"kind":"footway","name":""},"geometry":{"type":"LineString","coordinates":[[-117.834653,33.646673],[-117.83448,33.646671]]}},{"type":"Feature","properties":{"kind":"footway","name":""},"geometry":{"type":"LineString","coordinates":[[-117.834613,33.646673],[-117.834619,33.646838]]}},{"type":"Feature","properties":{"kind":"footway","name":""},"geometry":{"type":"LineString","coordinates":[[-117.834511,33.646838],[-117.834718,33.646838]]}},{"type":"Feature","properties":{"kind":"cycleway","name":""},"geometry":{"type":"LineString","coordinates":[[-117.827838,33.647888],[-117.828112,33.647772]]}},{"type":"Feature","properties":{"kind":"footway","name":""},"geometry":{"type":"LineString","coordinates":[[-117.829234,33.647911],[-117.829165,33.647742]]}},{"type":"Feature","properties":{"kind":"footway","name":""},"geometry":{"type":"LineString","coordinates":[[-117.829409,33.648835],[-117.829339,33.648581]]}},{"type":"Feature","properties":{"kind":"footway","name":""},"geometry":{"type":"LineString","coordinates":[[-117.83795,33.648423],[-117.838165,33.648541]]}},{"type":"Feature","properties":{"kind":"footway","name":""},"geometry":{"type":"LineString","coordinates":[[-117.838165,33.648541],[-117.838133,33.648594]]}},{"type":"Feature","properties":{"kind":"footway","name":""},"geometry":{"type":"LineString","coordinates":[[-117.838133,33.648594],[-117.838125,33.648608]]}},{"type":"Feature","properties":{"kind":"footway","name":""},"geometry":{"type":"LineString","coordinates":[[-117.838047,33.648565],[-117.838242,33.648684],[-117.838101,33.648882]]}},{"type":"Feature","properties":{"kind":"footway","name":""},"geometry":{"type":"LineString","coordinates":[[-117.838276,33.648822],[-117.83818,33.648771]]}},{"type":"Feature","properties":{"kind":"footway","name":""},"geometry":{"type":"LineString","coordinates":[[-117.827454,33.640243],[-117.827115,33.640111]]}},{"type":"Feature","properties":{"kind":"footway","name":""},"geometry":{"type":"LineString","coordinates":[[-117.826706,33.638486],[-117.826857,33.638546],[-117.827211,33.63856]]}},{"type":"Feature","properties":{"kind":"footway","name":""},"geometry":{"type":"LineString","coordinates":[[-117.826627,33.63818],[-117.826602,33.638396],[-117.826696,33.638462],[-117.826713,33.638671]]}},{"type":"Feature","properties":{"kind":"footway","name":""},"geometry":{"type":"LineString","coordinates":[[-117.82582,33.638111],[-117.826001,33.638591],[-117.825891,33.638738],[-117.825708,33.638775]]}},{"type":"Feature","properties":{"kind":"footway","name":""},"geometry":{"type":"LineString","coordinates":[[-117.828462,33.638072],[-117.828199,33.638188],[-117.82816,33.638259],[-117.827973,33.63822]]}},{"type":"Feature","properties":{"kind":"footway","name":""},"geometry":{"type":"LineString","coordinates":[[-117.826914,33.636375],[-117.82595,33.637368],[-117.825541,33.637669],[-117.82582,33.638111],[-117.825979,33.637933],[-117.82608,33.637922],[-117.8265,33.63807],[-117.826681,33.638235]]}},{"type":"Feature","properties":{"kind":"footway","name":""},"geometry":{"type":"LineString","coordinates":[[-117.828263,33.638512],[-117.827871,33.638093],[-117.827718,33.638076],[-117.82737,33.637777],[-117.827373,33.637618],[-117.827115,33.637376],[-117.826972,33.637065],[-117.826895,33.636507],[-117.826956,33.636308],[-117.827441,33.636089],[-117.8277,33.636125]]}},{"type":"Feature","properties":{"kind":"secondary","name":"Campus Drive"},"geometry":{"type":"LineString","coordinates":[[-117.845771,33.655794],[-117.8459,33.655913]]}},{"type":"Feature","properties":{"kind":"secondary","name":"Campus Drive"},"geometry":{"type":"LineString","coordinates":[[-117.845739,33.655724],[-117.845771,33.655794]]}},{"type":"Feature","properties":{"kind":"secondary","name":"Campus Drive"},"geometry":{"type":"LineString","coordinates":[[-117.845823,33.655738],[-117.845739,33.655724]]}},{"type":"Feature","properties":{"kind":"secondary","name":"Campus Drive"},"geometry":{"type":"LineString","coordinates":[[-117.845651,33.655666],[-117.845739,33.655724]]}},{"type":"Feature","properties":{"kind":"service","name":""},"geometry":{"type":"LineString","coordinates":[[-117.845252,33.653466],[-117.845206,33.653644],[-117.845055,33.653765],[-117.844018,33.653775]]}},{"type":"Feature","properties":{"kind":"footway","name":""},"geometry":{"type":"LineString","coordinates":[[-117.844563,33.653026],[-117.844504,33.653146]]}},{"type":"Feature","properties":{"kind":"footway","name":""},"geometry":{"type":"LineString","coordinates":[[-117.844808,33.653084],[-117.844648,33.653012],[-117.844754,33.652898]]}},{"type":"Feature","properties":{"kind":"cycleway","name":""},"geometry":{"type":"LineString","coordinates":[[-117.843738,33.652854],[-117.84338,33.652708],[-117.84317,33.652731]]}},{"type":"Feature","properties":{"kind":"footway","name":""},"geometry":{"type":"LineString","coordinates":[[-117.845577,33.653159],[-117.845166,33.653174],[-117.845145,33.653249],[-117.845061,33.653249],[-117.845038,33.65349]]}},{"type":"Feature","properties":{"kind":"footway","name":""},"geometry":{"type":"LineString","coordinates":[[-117.845758,33.653421],[-117.845722,33.653523],[-117.845583,33.653595]]}},{"type":"Feature","properties":{"kind":"service","name":""},"geometry":{"type":"LineString","coordinates":[[-117.840286,33.642512],[-117.840228,33.642106],[-117.840324,33.641685]]}},{"type":"Feature","properties":{"kind":"service","name":""},"geometry":{"type":"LineString","coordinates":[[-117.841364,33.641747],[-117.841542,33.642242]]}},{"type":"Feature","properties":{"kind":"service","name":""},"geometry":{"type":"LineString","coordinates":[[-117.84124,33.641092],[-117.840482,33.641293]]}},{"type":"Feature","properties":{"kind":"service","name":""},"geometry":{"type":"LineString","coordinates":[[-117.841301,33.641765],[-117.841011,33.641362]]}},{"type":"Feature","properties":{"kind":"service","name":""},"geometry":{"type":"LineString","coordinates":[[-117.840899,33.641875],[-117.840605,33.641482]]}},{"type":"Feature","properties":{"kind":"service","name":""},"geometry":{"type":"LineString","coordinates":[[-117.840964,33.641857],[-117.841142,33.642338]]}},{"type":"Feature","properties":{"kind":"service","name":""},"geometry":{"type":"LineString","coordinates":[[-117.840566,33.641967],[-117.840742,33.642439]]}},{"type":"Feature","properties":{"kind":"residential","name":"Ginsburg Court"},"geometry":{"type":"LineString","coordinates":[[-117.841647,33.64167],[-117.840485,33.641984],[-117.840257,33.641972]]}},{"type":"Feature","properties":{"kind":"footway","name":""},"geometry":{"type":"LineString","coordinates":[[-117.840991,33.640918],[-117.840434,33.641073],[-117.840377,33.641188],[-117.840399,33.641492],[-117.840168,33.641692],[-117.840027,33.642301],[-117.839568,33.6426],[-117.839328,33.642634],[-117.839268,33.642702]]}},{"type":"Feature","properties":{"kind":"footway","name":""},"geometry":{"type":"LineString","coordinates":[[-117.844564,33.64839],[-117.8444,33.64844]]}},{"type":"Feature","properties":{"kind":"footway","name":""},"geometry":{"type":"LineString","coordinates":[[-117.8444,33.64844],[-117.844293,33.648479]]}},{"type":"Feature","properties":{"kind":"footway","name":""},"geometry":{"type":"LineString","coordinates":[[-117.844575,33.648567],[-117.844642,33.648538]]}},{"type":"Feature","properties":{"kind":"service","name":""},"geometry":{"type":"LineString","coordinates":[[-117.846369,33.644954],[-117.84648,33.645065]]}},{"type":"Feature","properties":{"kind":"footway","name":""},"geometry":{"type":"LineString","coordinates":[[-117.846422,33.645574],[-117.846406,33.645521]]}},{"type":"Feature","properties":{"kind":"footway","name":""},"geometry":{"type":"LineString","coordinates":[[-117.846406,33.645521],[-117.84643,33.645516]]}},{"type":"Feature","properties":{"kind":"footway","name":""},"geometry":{"type":"LineString","coordinates":[[-117.846493,33.645496],[-117.846506,33.645491]]}},{"type":"Feature","properties":{"kind":"footway","name":""},"geometry":{"type":"LineString","coordinates":[[-117.846506,33.645491],[-117.846483,33.645416]]}},{"type":"Feature","properties":{"kind":"footway","name":""},"geometry":{"type":"LineString","coordinates":[[-117.845934,33.644692],[-117.846335,33.644535]]}},{"type":"Feature","properties":{"kind":"footway","name":""},"geometry":{"type":"LineString","coordinates":[[-117.847415,33.644322],[-117.847311,33.644426]]}},{"type":"Feature","properties":{"kind":"footway","name":""},"geometry":{"type":"LineString","coordinates":[[-117.847242,33.644864],[-117.847244,33.644728],[-117.847385,33.644511]]}},{"type":"Feature","properties":{"kind":"footway","name":""},"geometry":{"type":"LineString","coordinates":[[-117.84724,33.64475],[-117.847128,33.644775]]}},{"type":"Feature","properties":{"kind":"footway","name":""},"geometry":{"type":"LineString","coordinates":[[-117.847261,33.644691],[-117.846945,33.644483],[-117.846765,33.64451]]}},{"type":"Feature","properties":{"kind":"footway","name":""},"geometry":{"type":"LineString","coordinates":[[-117.847152,33.644234],[-117.846849,33.644501]]}},{"type":"Feature","properties":{"kind":"footway","name":""},"geometry":{"type":"LineString","coordinates":[[-117.831679,33.644625],[-117.831464,33.644706],[-117.831286,33.644642]]}},{"type":"Feature","properties":{"kind":"footway","name":""},"geometry":{"type":"LineString","coordinates":[[-117.831306,33.644664],[-117.8312,33.644688]]}},{"type":"Feature","properties":{"kind":"footway","name":""},"geometry":{"type":"LineString","coordinates":[[-117.831038,33.644745],[-117.83047,33.644672]]}},{"type":"Feature","properties":{"kind":"footway","name":""},"geometry":{"type":"LineString","coordinates":[[-117.83047,33.644638],[-117.83039,33.644722]]}},{"type":"Feature","properties":{"kind":"footway","name":""},"geometry":{"type":"LineString","coordinates":[[-117.830426,33.644512],[-117.830383,33.644593]]}},{"type":"Feature","properties":{"kind":"footway","name":""},"geometry":{"type":"LineString","coordinates":[[-117.831234,33.64468],[-117.831063,33.644581]]}},{"type":"Feature","properties":{"kind":"footway","name":""},"geometry":{"type":"LineString","coordinates":[[-117.830987,33.64474],[-117.830996,33.644684],[-117.830898,33.644674]]}},{"type":"Feature","properties":{"kind":"cycleway","name":""},"geometry":{"type":"LineString","coordinates":[[-117.835061,33.643315],[-117.835124,33.643171]]}},{"type":"Feature","properties":{"kind":"footway","name":""},"geometry":{"type":"LineString","coordinates":[[-117.832968,33.642416],[-117.832991,33.642344]]}},{"type":"Feature","properties":{"kind":"footway","name":""},"geometry":{"type":"LineString","coordinates":[[-117.832991,33.642344],[-117.833096,33.642092]]}},{"type":"Feature","properties":{"kind":"footway","name":""},"geometry":{"type":"LineString","coordinates":[[-117.833225,33.641517],[-117.833339,33.64203],[-117.833304,33.642078],[-117.833096,33.642092]]}},{"type":"Feature","properties":{"kind":"footway","name":""},"geometry":{"type":"LineString","coordinates":[[-117.833271,33.641383],[-117.833244,33.641436]]}},{"type":"Feature","properties":{"kind":"footway","name":""},"geometry":{"type":"LineString","coordinates":[[-117.833244,33.641436],[-117.833225,33.641517]]}},{"type":"Feature","properties":{"kind":"footway","name":""},"geometry":{"type":"LineString","coordinates":[[-117.833434,33.641102],[-117.833271,33.641383]]}},{"type":"Feature","properties":{"kind":"footway","name":""},"geometry":{"type":"LineString","coordinates":[[-117.833718,33.640614],[-117.833434,33.641102]]}},{"type":"Feature","properties":{"kind":"footway","name":""},"geometry":{"type":"LineString","coordinates":[[-117.833136,33.642916],[-117.832897,33.642784]]}},{"type":"Feature","properties":{"kind":"footway","name":""},"geometry":{"type":"LineString","coordinates":[[-117.845908,33.646838],[-117.845861,33.646916]]}},{"type":"Feature","properties":{"kind":"footway","name":""},"geometry":{"type":"LineString","coordinates":[[-117.845861,33.646916],[-117.845834,33.646965]]}},{"type":"Feature","properties":{"kind":"footway","name":""},"geometry":{"type":"LineString","coordinates":[[-117.845914,33.647012],[-117.845834,33.646965]]}},{"type":"Feature","properties":{"kind":"footway","name":""},"geometry":{"type":"LineString","coordinates":[[-117.845834,33.646965],[-117.845782,33.647023],[-117.845864,33.647067]]}},{"type":"Feature","properties":{"kind":"footway","name":""},"geometry":{"type":"LineString","coordinates":[[-117.845562,33.647194],[-117.845471,33.647219]]}},{"type":"Feature","properties":{"kind":"footway","name":""},"geometry":{"type":"LineString","coordinates":[[-117.84385,33.64776],[-117.843866,33.647786]]}},{"type":"Feature","properties":{"kind":"footway","name":""},"geometry":{"type":"LineString","coordinates":[[-117.840523,33.646984],[-117.840445,33.646883]]}},{"type":"Feature","properties":{"kind":"cycleway","name":""},"geometry":{"type":"LineString","coordinates":[[-117.837549,33.643579],[-117.837654,33.643558]]}},{"type":"Feature","properties":{"kind":"footway","name":""},"geometry":{"type":"LineString","coordinates":[[-117.839855,33.652054],[-117.840115,33.652198]]}},{"type":"Feature","properties":{"kind":"footway","name":""},"geometry":{"type":"LineString","coordinates":[[-117.837865,33.650193],[-117.837872,33.650048]]}},{"type":"Feature","properties":{"kind":"footway","name":""},"geometry":{"type":"LineString","coordinates":[[-117.830493,33.649059],[-117.830464,33.64904]]}},{"type":"Feature","properties":{"kind":"footway","name":""},"geometry":{"type":"LineString","coordinates":[[-117.840477,33.64397],[-117.84001,33.64425]]}},{"type":"Feature","properties":{"kind":"pedestrian","name":""},"geometry":{"type":"LineString","coordinates":[[-117.845111,33.642431],[-117.845103,33.642249],[-117.844887,33.642253],[-117.844889,33.642483],[-117.844482,33.642294],[-117.844399,33.642309],[-117.845062,33.642619],[-117.845111,33.64253],[-117.845035,33.642529],[-117.84501,33.642464],[-117.845111,33.642431]]}},{"type":"Feature","properties":{"kind":"pedestrian","name":""},"geometry":{"type":"LineString","coordinates":[[-117.840463,33.647557],[-117.840561,33.647455],[-117.840397,33.647332],[-117.84029,33.647429],[-117.840463,33.647557]]}},{"type":"Feature","properties":{"kind":"pedestrian","name":""},"geometry":{"type":"LineString","coordinates":[[-117.844844,33.6476],[-117.844659,33.647448],[-117.844601,33.647494],[-117.844638,33.647526],[-117.844239,33.647796],[-117.844321,33.647913],[-117.844844,33.6476]]}},{"type":"Feature","properties":{"kind":"footway","name":""},"geometry":{"type":"LineString","coordinates":[[-117.83868,33.643667],[-117.838551,33.643655]]}},{"type":"Feature","properties":{"kind":"footway","name":""},"geometry":{"type":"LineString","coordinates":[[-117.838646,33.643664],[-117.838663,33.643544]]}},{"type":"Feature","properties":{"kind":"footway","name":""},"geometry":{"type":"LineString","coordinates":[[-117.838551,33.643655],[-117.838464,33.64364]]}},{"type":"Feature","properties":{"kind":"footway","name":""},"geometry":{"type":"LineString","coordinates":[[-117.838464,33.64364],[-117.838299,33.643649]]}},{"type":"Feature","properties":{"kind":"footway","name":""},"geometry":{"type":"LineString","coordinates":[[-117.83883,33.642932],[-117.838699,33.642914]]}},{"type":"Feature","properties":{"kind":"footway","name":""},"geometry":{"type":"LineString","coordinates":[[-117.829968,33.65054],[-117.829934,33.65044]]}},{"type":"Feature","properties":{"kind":"footway","name":""},"geometry":{"type":"LineString","coordinates":[[-117.83016,33.650471],[-117.830033,33.650074],[-117.83031,33.649994]]}},{"type":"Feature","properties":{"kind":"footway","name":""},"geometry":{"type":"LineString","coordinates":[[-117.83014,33.650398],[-117.829634,33.65051]]}},{"type":"Feature","properties":{"kind":"footway","name":""},"geometry":{"type":"LineString","coordinates":[[-117.830703,33.65183],[-117.830624,33.651636],[-117.83075,33.651584],[-117.830691,33.651449],[-117.830461,33.651032],[-117.8303,33.651092]]}},{"type":"Feature","properties":{"kind":"footway","name":""},"geometry":{"type":"LineString","coordinates":[[-117.8303,33.651092],[-117.830227,33.651119]]}},{"type":"Feature","properties":{"kind":"footway","name":""},"geometry":{"type":"LineString","coordinates":[[-117.830697,33.651083],[-117.830525,33.65115]]}},{"type":"Feature","properties":{"kind":"footway","name":""},"geometry":{"type":"LineString","coordinates":[[-117.830865,33.651389],[-117.830693,33.651454]]}},{"type":"Feature","properties":{"kind":"footway","name":""},"geometry":{"type":"LineString","coordinates":[[-117.830999,33.651099],[-117.831039,33.651095]]}},{"type":"Feature","properties":{"kind":"footway","name":""},"geometry":{"type":"LineString","coordinates":[[-117.831039,33.651095],[-117.831184,33.651073]]}},{"type":"Feature","properties":{"kind":"footway","name":""},"geometry":{"type":"LineString","coordinates":[[-117.831151,33.651087],[-117.831223,33.651184],[-117.831152,33.651274]]}},{"type":"Feature","properties":{"kind":"service","name":""},"geometry":{"type":"LineString","coordinates":[[-117.830873,33.650615],[-117.831106,33.65055],[-117.831141,33.650482]]}},{"type":"Feature","properties":{"kind":"footway","name":""},"geometry":{"type":"LineString","coordinates":[[-117.831964,33.649724],[-117.831822,33.649688]]}},{"type":"Feature","properties":{"kind":"footway","name":""},"geometry":{"type":"LineString","coordinates":[[-117.832086,33.649378],[-117.831957,33.649344]]}},{"type":"Feature","properties":{"kind":"footway","name":""},"geometry":{"type":"LineString","coordinates":[[-117.831361,33.648747],[-117.831396,33.649021],[-117.831478,33.649031]]}},{"type":"Feature","properties":{"kind":"footway","name":""},"geometry":{"type":"LineString","coordinates":[[-117.831408,33.649034],[-117.831287,33.649068]]}},{"type":"Feature","properties":{"kind":"footway","name":""},"geometry":{"type":"LineString","coordinates":[[-117.831287,33.649068],[-117.831083,33.649079]]}},{"type":"Feature","properties":{"kind":"footway","name":""},"geometry":{"type":"LineString","coordinates":[[-117.831083,33.649079],[-117.830939,33.649109]]}},{"type":"Feature","properties":{"kind":"footway","name":""},"geometry":{"type":"LineString","coordinates":[[-117.830939,33.649109],[-117.830947,33.649184],[-117.830869,33.6492]]}},{"type":"Feature","properties":{"kind":"footway","name":""},"geometry":{"type":"LineString","coordinates":[[-117.831478,33.649031],[-117.831575,33.649008]]}},{"type":"Feature","properties":{"kind":"footway","name":""},"geometry":{"type":"LineString","coordinates":[[-117.831575,33.649008],[-117.83185,33.648949]]}},{"type":"Feature","properties":{"kind":"footway","name":""},"geometry":{"type":"LineString","coordinates":[[-117.831914,33.64882],[-117.831946,33.648927]]}},{"type":"Feature","properties":{"kind":"footway","name":""},"geometry":{"type":"LineString","coordinates":[[-117.83185,33.648949],[-117.831946,33.648927]]}},{"type":"Feature","properties":{"kind":"pedestrian","name":""},"geometry":{"type":"LineString","coordinates":[[-117.840034,33.649229],[-117.840069,33.649187],[-117.839733,33.648975],[-117.839696,33.649015],[-117.840034,33.649229]]}},{"type":"Feature","properties":{"kind":"footway","name":""},"geometry":{"type":"LineString","coordinates":[[-117.843223,33.64606],[-117.843042,33.646623]]}},{"type":"Feature","properties":{"kind":"cycleway","name":""},"geometry":{"type":"LineString","coordinates":[[-117.842987,33.644697],[-117.842918,33.644656],[-117.842611,33.64467]]}},{"type":"Feature","properties":{"kind":"footway","name":""},"geometry":{"type":"LineString","coordinates":[[-117.841883,33.648134],[-117.841972,33.647965],[-117.841923,33.647928]]}},{"type":"Feature","properties":{"kind":"pedestrian","name":""},"geometry":{"type":"LineString","coordinates":[[-117.842616,33.648093],[-117.842566,33.648099],[-117.842573,33.64819],[-117.842669,33.648208],[-117.842693,33.648097],[-117.842616,33.648093]]}},{"type":"Feature","properties":{"kind":"pedestrian","name":""},"geometry":{"type":"LineString","coordinates":[[-117.844708,33.648324],[-117.844831,33.648272],[-117.844745,33.6482],[-117.844558,33.648193],[-117.844653,33.648278],[-117.844739,33.64824],[-117.84476,33.648276],[-117.844659,33.648281],[-117.844708,33.648324]]}},{"type":"Feature","properties":{"kind":"pedestrian","name":""},"geometry":{"type":"LineString","coordinates":[[-117.844659,33.648281],[-117.844661,33.64827],[-117.844659,33.648281]]}},{"type":"Feature","properties":{"kind":"pedestrian","name":""},"geometry":{"type":"LineString","coordinates":[[-117.845578,33.646101],[-117.845461,33.646775],[-117.845224,33.646704],[-117.845326,33.646566],[-117.845428,33.646108],[-117.845578,33.646101]]}},{"type":"Feature","properties":{"kind":"footway","name":""},"geometry":{"type":"LineString","coordinates":[[-117.839932,33.648256],[-117.839839,33.648275]]}},{"type":"Feature","properties":{"kind":"footway","name":""},"geometry":{"type":"LineString","coordinates":[[-117.840011,33.648249],[-117.839932,33.648256]]}},{"type":"Feature","properties":{"kind":"cycleway","name":""},"geometry":{"type":"LineString","coordinates":[[-117.833308,33.646303],[-117.833313,33.646699]]}},{"type":"Feature","properties":{"kind":"cycleway","name":""},"geometry":{"type":"LineString","coordinates":[[-117.832373,33.646123],[-117.832377,33.646424]]}},{"type":"Feature","properties":{"kind":"cycleway","name":""},"geometry":{"type":"LineString","coordinates":[[-117.832026,33.646372],[-117.832018,33.646092]]}},{"type":"Feature","properties":{"kind":"footway","name":""},"geometry":{"type":"LineString","coordinates":[[-117.834307,33.646689],[-117.834413,33.646727]]}},{"type":"Feature","properties":{"kind":"footway","name":""},"geometry":{"type":"LineString","coordinates":[[-117.834407,33.646445],[-117.834156,33.646907],[-117.833735,33.647248],[-117.833332,33.64741],[-117.831902,33.647705]]}},{"type":"Feature","properties":{"kind":"footway","name":""},"geometry":{"type":"LineString","coordinates":[[-117.832779,33.647535],[-117.83258,33.647414]]}},{"type":"Feature","properties":{"kind":"footway","name":""},"geometry":{"type":"LineString","coordinates":[[-117.83257,33.647438],[-117.832523,33.647428]]}},{"type":"Feature","properties":{"kind":"footway","name":""},"geometry":{"type":"LineString","coordinates":[[-117.836457,33.645569],[-117.836215,33.645571]]}},{"type":"Feature","properties":{"kind":"footway","name":""},"geometry":{"type":"LineString","coordinates":[[-117.839657,33.647507],[-117.839685,33.647497]]}},{"type":"Feature","properties":{"kind":"footway","name":""},"geometry":{"type":"LineString","coordinates":[[-117.839685,33.647497],[-117.839761,33.647413]]}},{"type":"Feature","properties":{"kind":"footway","name":""},"geometry":{"type":"LineString","coordinates":[[-117.839761,33.647413],[-117.839759,33.647396]]}},{"type":"Feature","properties":{"kind":"footway","name":""},"geometry":{"type":"LineString","coordinates":[[-117.840535,33.641279],[-117.840477,33.641119],[-117.840805,33.640997]]}},{"type":"Feature","properties":{"kind":"footway","name":""},"geometry":{"type":"LineString","coordinates":[[-117.833745,33.644728],[-117.833676,33.644643],[-117.833445,33.644662],[-117.833064,33.644786]]}},{"type":"Feature","properties":{"kind":"footway","name":""},"geometry":{"type":"LineString","coordinates":[[-117.833156,33.644745],[-117.833102,33.644683]]}},{"type":"Feature","properties":{"kind":"footway","name":""},"geometry":{"type":"LineString","coordinates":[[-117.833342,33.644673],[-117.8333,33.644581]]}},{"type":"Feature","properties":{"kind":"footway","name":""},"geometry":{"type":"LineString","coordinates":[[-117.833537,33.644655],[-117.833528,33.644552]]}},{"type":"Feature","properties":{"kind":"footway","name":""},"geometry":{"type":"LineString","coordinates":[[-117.833712,33.644792],[-117.833602,33.64493],[-117.833277,33.645101]]}},{"type":"Feature","properties":{"kind":"footway","name":""},"geometry":{"type":"LineString","coordinates":[[-117.833286,33.64514],[-117.832957,33.644905],[-117.832954,33.644788]]}},{"type":"Feature","properties":{"kind":"footway","name":""},"geometry":{"type":"LineString","coordinates":[[-117.832396,33.649684],[-117.832362,33.649739]]}},{"type":"Feature","properties":{"kind":"footway","name":""},"geometry":{"type":"LineString","coordinates":[[-117.832386,33.649716],[-117.832508,33.649794]]}},{"type":"Feature","properties":{"kind":"service","name":""},"geometry":{"type":"LineString","coordinates":[[-117.818854,33.647007],[-117.818968,33.646858]]}},{"type":"Feature","properties":{"kind":"footway","name":""},"geometry":{"type":"LineString","coordinates":[[-117.818677,33.647163],[-117.818596,33.647246],[-117.8187,33.647317],[-117.81844,33.647594],[-117.818583,33.647589],[-117.818642,33.64766]]}},{"type":"Feature","properties":{"kind":"footway","name":""},"geometry":{"type":"LineString","coordinates":[[-117.8188,33.647216],[-117.8187,33.647317]]}},{"type":"Feature","properties":{"kind":"footway","name":""},"geometry":{"type":"LineString","coordinates":[[-117.818539,33.647101],[-117.818478,33.647165]]}},{"type":"Feature","properties":{"kind":"footway","name":""},"geometry":{"type":"LineString","coordinates":[[-117.818356,33.647081],[-117.818596,33.647246]]}},{"type":"Feature","properties":{"kind":"footway","name":""},"geometry":{"type":"LineString","coordinates":[[-117.818539,33.647101],[-117.8186,33.647024]]}},{"type":"Feature","properties":{"kind":"footway","name":""},"geometry":{"type":"LineString","coordinates":[[-117.8186,33.647024],[-117.818791,33.646941]]}},{"type":"Feature","properties":{"kind":"service","name":""},"geometry":{"type":"LineString","coordinates":[[-117.829784,33.649724],[-117.830091,33.649662]]}},{"type":"Feature","properties":{"kind":"footway","name":""},"geometry":{"type":"LineString","coordinates":[[-117.82904,33.645668],[-117.828767,33.645701]]}},{"type":"Feature","properties":{"kind":"footway","name":""},"geometry":{"type":"LineString","coordinates":[[-117.828767,33.645701],[-117.828661,33.645711]]}},{"type":"Feature","properties":{"kind":"footway","name":""},"geometry":{"type":"LineString","coordinates":[[-117.828661,33.645711],[-117.828589,33.645719]]}},{"type":"Feature","properties":{"kind":"footway","name":""},"geometry":{"type":"LineString","coordinates":[[-117.828182,33.644348],[-117.828361,33.644406],[-117.829008,33.644443],[-117.829031,33.645551]]}},{"type":"Feature","properties":{"kind":"footway","name":""},"geometry":{"type":"LineString","coordinates":[[-117.829031,33.645551],[-117.82904,33.645668]]}},{"type":"Feature","properties":{"kind":"waterway:stream","name":""},"geometry":{"type":"LineString","coordinates":[[-117.82776,33.646796],[-117.828031,33.646562],[-117.828141,33.64619],[-117.828291,33.64604]]}},{"type":"Feature","properties":{"kind":"footway","name":""},"geometry":{"type":"LineString","coordinates":[[-117.839489,33.646979],[-117.839306,33.647007]]}},{"type":"Feature","properties":{"kind":"footway","name":""},"geometry":{"type":"LineString","coordinates":[[-117.839321,33.646927],[-117.839485,33.64696]]}},{"type":"Feature","properties":{"kind":"footway","name":""},"geometry":{"type":"LineString","coordinates":[[-117.839485,33.64696],[-117.839632,33.64694]]}},{"type":"Feature","properties":{"kind":"footway","name":""},"geometry":{"type":"LineString","coordinates":[[-117.839632,33.64694],[-117.839657,33.646936]]}},{"type":"Feature","properties":{"kind":"footway","name":""},"geometry":{"type":"LineString","coordinates":[[-117.839426,33.646964],[-117.839351,33.647148]]}},{"type":"Feature","properties":{"kind":"pedestrian","name":""},"geometry":{"type":"LineString","coordinates":[[-117.839657,33.6461],[-117.839505,33.646117],[-117.839657,33.6461]]}},{"type":"Feature","properties":{"kind":"path","name":""},"geometry":{"type":"LineString","coordinates":[[-117.839382,33.64558],[-117.838984,33.645562],[-117.838995,33.645502]]}},{"type":"Feature","properties":{"kind":"footway","name":""},"geometry":{"type":"LineString","coordinates":[[-117.818604,33.639844],[-117.818654,33.639787],[-117.818557,33.639493],[-117.818463,33.63933],[-117.818384,33.639322],[-117.817816,33.639693],[-117.817606,33.639981],[-117.817545,33.640205],[-117.817409,33.64024]]}},{"type":"Feature","properties":{"kind":"footway","name":""},"geometry":{"type":"LineString","coordinates":[[-117.81867,33.639952],[-117.818635,33.639825]]}},{"type":"Feature","properties":{"kind":"footway","name":""},"geometry":{"type":"LineString","coordinates":[[-117.818998,33.637736],[-117.819122,33.637759],[-117.819164,33.637832],[-117.819094,33.638018],[-117.819088,33.638425],[-117.818805,33.639025],[-117.818594,33.63922],[-117.818809,33.639761],[-117.818902,33.639776]]}},{"type":"Feature","properties":{"kind":"footway","name":""},"geometry":{"type":"LineString","coordinates":[[-117.818834,33.63978],[-117.818635,33.639825]]}},{"type":"Feature","properties":{"kind":"footway","name":""},"geometry":{"type":"LineString","coordinates":[[-117.818868,33.639913],[-117.818834,33.63978]]}},{"type":"Feature","properties":{"kind":"service","name":""},"geometry":{"type":"LineString","coordinates":[[-117.81906,33.639888],[-117.818981,33.639785]]}},{"type":"Feature","properties":{"kind":"footway","name":""},"geometry":{"type":"LineString","coordinates":[[-117.818428,33.637],[-117.818559,33.636952],[-117.818544,33.636804],[-117.818362,33.636647],[-117.817924,33.636428],[-117.818182,33.636094]]}},{"type":"Feature","properties":{"kind":"footway","name":""},"geometry":{"type":"LineString","coordinates":[[-117.817924,33.636582],[-117.817828,33.636623],[-117.817829,33.636919],[-117.818276,33.637741],[-117.818353,33.63808],[-117.818323,33.638723],[-117.81844,33.639029],[-117.818564,33.639091]]}},{"type":"Feature","properties":{"kind":"footway","name":""},"geometry":{"type":"LineString","coordinates":[[-117.818594,33.63922],[-117.818517,33.6391]]}},{"type":"Feature","properties":{"kind":"footway","name":""},"geometry":{"type":"LineString","coordinates":[[-117.818594,33.63922],[-117.818431,33.63932]]}},{"type":"Feature","properties":{"kind":"footway","name":""},"geometry":{"type":"LineString","coordinates":[[-117.818517,33.6391],[-117.818347,33.639202]]}},{"type":"Feature","properties":{"kind":"footway","name":""},"geometry":{"type":"LineString","coordinates":[[-117.825903,33.646431],[-117.826032,33.646523]]}},{"type":"Feature","properties":{"kind":"footway","name":""},"geometry":{"type":"LineString","coordinates":[[-117.831989,33.650098],[-117.832065,33.650144]]}},{"type":"Feature","properties":{"kind":"footway","name":""},"geometry":{"type":"LineString","coordinates":[[-117.837905,33.650786],[-117.837728,33.650687]]}},{"type":"Feature","properties":{"kind":"footway","name":""},"geometry":{"type":"LineString","coordinates":[[-117.837728,33.650687],[-117.837645,33.650777]]}},{"type":"Feature","properties":{"kind":"footway","name":""},"geometry":{"type":"LineString","coordinates":[[-117.837837,33.650748],[-117.837753,33.650841]]}},{"type":"Feature","properties":{"kind":"footway","name":""},"geometry":{"type":"LineString","coordinates":[[-117.837788,33.65072],[-117.83771,33.650816]]}},{"type":"Feature","properties":{"kind":"footway","name":""},"geometry":{"type":"LineString","coordinates":[[-117.839474,33.649766],[-117.839558,33.649755]]}},{"type":"Feature","properties":{"kind":"footway","name":""},"geometry":{"type":"LineString","coordinates":[[-117.839558,33.649755],[-117.839882,33.649779]]}},{"type":"Feature","properties":{"kind":"footway","name":""},"geometry":{"type":"LineString","coordinates":[[-117.839882,33.649779],[-117.839864,33.649766]]}},{"type":"Feature","properties":{"kind":"footway","name":""},"geometry":{"type":"LineString","coordinates":[[-117.839847,33.649753],[-117.839723,33.649671]]}},{"type":"Feature","properties":{"kind":"footway","name":""},"geometry":{"type":"LineString","coordinates":[[-117.839723,33.649671],[-117.839699,33.649641]]}},{"type":"Feature","properties":{"kind":"footway","name":""},"geometry":{"type":"LineString","coordinates":[[-117.839688,33.649632],[-117.83963,33.649583]]}},{"type":"Feature","properties":{"kind":"footway","name":""},"geometry":{"type":"LineString","coordinates":[[-117.840611,33.650301],[-117.840556,33.650301]]}},{"type":"Feature","properties":{"kind":"service","name":""},"geometry":{"type":"LineString","coordinates":[[-117.840408,33.650304],[-117.840293,33.65011]]}},{"type":"Feature","properties":{"kind":"service","name":""},"geometry":{"type":"LineString","coordinates":[[-117.840235,33.650166],[-117.840408,33.650304]]}},{"type":"Feature","properties":{"kind":"footway","name":""},"geometry":{"type":"LineString","coordinates":[[-117.836286,33.646936],[-117.836228,33.646958]]}},{"type":"Feature","properties":{"kind":"footway","name":""},"geometry":{"type":"LineString","coordinates":[[-117.83621,33.646964],[-117.836178,33.646971]]}},{"type":"Feature","properties":{"kind":"footway","name":""},"geometry":{"type":"LineString","coordinates":[[-117.836163,33.646972],[-117.836129,33.646972]]}},{"type":"Feature","properties":{"kind":"footway","name":""},"geometry":{"type":"LineString","coordinates":[[-117.836045,33.646969],[-117.836112,33.646972]]}},{"type":"Feature","properties":{"kind":"footway","name":""},"geometry":{"type":"LineString","coordinates":[[-117.836554,33.645328],[-117.836724,33.645326]]}},{"type":"Feature","properties":{"kind":"footway","name":""},"geometry":{"type":"LineString","coordinates":[[-117.837138,33.64539],[-117.83748,33.645567],[-117.83816,33.645699]]}},{"type":"Feature","properties":{"kind":"pedestrian","name":""},"geometry":{"type":"LineString","coordinates":[[-117.840846,33.647639],[-117.840758,33.647584],[-117.840661,33.647682],[-117.840757,33.647741],[-117.840846,33.647639]]}},{"type":"Feature","properties":{"kind":"service","name":""},"geometry":{"type":"LineString","coordinates":[[-117.841694,33.648384],[-117.841577,33.64831]]}},{"type":"Feature","properties":{"kind":"pedestrian","name":""},"geometry":{"type":"LineString","coordinates":[[-117.845924,33.645094],[-117.845813,33.64495],[-117.845258,33.64508],[-117.845321,33.645243],[-117.845505,33.645198],[-117.84551,33.645147],[-117.8458,33.645157],[-117.845924,33.645094]]}},{"type":"Feature","properties":{"kind":"cycleway","name":""},"geometry":{"type":"LineString","coordinates":[[-117.844686,33.644142],[-117.845039,33.643604]]}},{"type":"Feature","properties":{"kind":"pedestrian","name":""},"geometry":{"type":"LineString","coordinates":[[-117.840975,33.643313],[-117.841149,33.643194],[-117.84131,33.643282],[-117.841261,33.643337],[-117.841107,33.643343],[-117.841075,33.643415],[-117.841147,33.643495],[-117.841101,33.643547],[-117.840962,33.643406],[-117.840975,33.643313]]}},{"type":"Feature","properties":{"kind":"pedestrian","name":""},"geometry":{"type":"LineString","coordinates":[[-117.841494,33.643385],[-117.841342,33.643317],[-117.841255,33.643471],[-117.841168,33.643467],[-117.841101,33.643547],[-117.841205,33.643584],[-117.841494,33.643385]]}},{"type":"Feature","properties":{"kind":"footway","name":""},"geometry":{"type":"LineString","coordinates":[[-117.84599,33.645698],[-117.84597,33.645619]]}},{"type":"Feature","properties":{"kind":"footway","name":""},"geometry":{"type":"LineString","coordinates":[[-117.845972,33.645627],[-117.846102,33.645595],[-117.845992,33.645608],[-117.846086,33.645548],[-117.84595,33.645555]]}},{"type":"Feature","properties":{"kind":"footway","name":""},"geometry":{"type":"LineString","coordinates":[[-117.847382,33.647839],[-117.847836,33.647165]]}},{"type":"Feature","properties":{"kind":"footway","name":""},"geometry":{"type":"LineString","coordinates":[[-117.83172,33.640489],[-117.831405,33.640305],[-117.831339,33.64041]]}},{"type":"Feature","properties":{"kind":"footway","name":""},"geometry":{"type":"LineString","coordinates":[[-117.831608,33.64113],[-117.831394,33.64104]]}},{"type":"Feature","properties":{"kind":"footway","name":""},"geometry":{"type":"LineString","coordinates":[[-117.83132,33.641009],[-117.831618,33.640767]]}},{"type":"Feature","properties":{"kind":"footway","name":""},"geometry":{"type":"LineString","coordinates":[[-117.831394,33.64104],[-117.831362,33.641072],[-117.83132,33.641009]]}},{"type":"Feature","properties":{"kind":"path","name":""},"geometry":{"type":"LineString","coordinates":[[-117.831333,33.64105],[-117.831065,33.641315]]}},{"type":"Feature","properties":{"kind":"service","name":""},"geometry":{"type":"LineString","coordinates":[[-117.830893,33.64191],[-117.830598,33.641813]]}},{"type":"Feature","properties":{"kind":"footway","name":""},"geometry":{"type":"LineString","coordinates":[[-117.830386,33.642],[-117.830316,33.641967],[-117.830342,33.641925]]}},{"type":"Feature","properties":{"kind":"footway","name":""},"geometry":{"type":"LineString","coordinates":[[-117.830386,33.642],[-117.830205,33.642191]]}},{"type":"Feature","properties":{"kind":"footway","name":""},"geometry":{"type":"LineString","coordinates":[[-117.834429,33.642006],[-117.834425,33.642164]]}},{"type":"Feature","properties":{"kind":"footway","name":""},"geometry":{"type":"LineString","coordinates":[[-117.834929,33.64186],[-117.834585,33.642184]]}},{"type":"Feature","properties":{"kind":"footway","name":""},"geometry":{"type":"LineString","coordinates":[[-117.842867,33.652947],[-117.843054,33.653371],[-117.843403,33.653714],[-117.843892,33.653987],[-117.843981,33.653965],[-117.844018,33.653775]]}},{"type":"Feature","properties":{"kind":"footway","name":""},"geometry":{"type":"LineString","coordinates":[[-117.844018,33.653775],[-117.84352,33.653417],[-117.842961,33.652897]]}},{"type":"Feature","properties":{"kind":"footway","name":""},"geometry":{"type":"LineString","coordinates":[[-117.839139,33.646777],[-117.839154,33.646658],[-117.839295,33.646643],[-117.83936,33.646714]]}},{"type":"Feature","properties":{"kind":"footway","name":""},"geometry":{"type":"LineString","coordinates":[[-117.83904,33.646364],[-117.839049,33.646415]]}},{"type":"Feature","properties":{"kind":"footway","name":""},"geometry":{"type":"LineString","coordinates":[[-117.839058,33.646463],[-117.839054,33.646445]]}},{"type":"Feature","properties":{"kind":"footway","name":""},"geometry":{"type":"LineString","coordinates":[[-117.839084,33.646758],[-117.839064,33.646483]]}},{"type":"Feature","properties":{"kind":"footway","name":""},"geometry":{"type":"LineString","coordinates":[[-117.839178,33.647215],[-117.839008,33.647218]]}},{"type":"Feature","properties":{"kind":"pedestrian","name":""},"geometry":{"type":"LineString","coordinates":[[-117.839239,33.64721],[-117.839035,33.647119],[-117.838925,33.647221],[-117.839124,33.647311],[-117.839239,33.64721]]}},{"type":"Feature","properties":{"kind":"service","name":""},"geometry":{"type":"LineString","coordinates":[[-117.837909,33.648606],[-117.837818,33.648736],[-117.837828,33.64885]]}},{"type":"Feature","properties":{"kind":"footway","name":""},"geometry":{"type":"LineString","coordinates":[[-117.824667,33.64992],[-117.824622,33.649876]]}},{"type":"Feature","properties":{"kind":"path","name":""},"geometry":{"type":"LineString","coordinates":[[-117.824622,33.649876],[-117.824544,33.649592],[-117.824673,33.649518]]}},{"type":"Feature","properties":{"kind":"footway","name":""},"geometry":{"type":"LineString","coordinates":[[-117.828796,33.646794],[-117.828692,33.646932],[-117.828696,33.647045],[-117.82878,33.647101]]}},{"type":"Feature","properties":{"kind":"footway","name":""},"geometry":{"type":"LineString","coordinates":[[-117.828957,33.646816],[-117.828959,33.646903],[-117.829048,33.646938],[-117.828974,33.647087]]}},{"type":"Feature","properties":{"kind":"footway","name":""},"geometry":{"type":"LineString","coordinates":[[-117.823682,33.643954],[-117.823959,33.645513]]}},{"type":"Feature","properties":{"kind":"footway","name":""},"geometry":{"type":"LineString","coordinates":[[-117.825376,33.648907],[-117.825393,33.649089],[-117.82524,33.649053]]}},{"type":"Feature","properties":{"kind":"footway","name":""},"geometry":{"type":"LineString","coordinates":[[-117.845312,33.653774],[-117.845182,33.653677]]}},{"type":"Feature","properties":{"kind":"footway","name":""},"geometry":{"type":"LineString","coordinates":[[-117.842471,33.654624],[-117.842511,33.654767],[-117.842007,33.655893]]}},{"type":"Feature","properties":{"kind":"footway","name":""},"geometry":{"type":"LineString","coordinates":[[-117.841907,33.655942],[-117.841786,33.655947],[-117.840375,33.655493],[-117.839275,33.655315]]}},{"type":"Feature","properties":{"kind":"footway","name":""},"geometry":{"type":"LineString","coordinates":[[-117.839309,33.655127],[-117.839275,33.655315]]}},{"type":"Feature","properties":{"kind":"footway","name":""},"geometry":{"type":"LineString","coordinates":[[-117.838674,33.649378],[-117.838627,33.649348]]}},{"type":"Feature","properties":{"kind":"footway","name":""},"geometry":{"type":"LineString","coordinates":[[-117.838251,33.650054],[-117.838136,33.650015]]}},{"type":"Feature","properties":{"kind":"pedestrian","name":""},"geometry":{"type":"LineString","coordinates":[[-117.83932,33.650791],[-117.838989,33.650586],[-117.838962,33.650621],[-117.839177,33.650776],[-117.83928,33.650836],[-117.83932,33.650791]]}},{"type":"Feature","properties":{"kind":"footway","name":""},"geometry":{"type":"LineString","coordinates":[[-117.831869,33.645631],[-117.832243,33.645685]]}},{"type":"Feature","properties":{"kind":"footway","name":""},"geometry":{"type":"LineString","coordinates":[[-117.840231,33.647167],[-117.840549,33.647021]]}},{"type":"Feature","properties":{"kind":"footway","name":""},"geometry":{"type":"LineString","coordinates":[[-117.837102,33.646128],[-117.837289,33.646293]]}},{"type":"Feature","properties":{"kind":"footway","name":""},"geometry":{"type":"LineString","coordinates":[[-117.837147,33.646087],[-117.837123,33.646113]]}},{"type":"Feature","properties":{"kind":"footway","name":""},"geometry":{"type":"LineString","coordinates":[[-117.837162,33.646188],[-117.837069,33.646278],[-117.836962,33.646251]]}},{"type":"Feature","properties":{"kind":"footway","name":""},"geometry":{"type":"LineString","coordinates":[[-117.845116,33.64729],[-117.845353,33.647397],[-117.845368,33.647477]]}},{"type":"Feature","properties":{"kind":"footway","name":""},"geometry":{"type":"LineString","coordinates":[[-117.845081,33.647649],[-117.845041,33.6477]]}},{"type":"Feature","properties":{"kind":"path","name":""},"geometry":{"type":"LineString","coordinates":[[-117.83764,33.646412],[-117.837745,33.645988],[-117.837729,33.645644]]}},{"type":"Feature","properties":{"kind":"footway","name":""},"geometry":{"type":"LineString","coordinates":[[-117.834383,33.645489],[-117.834334,33.645725]]}},{"type":"Feature","properties":{"kind":"footway","name":""},"geometry":{"type":"LineString","coordinates":[[-117.845328,33.64564],[-117.845338,33.645499]]}},{"type":"Feature","properties":{"kind":"service","name":""},"geometry":{"type":"LineString","coordinates":[[-117.84463,33.647634],[-117.844498,33.647455]]}},{"type":"Feature","properties":{"kind":"footway","name":""},"geometry":{"type":"LineString","coordinates":[[-117.844003,33.642058],[-117.843962,33.642058]]}},{"type":"Feature","properties":{"kind":"footway","name":""},"geometry":{"type":"LineString","coordinates":[[-117.844971,33.642046],[-117.844876,33.642046]]}},{"type":"Feature","properties":{"kind":"footway","name":""},"geometry":{"type":"LineString","coordinates":[[-117.843687,33.644482],[-117.843709,33.644447]]}},{"type":"Feature","properties":{"kind":"pedestrian","name":""},"geometry":{"type":"LineString","coordinates":[[-117.838256,33.646996],[-117.838319,33.646796],[-117.838493,33.646775],[-117.83849,33.646718],[-117.837802,33.646796],[-117.837817,33.646883],[-117.838256,33.646996]]}},{"type":"Feature","properties":{"kind":"footway","name":""},"geometry":{"type":"LineString","coordinates":[[-117.824823,33.646081],[-117.824722,33.645727]]}},{"type":"Feature","properties":{"kind":"footway","name":""},"geometry":{"type":"LineString","coordinates":[[-117.824722,33.645727],[-117.824855,33.645597]]}},{"type":"Feature","properties":{"kind":"footway","name":""},"geometry":{"type":"LineString","coordinates":[[-117.824785,33.645911],[-117.82485,33.645848],[-117.825113,33.646035]]}},{"type":"Feature","properties":{"kind":"path","name":""},"geometry":{"type":"LineString","coordinates":[[-117.824803,33.645559],[-117.824627,33.645717]]}},{"type":"Feature","properties":{"kind":"footway","name":""},"geometry":{"type":"LineString","coordinates":[[-117.82458,33.645483],[-117.824267,33.643943]]}},{"type":"Feature","properties":{"kind":"footway","name":""},"geometry":{"type":"LineString","coordinates":[[-117.824115,33.643852],[-117.824105,33.64393]]}},{"type":"Feature","properties":{"kind":"footway","name":""},"geometry":{"type":"LineString","coordinates":[[-117.824105,33.64393],[-117.824397,33.645423]]}},{"type":"Feature","properties":{"kind":"footway","name":""},"geometry":{"type":"LineString","coordinates":[[-117.824397,33.645423],[-117.824426,33.645504]]}},{"type":"Feature","properties":{"kind":"footway","name":""},"geometry":{"type":"LineString","coordinates":[[-117.824426,33.645504],[-117.824845,33.646318],[-117.824801,33.646335]]}},{"type":"Feature","properties":{"kind":"footway","name":""},"geometry":{"type":"LineString","coordinates":[[-117.824642,33.645468],[-117.824676,33.645553]]}},{"type":"Feature","properties":{"kind":"footway","name":""},"geometry":{"type":"LineString","coordinates":[[-117.824658,33.645508],[-117.824496,33.645531]]}},{"type":"Feature","properties":{"kind":"footway","name":""},"geometry":{"type":"LineString","coordinates":[[-117.824496,33.645531],[-117.824442,33.645541]]}},{"type":"Feature","properties":{"kind":"footway","name":""},"geometry":{"type":"LineString","coordinates":[[-117.824019,33.645689],[-117.823123,33.645867],[-117.823319,33.646283],[-117.823172,33.646401],[-117.823805,33.647529],[-117.824253,33.647325]]}},{"type":"Feature","properties":{"kind":"footway","name":""},"geometry":{"type":"LineString","coordinates":[[-117.823982,33.647447],[-117.824832,33.648893]]}},{"type":"Feature","properties":{"kind":"footway","name":""},"geometry":{"type":"LineString","coordinates":[[-117.824681,33.648415],[-117.824684,33.648321]]}},{"type":"Feature","properties":{"kind":"footway","name":""},"geometry":{"type":"LineString","coordinates":[[-117.825255,33.648036],[-117.825345,33.647869]]}},{"type":"Feature","properties":{"kind":"footway","name":""},"geometry":{"type":"LineString","coordinates":[[-117.825345,33.647869],[-117.825176,33.647772],[-117.825104,33.647801]]}},{"type":"Feature","properties":{"kind":"footway","name":""},"geometry":{"type":"LineString","coordinates":[[-117.825158,33.647779],[-117.825144,33.647718],[-117.825057,33.647728]]}},{"type":"Feature","properties":{"kind":"path","name":""},"geometry":{"type":"LineString","coordinates":[[-117.823675,33.646974],[-117.823695,33.64684],[-117.823997,33.646737]]}},{"type":"Feature","properties":{"kind":"path","name":""},"geometry":{"type":"LineString","coordinates":[[-117.823688,33.646904],[-117.823628,33.646865],[-117.823695,33.64684]]}},{"type":"Feature","properties":{"kind":"path","name":""},"geometry":{"type":"LineString","coordinates":[[-117.823629,33.646869],[-117.823574,33.646876]]}},{"type":"Feature","properties":{"kind":"footway","name":""},"geometry":{"type":"LineString","coordinates":[[-117.823997,33.646737],[-117.82406,33.64682]]}},{"type":"Feature","properties":{"kind":"pedestrian","name":""},"geometry":{"type":"LineString","coordinates":[[-117.824244,33.646716],[-117.824245,33.64661],[-117.824112,33.646602],[-117.82409,33.646693],[-117.824244,33.646716]]}},{"type":"Feature","properties":{"kind":"footway","name":""},"geometry":{"type":"LineString","coordinates":[[-117.824522,33.646705],[-117.824264,33.646814]]}},{"type":"Feature","properties":{"kind":"footway","name":""},"geometry":{"type":"LineString","coordinates":[[-117.824352,33.646806],[-117.82415,33.64647]]}},{"type":"Feature","properties":{"kind":"footway","name":""},"geometry":{"type":"LineString","coordinates":[[-117.823611,33.646217],[-117.823674,33.646438],[-117.823565,33.646501],[-117.823617,33.64659],[-117.823716,33.646554],[-117.823674,33.646438]]}},{"type":"Feature","properties":{"kind":"footway","name":""},"geometry":{"type":"LineString","coordinates":[[-117.823494,33.645921],[-117.823611,33.646217]]}},{"type":"Feature","properties":{"kind":"footway","name":""},"geometry":{"type":"LineString","coordinates":[[-117.84423,33.653119],[-117.844504,33.653146]]}},{"type":"Feature","properties":{"kind":"footway","name":""},"geometry":{"type":"LineString","coordinates":[[-117.843176,33.652307],[-117.843007,33.652346]]}},{"type":"Feature","properties":{"kind":"path","name":""},"geometry":{"type":"LineString","coordinates":[[-117.842415,33.651162],[-117.842255,33.651054]]}},{"type":"Feature","properties":{"kind":"footway","name":""},"geometry":{"type":"LineString","coordinates":[[-117.842416,33.649729],[-117.842476,33.649666]]}},{"type":"Feature","properties":{"kind":"footway","name":""},"geometry":{"type":"LineString","coordinates":[[-117.837822,33.646559],[-117.837804,33.646465]]}},{"type":"Feature","properties":{"kind":"footway","name":""},"geometry":{"type":"LineString","coordinates":[[-117.837111,33.646146],[-117.836985,33.646076]]}},{"type":"Feature","properties":{"kind":"path","name":""},"geometry":{"type":"LineString","coordinates":[[-117.837004,33.64609],[-117.836967,33.646163]]}},{"type":"Feature","properties":{"kind":"footway","name":""},"geometry":{"type":"LineString","coordinates":[[-117.836392,33.644112],[-117.836174,33.644156]]}},{"type":"Feature","properties":{"kind":"footway","name":""},"geometry":{"type":"LineString","coordinates":[[-117.833422,33.643308],[-117.833399,33.643363]]}},{"type":"Feature","properties":{"kind":"footway","name":""},"geometry":{"type":"LineString","coordinates":[[-117.833458,33.643371],[-117.833571,33.643337],[-117.833578,33.643417]]}},{"type":"Feature","properties":{"kind":"footway","name":""},"geometry":{"type":"LineString","coordinates":[[-117.832608,33.643181],[-117.832635,33.643223]]}},{"type":"Feature","properties":{"kind":"path","name":""},"geometry":{"type":"LineString","coordinates":[[-117.832626,33.643223],[-117.832617,33.643353]]}},{"type":"Feature","properties":{"kind":"footway","name":""},"geometry":{"type":"LineString","coordinates":[[-117.833042,33.643573],[-117.832996,33.643778]]}},{"type":"Feature","properties":{"kind":"cycleway","name":""},"geometry":{"type":"LineString","coordinates":[[-117.832898,33.644659],[-117.832085,33.64484]]}},{"type":"Feature","properties":{"kind":"cycleway","name":""},"geometry":{"type":"LineString","coordinates":[[-117.832372,33.644849],[-117.832378,33.644746]]}},{"type":"Feature","properties":{"kind":"footway","name":""},"geometry":{"type":"LineString","coordinates":[[-117.821616,33.649983],[-117.82162,33.650044]]}},{"type":"Feature","properties":{"kind":"footway","name":""},"geometry":{"type":"LineString","coordinates":[[-117.821848,33.649983],[-117.821855,33.650033]]}},{"type":"Feature","properties":{"kind":"footway","name":""},"geometry":{"type":"LineString","coordinates":[[-117.821855,33.650033],[-117.821861,33.650087]]}},{"type":"Feature","properties":{"kind":"footway","name":""},"geometry":{"type":"LineString","coordinates":[[-117.82162,33.650044],[-117.821623,33.650091]]}},{"type":"Feature","properties":{"kind":"footway","name":""},"geometry":{"type":"LineString","coordinates":[[-117.821883,33.650163],[-117.821861,33.650087]]}},{"type":"Feature","properties":{"kind":"footway","name":""},"geometry":{"type":"LineString","coordinates":[[-117.821623,33.650091],[-117.821627,33.650162]]}},{"type":"Feature","properties":{"kind":"service","name":""},"geometry":{"type":"LineString","coordinates":[[-117.822166,33.649912],[-117.822245,33.650023]]}},{"type":"Feature","properties":{"kind":"footway","name":""},"geometry":{"type":"LineString","coordinates":[[-117.834877,33.644619],[-117.834876,33.644528]]}},{"type":"Feature","properties":{"kind":"footway","name":""},"geometry":{"type":"LineString","coordinates":[[-117.834576,33.643893],[-117.83467,33.643884]]}},{"type":"Feature","properties":{"kind":"footway","name":""},"geometry":{"type":"LineString","coordinates":[[-117.833529,33.644081],[-117.833495,33.64401],[-117.833396,33.644031]]}},{"type":"Feature","properties":{"kind":"footway","name":""},"geometry":{"type":"LineString","coordinates":[[-117.833322,33.643954],[-117.833324,33.644009]]}},{"type":"Feature","properties":{"kind":"footway","name":""},"geometry":{"type":"LineString","coordinates":[[-117.830755,33.642891],[-117.830747,33.642928]]}},{"type":"Feature","properties":{"kind":"footway","name":""},"geometry":{"type":"LineString","coordinates":[[-117.830903,33.643054],[-117.830704,33.64336]]}},{"type":"Feature","properties":{"kind":"footway","name":""},"geometry":{"type":"LineString","coordinates":[[-117.830089,33.642885],[-117.830033,33.642951]]}},{"type":"Feature","properties":{"kind":"footway","name":""},"geometry":{"type":"LineString","coordinates":[[-117.825743,33.646289],[-117.825768,33.646149]]}},{"type":"Feature","properties":{"kind":"footway","name":""},"geometry":{"type":"LineString","coordinates":[[-117.824429,33.644929],[-117.824272,33.644943]]}},{"type":"Feature","properties":{"kind":"footway","name":""},"geometry":{"type":"LineString","coordinates":[[-117.824344,33.644329],[-117.824577,33.644309]]}},{"type":"Feature","properties":{"kind":"footway","name":""},"geometry":{"type":"LineString","coordinates":[[-117.824521,33.643511],[-117.82447,33.643638],[-117.824464,33.643523]]}},{"type":"Feature","properties":{"kind":"footway","name":""},"geometry":{"type":"LineString","coordinates":[[-117.824464,33.643523],[-117.824427,33.64366],[-117.824076,33.643677]]}},{"type":"Feature","properties":{"kind":"footway","name":""},"geometry":{"type":"LineString","coordinates":[[-117.824164,33.643643],[-117.824131,33.643574]]}},{"type":"Feature","properties":{"kind":"footway","name":""},"geometry":{"type":"LineString","coordinates":[[-117.824427,33.64366],[-117.824591,33.643699],[-117.824588,33.643825],[-117.82457,33.643884],[-117.824382,33.643869],[-117.824375,33.643931]]}},{"type":"Feature","properties":{"kind":"footway","name":""},"geometry":{"type":"LineString","coordinates":[[-117.824267,33.643943],[-117.824122,33.643852],[-117.823851,33.64384]]}},{"type":"Feature","properties":{"kind":"footway","name":""},"geometry":{"type":"LineString","coordinates":[[-117.827807,33.648192],[-117.827914,33.648168]]}},{"type":"Feature","properties":{"kind":"footway","name":""},"geometry":{"type":"LineString","coordinates":[[-117.827914,33.648168],[-117.827977,33.648229]]}},{"type":"Feature","properties":{"kind":"footway","name":""},"geometry":{"type":"LineString","coordinates":[[-117.828089,33.649181],[-117.828008,33.648833],[-117.828047,33.648744]]}},{"type":"Feature","properties":{"kind":"footway","name":""},"geometry":{"type":"LineString","coordinates":[[-117.82582,33.647866],[-117.825667,33.648055],[-117.82563,33.648207],[-117.825672,33.648336],[-117.825952,33.648635],[-117.826033,33.649037],[-117.825908,33.649276],[-117.825672,33.649383]]}},{"type":"Feature","properties":{"kind":"footway","name":""},"geometry":{"type":"LineString","coordinates":[[-117.825626,33.646675],[-117.825629,33.646646]]}},{"type":"Feature","properties":{"kind":"footway","name":""},"geometry":{"type":"LineString","coordinates":[[-117.824931,33.649365],[-117.824873,33.649299],[-117.824824,33.649321],[-117.824713,33.64915]]}},{"type":"Feature","properties":{"kind":"footway","name":""},"geometry":{"type":"LineString","coordinates":[[-117.825359,33.64871],[-117.825059,33.648781]]}},{"type":"Feature","properties":{"kind":"footway","name":""},"geometry":{"type":"LineString","coordinates":[[-117.843574,33.653013],[-117.843472,33.653044]]}},{"type":"Feature","properties":{"kind":"footway","name":""},"geometry":{"type":"LineString","coordinates":[[-117.841737,33.650657],[-117.841717,33.650668]]}},{"type":"Feature","properties":{"kind":"pedestrian","name":""},"geometry":{"type":"LineString","coordinates":[[-117.837,33.645949],[-117.836992,33.645775],[-117.836934,33.645777],[-117.836943,33.645947],[-117.837,33.645949]]}},{"type":"Feature","properties":{"kind":"footway","name":""},"geometry":{"type":"LineString","coordinates":[[-117.835715,33.645509],[-117.835586,33.645494]]}},{"type":"Feature","properties":{"kind":"footway","name":""},"geometry":{"type":"LineString","coordinates":[[-117.835887,33.645294],[-117.835888,33.645233],[-117.835567,33.645233]]}},{"type":"Feature","properties":{"kind":"footway","name":""},"geometry":{"type":"LineString","coordinates":[[-117.838651,33.646411],[-117.838633,33.646302]]}},{"type":"Feature","properties":{"kind":"footway","name":""},"geometry":{"type":"LineString","coordinates":[[-117.833365,33.639085],[-117.83324,33.638991]]}},{"type":"Feature","properties":{"kind":"footway","name":""},"geometry":{"type":"LineString","coordinates":[[-117.833468,33.638982],[-117.833338,33.638898]]}},{"type":"Feature","properties":{"kind":"footway","name":""},"geometry":{"type":"LineString","coordinates":[[-117.833338,33.638898],[-117.833337,33.638877]]}},{"type":"Feature","properties":{"kind":"footway","name":""},"geometry":{"type":"LineString","coordinates":[[-117.833365,33.639085],[-117.833363,33.639105]]}},{"type":"Feature","properties":{"kind":"footway","name":""},"geometry":{"type":"LineString","coordinates":[[-117.833468,33.638982],[-117.833482,33.638979]]}},{"type":"Feature","properties":{"kind":"service","name":""},"geometry":{"type":"LineString","coordinates":[[-117.833832,33.639885],[-117.833798,33.639986]]}},{"type":"Feature","properties":{"kind":"service","name":""},"geometry":{"type":"LineString","coordinates":[[-117.833911,33.6402],[-117.834028,33.640093]]}},{"type":"Feature","properties":{"kind":"service","name":""},"geometry":{"type":"LineString","coordinates":[[-117.835107,33.640862],[-117.835221,33.640789]]}},{"type":"Feature","properties":{"kind":"footway","name":""},"geometry":{"type":"LineString","coordinates":[[-117.828601,33.636055],[-117.828737,33.636596]]}},{"type":"Feature","properties":{"kind":"footway","name":""},"geometry":{"type":"LineString","coordinates":[[-117.828737,33.636596],[-117.831029,33.636558],[-117.831071,33.63651],[-117.830807,33.636016],[-117.828601,33.636055]]}},{"type":"Feature","properties":{"kind":"footway","name":""},"geometry":{"type":"LineString","coordinates":[[-117.831153,33.63669],[-117.83116,33.636675]]}},{"type":"Feature","properties":{"kind":"footway","name":""},"geometry":{"type":"LineString","coordinates":[[-117.83106,33.636531],[-117.831083,33.636541]]}},{"type":"Feature","properties":{"kind":"footway","name":""},"geometry":{"type":"LineString","coordinates":[[-117.83116,33.636675],[-117.831083,33.636541]]}},{"type":"Feature","properties":{"kind":"footway","name":""},"geometry":{"type":"LineString","coordinates":[[-117.83038,33.637463],[-117.829982,33.637903]]}},{"type":"Feature","properties":{"kind":"footway","name":""},"geometry":{"type":"LineString","coordinates":[[-117.830511,33.637368],[-117.830509,33.637355]]}},{"type":"Feature","properties":{"kind":"footway","name":""},"geometry":{"type":"LineString","coordinates":[[-117.82983,33.637933],[-117.829337,33.637626],[-117.829167,33.637466],[-117.829147,33.63736],[-117.83022,33.637331],[-117.83038,33.637463]]}},{"type":"Feature","properties":{"kind":"footway","name":""},"geometry":{"type":"LineString","coordinates":[[-117.82914,33.637376],[-117.829123,33.637366]]}},{"type":"Feature","properties":{"kind":"footway","name":""},"geometry":{"type":"LineString","coordinates":[[-117.829123,33.637366],[-117.829004,33.637241]]}},{"type":"Feature","properties":{"kind":"footway","name":""},"geometry":{"type":"LineString","coordinates":[[-117.829005,33.637225],[-117.829004,33.637241]]}},{"type":"Feature","properties":{"kind":"service","name":""},"geometry":{"type":"LineString","coordinates":[[-117.828939,33.637489],[-117.829049,33.637431]]}},{"type":"Feature","properties":{"kind":"footway","name":""},"geometry":{"type":"LineString","coordinates":[[-117.832193,33.640665],[-117.83237,33.640704]]}},{"type":"Feature","properties":{"kind":"footway","name":""},"geometry":{"type":"LineString","coordinates":[[-117.832193,33.640665],[-117.831838,33.640535]]}},{"type":"Feature","properties":{"kind":"footway","name":""},"geometry":{"type":"LineString","coordinates":[[-117.83216,33.640653],[-117.831832,33.641146]]}},{"type":"Feature","properties":{"kind":"footway","name":""},"geometry":{"type":"LineString","coordinates":[[-117.837781,33.637489],[-117.837702,33.637333]]}},{"type":"Feature","properties":{"kind":"footway","name":""},"geometry":{"type":"LineString","coordinates":[[-117.838932,33.638541],[-117.838863,33.638399],[-117.838869,33.638126]]}},{"type":"Feature","properties":{"kind":"footway","name":""},"geometry":{"type":"LineString","coordinates":[[-117.838869,33.638126],[-117.838875,33.637994]]}},{"type":"Feature","properties":{"kind":"footway","name":""},"geometry":{"type":"LineString","coordinates":[[-117.838875,33.637994],[-117.83908,33.637486]]}},{"type":"Feature","properties":{"kind":"footway","name":""},"geometry":{"type":"LineString","coordinates":[[-117.83908,33.637486],[-117.839356,33.637538],[-117.840492,33.637362],[-117.840925,33.637113],[-117.841182,33.637088],[-117.841239,33.636976],[-117.841145,33.636887]]}},{"type":"Feature","properties":{"kind":"footway","name":""},"geometry":{"type":"LineString","coordinates":[[-117.830482,33.644868],[-117.830427,33.645113]]}},{"type":"Feature","properties":{"kind":"footway","name":""},"geometry":{"type":"LineString","coordinates":[[-117.830548,33.645129],[-117.830624,33.644893]]}},{"type":"Feature","properties":{"kind":"footway","name":""},"geometry":{"type":"LineString","coordinates":[[-117.831654,33.647504],[-117.831654,33.647666],[-117.831581,33.647521]]}},{"type":"Feature","properties":{"kind":"cycleway","name":""},"geometry":{"type":"LineString","coordinates":[[-117.830902,33.647582],[-117.830844,33.647498]]}},{"type":"Feature","properties":{"kind":"footway","name":""},"geometry":{"type":"LineString","coordinates":[[-117.830646,33.647817],[-117.830814,33.647869]]}},{"type":"Feature","properties":{"kind":"footway","name":""},"geometry":{"type":"LineString","coordinates":[[-117.829378,33.644979],[-117.829374,33.645097],[-117.82944,33.645156]]}},{"type":"Feature","properties":{"kind":"service","name":""},"geometry":{"type":"LineString","coordinates":[[-117.831408,33.638948],[-117.831375,33.639017]]}},{"type":"Feature","properties":{"kind":"service","name":""},"geometry":{"type":"LineString","coordinates":[[-117.831159,33.639063],[-117.831242,33.638973]]}},{"type":"Feature","properties":{"kind":"service","name":""},"geometry":{"type":"LineString","coordinates":[[-117.83264,33.638569],[-117.832607,33.638675]]}},{"type":"Feature","properties":{"kind":"service","name":""},"geometry":{"type":"LineString","coordinates":[[-117.832672,33.637545],[-117.832723,33.637651]]}},{"type":"Feature","properties":{"kind":"service","name":""},"geometry":{"type":"LineString","coordinates":[[-117.833757,33.637772],[-117.833862,33.637664]]}},{"type":"Feature","properties":{"kind":"service","name":""},"geometry":{"type":"LineString","coordinates":[[-117.835639,33.638579],[-117.835532,33.638633]]}},{"type":"Feature","properties":{"kind":"footway","name":""},"geometry":{"type":"LineString","coordinates":[[-117.840868,33.638446],[-117.840715,33.638462]]}},{"type":"Feature","properties":{"kind":"footway","name":""},"geometry":{"type":"LineString","coordinates":[[-117.840711,33.638843],[-117.840666,33.63896]]}},{"type":"Feature","properties":{"kind":"service","name":""},"geometry":{"type":"LineString","coordinates":[[-117.841434,33.639754],[-117.841388,33.639656]]}},{"type":"Feature","properties":{"kind":"service","name":""},"geometry":{"type":"LineString","coordinates":[[-117.841875,33.640327],[-117.841966,33.640222]]}},{"type":"Feature","properties":{"kind":"service","name":""},"geometry":{"type":"LineString","coordinates":[[-117.842694,33.640606],[-117.842751,33.640437]]}},{"type":"Feature","properties":{"kind":"footway","name":""},"geometry":{"type":"LineString","coordinates":[[-117.842728,33.639616],[-117.8431,33.639894],[-117.843236,33.640101],[-117.843395,33.640105]]}},{"type":"Feature","properties":{"kind":"service","name":""},"geometry":{"type":"LineString","coordinates":[[-117.843302,33.640176],[-117.843327,33.640042]]}},{"type":"Feature","properties":{"kind":"service","name":""},"geometry":{"type":"LineString","coordinates":[[-117.84283,33.639706],[-117.842886,33.639632]]}},{"type":"Feature","properties":{"kind":"footway","name":""},"geometry":{"type":"LineString","coordinates":[[-117.843072,33.638994],[-117.843081,33.639059],[-117.843638,33.639401],[-117.843621,33.639531],[-117.84345,33.639539],[-117.8432,33.639269],[-117.843043,33.639174],[-117.842954,33.639196]]}},{"type":"Feature","properties":{"kind":"service","name":""},"geometry":{"type":"LineString","coordinates":[[-117.843184,33.639058],[-117.843111,33.639139]]}},{"type":"Feature","properties":{"kind":"service","name":""},"geometry":{"type":"LineString","coordinates":[[-117.843131,33.639274],[-117.843193,33.63919]]}},{"type":"Feature","properties":{"kind":"service","name":""},"geometry":{"type":"LineString","coordinates":[[-117.843658,33.63964],[-117.843541,33.639479]]}},{"type":"Feature","properties":{"kind":"service","name":""},"geometry":{"type":"LineString","coordinates":[[-117.843791,33.638732],[-117.843921,33.638337]]}},{"type":"Feature","properties":{"kind":"service","name":""},"geometry":{"type":"LineString","coordinates":[[-117.843889,33.638397],[-117.843787,33.638505]]}},{"type":"Feature","properties":{"kind":"service","name":""},"geometry":{"type":"LineString","coordinates":[[-117.843944,33.638613],[-117.843856,33.638594]]}},{"type":"Feature","properties":{"kind":"service","name":""},"geometry":{"type":"LineString","coordinates":[[-117.843099,33.637347],[-117.843204,33.637425]]}},{"type":"Feature","properties":{"kind":"footway","name":""},"geometry":{"type":"LineString","coordinates":[[-117.837296,33.641984],[-117.837324,33.641875]]}},{"type":"Feature","properties":{"kind":"footway","name":""},"geometry":{"type":"LineString","coordinates":[[-117.833318,33.641039],[-117.833263,33.641187]]}},{"type":"Feature","properties":{"kind":"footway","name":""},"geometry":{"type":"LineString","coordinates":[[-117.833269,33.641107],[-117.833069,33.641023]]}},{"type":"Feature","properties":{"kind":"footway","name":""},"geometry":{"type":"LineString","coordinates":[[-117.833129,33.640943],[-117.833028,33.641045],[-117.832902,33.641056],[-117.832877,33.641143]]}},{"type":"Feature","properties":{"kind":"footway","name":""},"geometry":{"type":"LineString","coordinates":[[-117.832383,33.640818],[-117.832323,33.640799]]}},{"type":"Feature","properties":{"kind":"footway","name":""},"geometry":{"type":"LineString","coordinates":[[-117.832221,33.641773],[-117.832116,33.641793]]}},{"type":"Feature","properties":{"kind":"footway","name":""},"geometry":{"type":"LineString","coordinates":[[-117.833103,33.645346],[-117.833082,33.645154],[-117.832937,33.645055],[-117.832872,33.645105]]}},{"type":"Feature","properties":{"kind":"footway","name":""},"geometry":{"type":"LineString","coordinates":[[-117.83309,33.645191],[-117.833024,33.645218]]}},{"type":"Feature","properties":{"kind":"footway","name":""},"geometry":{"type":"LineString","coordinates":[[-117.83291,33.645054],[-117.832847,33.644965]]}},{"type":"Feature","properties":{"kind":"footway","name":""},"geometry":{"type":"LineString","coordinates":[[-117.832826,33.645064],[-117.832465,33.645104]]}},{"type":"Feature","properties":{"kind":"footway","name":""},"geometry":{"type":"LineString","coordinates":[[-117.832908,33.645313],[-117.832573,33.645315]]}},{"type":"Feature","properties":{"kind":"footway","name":""},"geometry":{"type":"LineString","coordinates":[[-117.833387,33.647157],[-117.833899,33.646826]]}},{"type":"Feature","properties":{"kind":"footway","name":""},"geometry":{"type":"LineString","coordinates":[[-117.833541,33.647085],[-117.833507,33.646894],[-117.833244,33.646894]]}},{"type":"Feature","properties":{"kind":"footway","name":""},"geometry":{"type":"LineString","coordinates":[[-117.833491,33.646892],[-117.833491,33.646716]]}},{"type":"Feature","properties":{"kind":"service","name":""},"geometry":{"type":"LineString","coordinates":[[-117.83992,33.641429],[-117.839791,33.641284]]}},{"type":"Feature","properties":{"kind":"service","name":""},"geometry":{"type":"LineString","coordinates":[[-117.837853,33.641806],[-117.83797,33.641823]]}},{"type":"Feature","properties":{"kind":"secondary","name":"Campus Drive"},"geometry":{"type":"LineString","coordinates":[[-117.839769,33.649285],[-117.840579,33.649796]]}},{"type":"Feature","properties":{"kind":"secondary","name":"Campus Drive"},"geometry":{"type":"LineString","coordinates":[[-117.839763,33.649138],[-117.838683,33.648482]]}},{"type":"Feature","properties":{"kind":"footway","name":""},"geometry":{"type":"LineString","coordinates":[[-117.8344,33.643732],[-117.834463,33.643511]]}},{"type":"Feature","properties":{"kind":"footway","name":""},"geometry":{"type":"LineString","coordinates":[[-117.834463,33.643511],[-117.834069,33.643454]]}},{"type":"Feature","properties":{"kind":"path","name":""},"geometry":{"type":"LineString","coordinates":[[-117.834945,33.643246],[-117.834686,33.643723]]}},{"type":"Feature","properties":{"kind":"footway","name":""},"geometry":{"type":"LineString","coordinates":[[-117.833721,33.643865],[-117.834012,33.643687],[-117.834489,33.643645],[-117.834555,33.6437]]}},{"type":"Feature","properties":{"kind":"footway","name":""},"geometry":{"type":"LineString","coordinates":[[-117.835848,33.643087],[-117.835777,33.64289],[-117.835624,33.642806],[-117.835468,33.642802]]}},{"type":"Feature","properties":{"kind":"footway","name":""},"geometry":{"type":"LineString","coordinates":[[-117.833674,33.645232],[-117.834114,33.645659]]}},{"type":"Feature","properties":{"kind":"footway","name":""},"geometry":{"type":"LineString","coordinates":[[-117.833847,33.6454],[-117.83339,33.645549]]}},{"type":"Feature","properties":{"kind":"cycleway","name":""},"geometry":{"type":"LineString","coordinates":[[-117.832628,33.64719],[-117.83265,33.647047]]}},{"type":"Feature","properties":{"kind":"footway","name":""},"geometry":{"type":"LineString","coordinates":[[-117.844794,33.655198],[-117.845015,33.654982]]}},{"type":"Feature","properties":{"kind":"footway","name":""},"geometry":{"type":"LineString","coordinates":[[-117.844461,33.654968],[-117.844794,33.655198]]}},{"type":"Feature","properties":{"kind":"footway","name":""},"geometry":{"type":"LineString","coordinates":[[-117.845015,33.654982],[-117.844692,33.654739]]}},{"type":"Feature","properties":{"kind":"footway","name":""},"geometry":{"type":"LineString","coordinates":[[-117.844692,33.654739],[-117.844351,33.654524]]}},{"type":"Feature","properties":{"kind":"secondary","name":"Campus Drive"},"geometry":{"type":"LineString","coordinates":[[-117.844724,33.654879],[-117.844297,33.65456]]}},{"type":"Feature","properties":{"kind":"footway","name":""},"geometry":{"type":"LineString","coordinates":[[-117.83078,33.64276],[-117.830858,33.64266],[-117.830949,33.642754]]}},{"type":"Feature","properties":{"kind":"footway","name":""},"geometry":{"type":"LineString","coordinates":[[-117.831216,33.651876],[-117.831321,33.651981],[-117.831305,33.652057]]}},{"type":"Feature","properties":{"kind":"footway","name":""},"geometry":{"type":"LineString","coordinates":[[-117.831305,33.652057],[-117.831413,33.652158]]}},{"type":"Feature","properties":{"kind":"footway","name":""},"geometry":{"type":"LineString","coordinates":[[-117.831413,33.652158],[-117.831626,33.652305],[-117.831845,33.652249],[-117.831879,33.652081],[-117.831714,33.65193],[-117.831799,33.651786]]}},{"type":"Feature","properties":{"kind":"footway","name":""},"geometry":{"type":"LineString","coordinates":[[-117.831716,33.651938],[-117.831594,33.651912]]}},{"type":"Feature","properties":{"kind":"footway","name":""},"geometry":{"type":"LineString","coordinates":[[-117.831621,33.651776],[-117.831704,33.651815]]}},{"type":"Feature","properties":{"kind":"footway","name":""},"geometry":{"type":"LineString","coordinates":[[-117.831594,33.651912],[-117.83149,33.651909],[-117.831424,33.651776]]}},{"type":"Feature","properties":{"kind":"footway","name":""},"geometry":{"type":"LineString","coordinates":[[-117.831413,33.652158],[-117.8314,33.652214],[-117.830705,33.652323],[-117.830656,33.652509],[-117.830835,33.652623]]}},{"type":"Feature","properties":{"kind":"footway","name":""},"geometry":{"type":"LineString","coordinates":[[-117.830835,33.652623],[-117.830806,33.652678]]}},{"type":"Feature","properties":{"kind":"footway","name":""},"geometry":{"type":"LineString","coordinates":[[-117.83066,33.652362],[-117.8306,33.652339]]}},{"type":"Feature","properties":{"kind":"footway","name":""},"geometry":{"type":"LineString","coordinates":[[-117.8306,33.652339],[-117.830506,33.652332],[-117.830483,33.652446],[-117.8306,33.652663],[-117.831304,33.652954],[-117.83161,33.653415],[-117.831766,33.653535],[-117.831738,33.653594],[-117.832039,33.653601]]}},{"type":"Feature","properties":{"kind":"secondary","name":"California Avenue"},"geometry":{"type":"LineString","coordinates":[[-117.830347,33.639163],[-117.830383,33.6391]]}},{"type":"Feature","properties":{"kind":"unclassified","name":"Marquette"},"geometry":{"type":"LineString","coordinates":[[-117.837343,33.651515],[-117.837169,33.651692]]}},{"type":"Feature","properties":{"kind":"unclassified","name":"Pereira Drive"},"geometry":{"type":"LineString","coordinates":[[-117.842494,33.649889],[-117.842139,33.649691]]}},{"type":"Feature","properties":{"kind":"unclassified","name":"Cornell"},"geometry":{"type":"LineString","coordinates":[[-117.836778,33.64938],[-117.837123,33.649437]]}},{"type":"Feature","properties":{"kind":"unclassified","name":"California Avenue"},"geometry":{"type":"LineString","coordinates":[[-117.851244,33.638943],[-117.851025,33.638643]]}},{"type":"Feature","properties":{"kind":"footway","name":""},"geometry":{"type":"LineString","coordinates":[[-117.830901,33.642044],[-117.830952,33.641922],[-117.830893,33.64191]]}},{"type":"Feature","properties":{"kind":"footway","name":""},"geometry":{"type":"LineString","coordinates":[[-117.839229,33.636705],[-117.839188,33.636789]]}},{"type":"Feature","properties":{"kind":"footway","name":""},"geometry":{"type":"LineString","coordinates":[[-117.839456,33.636723],[-117.839282,33.636703]]}},{"type":"Feature","properties":{"kind":"footway","name":""},"geometry":{"type":"LineString","coordinates":[[-117.839407,33.63688],[-117.839253,33.636851]]}},{"type":"Feature","properties":{"kind":"footway","name":""},"geometry":{"type":"LineString","coordinates":[[-117.838985,33.638676],[-117.838804,33.638722]]}},{"type":"Feature","properties":{"kind":"footway","name":""},"geometry":{"type":"LineString","coordinates":[[-117.843429,33.636962],[-117.843479,33.636832]]}},{"type":"Feature","properties":{"kind":"service","name":""},"geometry":{"type":"LineString","coordinates":[[-117.831621,33.64705],[-117.831268,33.647129]]}},{"type":"Feature","properties":{"kind":"unclassified","name":"California Avenue"},"geometry":{"type":"LineString","coordinates":[[-117.850756,33.638137],[-117.850451,33.637523]]}},{"type":"Feature","properties":{"kind":"service","name":""},"geometry":{"type":"LineString","coordinates":[[-117.830751,33.647592],[-117.830624,33.647901]]}},{"type":"Feature","properties":{"kind":"service","name":"Adobe Circle South"},"geometry":{"type":"LineString","coordinates":[[-117.829157,33.644358],[-117.828333,33.644318]]}},{"type":"Feature","properties":{"kind":"unclassified","name":"California Avenue"},"geometry":{"type":"LineString","coordinates":[[-117.851025,33.638643],[-117.850756,33.638137]]}},{"type":"Feature","properties":{"kind":"unclassified","name":"California Avenue"},"geometry":{"type":"LineString","coordinates":[[-117.850451,33.637523],[-117.850461,33.637751],[-117.850612,33.638039],[-117.850756,33.638137]]}},{"type":"Feature","properties":{"kind":"footway","name":""},"geometry":{"type":"LineString","coordinates":[[-117.830903,33.643054],[-117.830875,33.642985],[-117.830443,33.642799],[-117.830345,33.642814],[-117.830179,33.643075]]}},{"type":"Feature","properties":{"kind":"footway","name":""},"geometry":{"type":"LineString","coordinates":[[-117.831455,33.646546],[-117.831397,33.646427]]}},{"type":"Feature","properties":{"kind":"footway","name":""},"geometry":{"type":"LineString","coordinates":[[-117.831384,33.646431],[-117.831311,33.646445]]}},{"type":"Feature","properties":{"kind":"footway","name":""},"geometry":{"type":"LineString","coordinates":[[-117.83157,33.646393],[-117.831416,33.646421]]}},{"type":"Feature","properties":{"kind":"footway","name":""},"geometry":{"type":"LineString","coordinates":[[-117.833281,33.647421],[-117.833443,33.647234]]}},{"type":"Feature","properties":{"kind":"footway","name":""},"geometry":{"type":"LineString","coordinates":[[-117.826555,33.650662],[-117.82648,33.650631]]}},{"type":"Feature","properties":{"kind":"footway","name":""},"geometry":{"type":"LineString","coordinates":[[-117.831277,33.649657],[-117.831159,33.649626]]}},{"type":"Feature","properties":{"kind":"footway","name":""},"geometry":{"type":"LineString","coordinates":[[-117.831292,33.649616],[-117.831173,33.649586]]}},{"type":"Feature","properties":{"kind":"footway","name":""},"geometry":{"type":"LineString","coordinates":[[-117.83066,33.652362],[-117.830669,33.652366]]}},{"type":"Feature","properties":{"kind":"footway","name":""},"geometry":{"type":"LineString","coordinates":[[-117.830806,33.652678],[-117.830776,33.652735]]}},{"type":"Feature","properties":{"kind":"service","name":""},"geometry":{"type":"LineString","coordinates":[[-117.823204,33.652597],[-117.823055,33.652664]]}},{"type":"Feature","properties":{"kind":"footway","name":""},"geometry":{"type":"LineString","coordinates":[[-117.823055,33.652664],[-117.822416,33.652903],[-117.822458,33.652956],[-117.822667,33.652943],[-117.822752,33.653093]]}},{"type":"Feature","properties":{"kind":"footway","name":""},"geometry":{"type":"LineString","coordinates":[[-117.821912,33.652634],[-117.821856,33.652541]]}},{"type":"Feature","properties":{"kind":"pedestrian","name":""},"geometry":{"type":"LineString","coordinates":[[-117.822068,33.651914],[-117.821854,33.651948],[-117.821801,33.651854],[-117.821681,33.65183],[-117.822061,33.651845],[-117.822068,33.651914]]}},{"type":"Feature","properties":{"kind":"pedestrian","name":""},"geometry":{"type":"LineString","coordinates":[[-117.822105,33.651339],[-117.822056,33.651204],[-117.821658,33.651277],[-117.821406,33.651161],[-117.82156,33.651337],[-117.822105,33.651339]]}},{"type":"Feature","properties":{"kind":"footway","name":""},"geometry":{"type":"LineString","coordinates":[[-117.823486,33.65088],[-117.823415,33.650818]]}},{"type":"Feature","properties":{"kind":"footway","name":""},"geometry":{"type":"LineString","coordinates":[[-117.823402,33.650898],[-117.823299,33.650735]]}},{"type":"Feature","properties":{"kind":"footway","name":""},"geometry":{"type":"LineString","coordinates":[[-117.824484,33.650492],[-117.824525,33.650402]]}},{"type":"Feature","properties":{"kind":"pedestrian","name":""},"geometry":{"type":"LineString","coordinates":[[-117.824492,33.650334],[-117.824405,33.650385],[-117.824552,33.650531],[-117.824612,33.65051],[-117.824492,33.650334]]}},{"type":"Feature","properties":{"kind":"footway","name":""},"geometry":{"type":"LineString","coordinates":[[-117.822428,33.652771],[-117.822213,33.652447]]}},{"type":"Feature","properties":{"kind":"pedestrian","name":""},"geometry":{"type":"LineString","coordinates":[[-117.823853,33.652393],[-117.823633,33.652095],[-117.823543,33.652285],[-117.823361,33.652232],[-117.823491,33.652349],[-117.823613,33.652301],[-117.823704,33.652428],[-117.823853,33.652393]]}},{"type":"Feature","properties":{"kind":"pedestrian","name":""},"geometry":{"type":"LineString","coordinates":[[-117.824588,33.651969],[-117.82442,33.651679],[-117.824538,33.65163],[-117.824729,33.652051],[-117.824532,33.652095],[-117.824491,33.652047],[-117.824588,33.651969]]}},{"type":"Feature","properties":{"kind":"footway","name":""},"geometry":{"type":"LineString","coordinates":[[-117.824567,33.65205],[-117.824505,33.652073]]}},{"type":"Feature","properties":{"kind":"footway","name":""},"geometry":{"type":"LineString","coordinates":[[-117.824885,33.652708],[-117.824685,33.652799],[-117.824768,33.652933]]}},{"type":"Feature","properties":{"kind":"footway","name":""},"geometry":{"type":"LineString","coordinates":[[-117.824759,33.652918],[-117.824941,33.652881],[-117.824826,33.652949],[-117.824962,33.652912],[-117.824991,33.652969],[-117.82479,33.653054]]}},{"type":"Feature","properties":{"kind":"footway","name":""},"geometry":{"type":"LineString","coordinates":[[-117.824832,33.653036],[-117.824807,33.652991]]}},{"type":"Feature","properties":{"kind":"pedestrian","name":""},"geometry":{"type":"LineString","coordinates":[[-117.825012,33.653032],[-117.82498,33.652918],[-117.824769,33.653],[-117.82483,33.653096],[-117.825012,33.653032]]}},{"type":"Feature","properties":{"kind":"footway","name":""},"geometry":{"type":"LineString","coordinates":[[-117.82488,33.653078],[-117.824983,33.653069],[-117.824869,33.653121]]}},{"type":"Feature","properties":{"kind":"footway","name":""},"geometry":{"type":"LineString","coordinates":[[-117.82488,33.653078],[-117.82485,33.653029]]}},{"type":"Feature","properties":{"kind":"pedestrian","name":""},"geometry":{"type":"LineString","coordinates":[[-117.82483,33.652899],[-117.82477,33.652798],[-117.82486,33.652757],[-117.824796,33.652668],[-117.824607,33.652733],[-117.824734,33.65294],[-117.82483,33.652899]]}},{"type":"Feature","properties":{"kind":"footway","name":""},"geometry":{"type":"LineString","coordinates":[[-117.824797,33.652558],[-117.824702,33.652479]]}},{"type":"Feature","properties":{"kind":"footway","name":""},"geometry":{"type":"LineString","coordinates":[[-117.824505,33.652073],[-117.824378,33.652113],[-117.824294,33.651948],[-117.823882,33.652103]]}},{"type":"Feature","properties":{"kind":"footway","name":""},"geometry":{"type":"LineString","coordinates":[[-117.823882,33.652103],[-117.823584,33.651655]]}},{"type":"Feature","properties":{"kind":"footway","name":""},"geometry":{"type":"LineString","coordinates":[[-117.82378,33.651997],[-117.823576,33.652097]]}},{"type":"Feature","properties":{"kind":"pedestrian","name":""},"geometry":{"type":"LineString","coordinates":[[-117.822782,33.651926],[-117.822771,33.651873],[-117.823213,33.651778],[-117.823229,33.651828],[-117.822782,33.651926]]}},{"type":"Feature","properties":{"kind":"footway","name":""},"geometry":{"type":"LineString","coordinates":[[-117.84044,33.644347],[-117.840407,33.644318],[-117.840493,33.644244],[-117.840382,33.644304],[-117.840486,33.644233]]}},{"type":"Feature","properties":{"kind":"footway","name":""},"geometry":{"type":"LineString","coordinates":[[-117.840427,33.644358],[-117.840404,33.644337]]}},{"type":"Feature","properties":{"kind":"footway","name":""},"geometry":{"type":"LineString","coordinates":[[-117.840381,33.644316],[-117.840389,33.644309]]}},{"type":"Feature","properties":{"kind":"footway","name":""},"geometry":{"type":"LineString","coordinates":[[-117.841103,33.643873],[-117.840987,33.644025]]}},{"type":"Feature","properties":{"kind":"footway","name":""},"geometry":{"type":"LineString","coordinates":[[-117.847291,33.643822],[-117.847204,33.643875],[-117.847228,33.643938]]}},{"type":"Feature","properties":{"kind":"footway","name":""},"geometry":{"type":"LineString","coordinates":[[-117.848308,33.644695],[-117.848233,33.644743]]}},{"type":"Feature","properties":{"kind":"footway","name":""},"geometry":{"type":"LineString","coordinates":[[-117.849217,33.64467],[-117.84883,33.645795],[-117.848985,33.646444]]}},{"type":"Feature","properties":{"kind":"footway","name":""},"geometry":{"type":"LineString","coordinates":[[-117.849225,33.644591],[-117.849217,33.64467]]}},{"type":"Feature","properties":{"kind":"footway","name":""},"geometry":{"type":"LineString","coordinates":[[-117.844906,33.644343],[-117.845067,33.644336],[-117.845209,33.644404]]}},{"type":"Feature","properties":{"kind":"footway","name":""},"geometry":{"type":"LineString","coordinates":[[-117.845209,33.644404],[-117.845223,33.644618]]}},{"type":"Feature","properties":{"kind":"footway","name":""},"geometry":{"type":"LineString","coordinates":[[-117.845212,33.644633],[-117.845174,33.644674]]}},{"type":"Feature","properties":{"kind":"footway","name":""},"geometry":{"type":"LineString","coordinates":[[-117.845098,33.644289],[-117.845022,33.644485]]}},{"type":"Feature","properties":{"kind":"footway","name":""},"geometry":{"type":"LineString","coordinates":[[-117.845234,33.644442],[-117.8459,33.643965]]}},{"type":"Feature","properties":{"kind":"footway","name":""},"geometry":{"type":"LineString","coordinates":[[-117.845808,33.644966],[-117.845774,33.644855],[-117.845587,33.644929],[-117.845555,33.644864]]}},{"type":"Feature","properties":{"kind":"pedestrian","name":""},"geometry":{"type":"LineString","coordinates":[[-117.844253,33.645592],[-117.844276,33.645803],[-117.844427,33.645807],[-117.844253,33.645592]]}},{"type":"Feature","properties":{"kind":"footway","name":""},"geometry":{"type":"LineString","coordinates":[[-117.844206,33.645539],[-117.844367,33.64535],[-117.844841,33.645342],[-117.844859,33.645632],[-117.84497,33.64563]]}},{"type":"Feature","properties":{"kind":"footway","name":""},"geometry":{"type":"LineString","coordinates":[[-117.843994,33.651999],[-117.844181,33.652094],[-117.844217,33.652173]]}},{"type":"Feature","properties":{"kind":"footway","name":""},"geometry":{"type":"LineString","coordinates":[[-117.848448,33.649402],[-117.848469,33.649376]]}},{"type":"Feature","properties":{"kind":"footway","name":""},"geometry":{"type":"LineString","coordinates":[[-117.846892,33.6445],[-117.846862,33.644672]]}},{"type":"Feature","properties":{"kind":"footway","name":""},"geometry":{"type":"LineString","coordinates":[[-117.848042,33.64489],[-117.847793,33.644661]]}},{"type":"Feature","properties":{"kind":"footway","name":""},"geometry":{"type":"LineString","coordinates":[[-117.847862,33.644617],[-117.848086,33.644857]]}},{"type":"Feature","properties":{"kind":"footway","name":""},"geometry":{"type":"LineString","coordinates":[[-117.84773,33.643984],[-117.847795,33.643877]]}},{"type":"Feature","properties":{"kind":"footway","name":""},"geometry":{"type":"LineString","coordinates":[[-117.847128,33.644775],[-117.847152,33.644947],[-117.847009,33.645069]]}},{"type":"Feature","properties":{"kind":"footway","name":""},"geometry":{"type":"LineString","coordinates":[[-117.847233,33.644251],[-117.84695,33.644487]]}},{"type":"Feature","properties":{"kind":"footway","name":""},"geometry":{"type":"LineString","coordinates":[[-117.846088,33.645058],[-117.845816,33.645151],[-117.845686,33.64512]]}},{"type":"Feature","properties":{"kind":"footway","name":""},"geometry":{"type":"LineString","coordinates":[[-117.847328,33.644784],[-117.847501,33.644981]]}},{"type":"Feature","properties":{"kind":"service","name":""},"geometry":{"type":"LineString","coordinates":[[-117.84632,33.644045],[-117.846116,33.643922]]}},{"type":"Feature","properties":{"kind":"footway","name":""},"geometry":{"type":"LineString","coordinates":[[-117.848176,33.643877],[-117.848474,33.643633]]}},{"type":"Feature","properties":{"kind":"footway","name":""},"geometry":{"type":"LineString","coordinates":[[-117.848174,33.64395],[-117.848257,33.644033]]}},{"type":"Feature","properties":{"kind":"footway","name":""},"geometry":{"type":"LineString","coordinates":[[-117.846714,33.644344],[-117.846509,33.644399]]}},{"type":"Feature","properties":{"kind":"footway","name":""},"geometry":{"type":"LineString","coordinates":[[-117.846678,33.644341],[-117.846622,33.644282]]}},{"type":"Feature","properties":{"kind":"footway","name":""},"geometry":{"type":"LineString","coordinates":[[-117.846433,33.644286],[-117.846513,33.64425],[-117.846472,33.644131]]}},{"type":"Feature","properties":{"kind":"footway","name":""},"geometry":{"type":"LineString","coordinates":[[-117.847022,33.644038],[-117.846852,33.643862]]}},{"type":"Feature","properties":{"kind":"footway","name":""},"geometry":{"type":"LineString","coordinates":[[-117.846786,33.643737],[-117.846834,33.643825]]}},{"type":"Feature","properties":{"kind":"footway","name":""},"geometry":{"type":"LineString","coordinates":[[-117.848301,33.645189],[-117.848613,33.644996]]}},{"type":"Feature","properties":{"kind":"footway","name":""},"geometry":{"type":"LineString","coordinates":[[-117.848358,33.645247],[-117.848662,33.645033]]}},{"type":"Feature","properties":{"kind":"footway","name":""},"geometry":{"type":"LineString","coordinates":[[-117.847012,33.643667],[-117.847035,33.643749]]}},{"type":"Feature","properties":{"kind":"footway","name":""},"geometry":{"type":"LineString","coordinates":[[-117.847035,33.643749],[-117.847111,33.643825],[-117.847201,33.643769]]}},{"type":"Feature","properties":{"kind":"footway","name":""},"geometry":{"type":"LineString","coordinates":[[-117.847074,33.643788],[-117.846852,33.643862]]}},{"type":"Feature","properties":{"kind":"footway","name":""},"geometry":{"type":"LineString","coordinates":[[-117.845899,33.64461],[-117.845791,33.644627],[-117.845565,33.644529]]}},{"type":"Feature","properties":{"kind":"footway","name":""},"geometry":{"type":"LineString","coordinates":[[-117.844308,33.645424],[-117.84414,33.645392]]}},{"type":"Feature","properties":{"kind":"pedestrian","name":""},"geometry":{"type":"LineString","coordinates":[[-117.841309,33.644276],[-117.84118,33.64436],[-117.841104,33.644279],[-117.841238,33.644188],[-117.841309,33.644276]]}},{"type":"Feature","properties":{"kind":"footway","name":""},"geometry":{"type":"LineString","coordinates":[[-117.844687,33.650495],[-117.844584,33.650305],[-117.844769,33.650228]]}},{"type":"Feature","properties":{"kind":"footway","name":""},"geometry":{"type":"LineString","coordinates":[[-117.844842,33.650429],[-117.844732,33.650244]]}},{"type":"Feature","properties":{"kind":"service","name":""},"geometry":{"type":"LineString","coordinates":[[-117.844287,33.650217],[-117.844205,33.650069]]}},{"type":"Feature","properties":{"kind":"pedestrian","name":""},"geometry":{"type":"LineString","coordinates":[[-117.845537,33.650379],[-117.845437,33.650166],[-117.845161,33.650283],[-117.845113,33.650202],[-117.844989,33.65028],[-117.845042,33.650367],[-117.845122,33.65034],[-117.845219,33.650512],[-117.845537,33.650379]]}},{"type":"Feature","properties":{"kind":"pedestrian","name":""},"geometry":{"type":"LineString","coordinates":[[-117.844688,33.649205],[-117.844741,33.649186],[-117.844886,33.649462],[-117.844941,33.649441],[-117.844998,33.64953],[-117.844612,33.64967],[-117.844584,33.649618],[-117.844829,33.649522],[-117.844703,33.649367],[-117.844764,33.649343],[-117.844688,33.649205]]}},{"type":"Feature","properties":{"kind":"footway","name":""},"geometry":{"type":"LineString","coordinates":[[-117.844599,33.652021],[-117.844537,33.651901]]}},{"type":"Feature","properties":{"kind":"footway","name":""},"geometry":{"type":"LineString","coordinates":[[-117.836534,33.648329],[-117.836403,33.648436]]}},{"type":"Feature","properties":{"kind":"footway","name":""},"geometry":{"type":"LineString","coordinates":[[-117.836435,33.648408],[-117.836294,33.648359],[-117.836194,33.648414]]}},{"type":"Feature","properties":{"kind":"footway","name":""},"geometry":{"type":"LineString","coordinates":[[-117.836191,33.648297],[-117.836272,33.647989]]}},{"type":"Feature","properties":{"kind":"footway","name":""},"geometry":{"type":"LineString","coordinates":[[-117.83581,33.648033],[-117.836162,33.648033],[-117.836244,33.648097]]}},{"type":"Feature","properties":{"kind":"footway","name":""},"geometry":{"type":"LineString","coordinates":[[-117.837478,33.648212],[-117.837435,33.648288]]}},{"type":"Feature","properties":{"kind":"footway","name":""},"geometry":{"type":"LineString","coordinates":[[-117.83742,33.648323],[-117.83738,33.648407]]}},{"type":"Feature","properties":{"kind":"footway","name":""},"geometry":{"type":"LineString","coordinates":[[-117.837131,33.648122],[-117.837027,33.648336]]}},{"type":"Feature","properties":{"kind":"footway","name":""},"geometry":{"type":"LineString","coordinates":[[-117.835932,33.648002],[-117.835928,33.648034]]}},{"type":"Feature","properties":{"kind":"footway","name":""},"geometry":{"type":"LineString","coordinates":[[-117.836191,33.648297],[-117.836294,33.648359]]}},{"type":"Feature","properties":{"kind":"footway","name":""},"geometry":{"type":"LineString","coordinates":[[-117.836191,33.648297],[-117.836078,33.648202],[-117.836028,33.648223]]}},{"type":"Feature","properties":{"kind":"footway","name":""},"geometry":{"type":"LineString","coordinates":[[-117.836085,33.648208],[-117.836009,33.648268]]}},{"type":"Feature","properties":{"kind":"footway","name":""},"geometry":{"type":"LineString","coordinates":[[-117.836454,33.648998],[-117.836004,33.648629]]}},{"type":"Feature","properties":{"kind":"footway","name":""},"geometry":{"type":"LineString","coordinates":[[-117.83654,33.648967],[-117.836476,33.648912]]}},{"type":"Feature","properties":{"kind":"footway","name":""},"geometry":{"type":"LineString","coordinates":[[-117.836476,33.648912],[-117.836415,33.648966]]}},{"type":"Feature","properties":{"kind":"footway","name":""},"geometry":{"type":"LineString","coordinates":[[-117.836512,33.648046],[-117.836493,33.648071]]}},{"type":"Feature","properties":{"kind":"footway","name":""},"geometry":{"type":"LineString","coordinates":[[-117.836466,33.648066],[-117.836257,33.648045]]}},{"type":"Feature","properties":{"kind":"footway","name":""},"geometry":{"type":"LineString","coordinates":[[-117.836847,33.648101],[-117.836503,33.648074]]}},{"type":"Feature","properties":{"kind":"footway","name":""},"geometry":{"type":"LineString","coordinates":[[-117.837189,33.648384],[-117.837035,33.648319]]}},{"type":"Feature","properties":{"kind":"footway","name":""},"geometry":{"type":"LineString","coordinates":[[-117.836827,33.64812],[-117.836821,33.648146]]}},{"type":"Feature","properties":{"kind":"footway","name":""},"geometry":{"type":"LineString","coordinates":[[-117.836814,33.648173],[-117.836791,33.648264]]}},{"type":"Feature","properties":{"kind":"footway","name":""},"geometry":{"type":"LineString","coordinates":[[-117.83581,33.648033],[-117.83581,33.648054]]}},{"type":"Feature","properties":{"kind":"footway","name":""},"geometry":{"type":"LineString","coordinates":[[-117.835809,33.64809],[-117.835806,33.648175]]}},{"type":"Feature","properties":{"kind":"footway","name":""},"geometry":{"type":"LineString","coordinates":[[-117.835569,33.648717],[-117.835825,33.648713]]}},{"type":"Feature","properties":{"kind":"footway","name":""},"geometry":{"type":"LineString","coordinates":[[-117.835825,33.648713],[-117.835889,33.648717]]}},{"type":"Feature","properties":{"kind":"footway","name":""},"geometry":{"type":"LineString","coordinates":[[-117.835746,33.648456],[-117.835901,33.648592],[-117.83556,33.648619]]}},{"type":"Feature","properties":{"kind":"footway","name":""},"geometry":{"type":"LineString","coordinates":[[-117.836221,33.648183],[-117.836134,33.648249]]}},{"type":"Feature","properties":{"kind":"pedestrian","name":""},"geometry":{"type":"LineString","coordinates":[[-117.826749,33.646099],[-117.826881,33.64615],[-117.826743,33.64615],[-117.826749,33.646099]]}},{"type":"Feature","properties":{"kind":"footway","name":""},"geometry":{"type":"LineString","coordinates":[[-117.827023,33.646496],[-117.826972,33.646399]]}},{"type":"Feature","properties":{"kind":"pedestrian","name":""},"geometry":{"type":"LineString","coordinates":[[-117.82687,33.646226],[-117.826881,33.64615],[-117.826813,33.646194],[-117.826743,33.64615],[-117.826733,33.646219],[-117.82687,33.646226]]}},{"type":"Feature","properties":{"kind":"footway","name":""},"geometry":{"type":"LineString","coordinates":[[-117.826523,33.646358],[-117.826529,33.646295]]}},{"type":"Feature","properties":{"kind":"footway","name":""},"geometry":{"type":"LineString","coordinates":[[-117.826189,33.64642],[-117.82608,33.646397]]}},{"type":"Feature","properties":{"kind":"footway","name":""},"geometry":{"type":"LineString","coordinates":[[-117.825436,33.646295],[-117.825373,33.646373]]}},{"type":"Feature","properties":{"kind":"footway","name":""},"geometry":{"type":"LineString","coordinates":[[-117.826635,33.647364],[-117.826532,33.647344]]}},{"type":"Feature","properties":{"kind":"footway","name":""},"geometry":{"type":"LineString","coordinates":[[-117.826934,33.647506],[-117.82687,33.647471]]}},{"type":"Feature","properties":{"kind":"footway","name":""},"geometry":{"type":"LineString","coordinates":[[-117.826532,33.647331],[-117.826377,33.647349]]}},{"type":"Feature","properties":{"kind":"footway","name":""},"geometry":{"type":"LineString","coordinates":[[-117.826371,33.647378],[-117.826376,33.647363]]}},{"type":"Feature","properties":{"kind":"footway","name":""},"geometry":{"type":"LineString","coordinates":[[-117.825912,33.646974],[-117.826048,33.646957],[-117.826044,33.647002]]}},{"type":"Feature","properties":{"kind":"footway","name":""},"geometry":{"type":"LineString","coordinates":[[-117.826194,33.647182],[-117.826167,33.647105]]}},{"type":"Feature","properties":{"kind":"footway","name":""},"geometry":{"type":"LineString","coordinates":[[-117.826264,33.647263],[-117.826183,33.647271]]}},{"type":"Feature","properties":{"kind":"footway","name":""},"geometry":{"type":"LineString","coordinates":[[-117.824778,33.646196],[-117.824707,33.646225]]}},{"type":"Feature","properties":{"kind":"footway","name":""},"geometry":{"type":"LineString","coordinates":[[-117.824625,33.64594],[-117.824365,33.646039]]}},{"type":"Feature","properties":{"kind":"footway","name":""},"geometry":{"type":"LineString","coordinates":[[-117.82494,33.64652],[-117.824845,33.646455]]}},{"type":"Feature","properties":{"kind":"footway","name":""},"geometry":{"type":"LineString","coordinates":[[-117.844084,33.650096],[-117.844075,33.64992]]}},{"type":"Feature","properties":{"kind":"pedestrian","name":""},"geometry":{"type":"LineString","coordinates":[[-117.844156,33.649919],[-117.844241,33.649855],[-117.844199,33.649789],[-117.843896,33.649971],[-117.843967,33.650007],[-117.844156,33.649919]]}},{"type":"Feature","properties":{"kind":"footway","name":""},"geometry":{"type":"LineString","coordinates":[[-117.844554,33.648378],[-117.844819,33.648264]]}},{"type":"Feature","properties":{"kind":"pedestrian","name":""},"geometry":{"type":"LineString","coordinates":[[-117.840827,33.646273],[-117.840789,33.646034],[-117.840561,33.646012],[-117.840614,33.646312],[-117.840769,33.646332],[-117.840749,33.646282],[-117.840827,33.646273]]}},{"type":"Feature","properties":{"kind":"footway","name":""},"geometry":{"type":"LineString","coordinates":[[-117.839567,33.645224],[-117.839562,33.645241]]}},{"type":"Feature","properties":{"kind":"footway","name":""},"geometry":{"type":"LineString","coordinates":[[-117.839407,33.645138],[-117.8394,33.645155]]}},{"type":"Feature","properties":{"kind":"footway","name":""},"geometry":{"type":"LineString","coordinates":[[-117.839392,33.645173],[-117.839386,33.64519]]}},{"type":"Feature","properties":{"kind":"footway","name":""},"geometry":{"type":"LineString","coordinates":[[-117.839386,33.64519],[-117.83935,33.645251]]}},{"type":"Feature","properties":{"kind":"pedestrian","name":""},"geometry":{"type":"LineString","coordinates":[[-117.837339,33.644808],[-117.837435,33.644852],[-117.837816,33.644822],[-117.837808,33.644756],[-117.837921,33.644742],[-117.837918,33.644683],[-117.837403,33.644763],[-117.837328,33.644686],[-117.837113,33.644704],[-117.837093,33.64456],[-117.83702,33.644564],[-117.837011,33.644812],[-117.837339,33.644808]]}},{"type":"Feature","properties":{"kind":"footway","name":""},"geometry":{"type":"LineString","coordinates":[[-117.837491,33.644754],[-117.837497,33.644784]]}},{"type":"Feature","properties":{"kind":"footway","name":""},"geometry":{"type":"LineString","coordinates":[[-117.83748,33.644703],[-117.83788,33.644669]]}},{"type":"Feature","properties":{"kind":"pedestrian","name":""},"geometry":{"type":"LineString","coordinates":[[-117.837539,33.644028],[-117.837374,33.644034],[-117.8374,33.644135],[-117.837542,33.644098],[-117.837539,33.644028]]}},{"type":"Feature","properties":{"kind":"footway","name":""},"geometry":{"type":"LineString","coordinates":[[-117.838888,33.645178],[-117.838883,33.645152]]}},{"type":"Feature","properties":{"kind":"footway","name":""},"geometry":{"type":"LineString","coordinates":[[-117.838879,33.645128],[-117.838888,33.645077]]}},{"type":"Feature","properties":{"kind":"footway","name":""},"geometry":{"type":"LineString","coordinates":[[-117.838017,33.645237],[-117.838009,33.645144]]}},{"type":"Feature","properties":{"kind":"pedestrian","name":""},"geometry":{"type":"LineString","coordinates":[[-117.844434,33.646018],[-117.844318,33.646203],[-117.844214,33.64624],[-117.84424,33.646023],[-117.844434,33.646018]]}},{"type":"Feature","properties":{"kind":"footway","name":""},"geometry":{"type":"LineString","coordinates":[[-117.824768,33.646736],[-117.825001,33.646646]]}},{"type":"Feature","properties":{"kind":"footway","name":""},"geometry":{"type":"LineString","coordinates":[[-117.824606,33.645108],[-117.824621,33.645207]]}},{"type":"Feature","properties":{"kind":"pedestrian","name":""},"geometry":{"type":"LineString","coordinates":[[-117.824925,33.643871],[-117.82499,33.643785],[-117.824842,33.643717],[-117.824808,33.643817],[-117.824925,33.643871]]}},{"type":"Feature","properties":{"kind":"pedestrian","name":""},"geometry":{"type":"LineString","coordinates":[[-117.825553,33.644431],[-117.825646,33.644349],[-117.825536,33.644275],[-117.82546,33.644359],[-117.825553,33.644431]]}},{"type":"Feature","properties":{"kind":"footway","name":""},"geometry":{"type":"LineString","coordinates":[[-117.826787,33.644811],[-117.826568,33.644805],[-117.826533,33.644874]]}},{"type":"Feature","properties":{"kind":"pedestrian","name":""},"geometry":{"type":"LineString","coordinates":[[-117.82678,33.644886],[-117.826797,33.644722],[-117.826725,33.644708],[-117.826703,33.644884],[-117.82678,33.644886]]}},{"type":"Feature","properties":{"kind":"service","name":""},"geometry":{"type":"LineString","coordinates":[[-117.844637,33.646511],[-117.844632,33.646453],[-117.844887,33.64645],[-117.844888,33.646527],[-117.845233,33.646645],[-117.845123,33.64665],[-117.845024,33.646753],[-117.844926,33.646723],[-117.844944,33.646595],[-117.844637,33.646511]]}},{"type":"Feature","properties":{"kind":"footway","name":""},"geometry":{"type":"LineString","coordinates":[[-117.84563,33.646904],[-117.845702,33.646807]]}},{"type":"Feature","properties":{"kind":"footway","name":""},"geometry":{"type":"LineString","coordinates":[[-117.84565,33.646668],[-117.84545,33.646688]]}},{"type":"Feature","properties":{"kind":"footway","name":""},"geometry":{"type":"LineString","coordinates":[[-117.845719,33.645197],[-117.845721,33.645128]]}},{"type":"Feature","properties":{"kind":"footway","name":""},"geometry":{"type":"LineString","coordinates":[[-117.83162,33.645819],[-117.831528,33.645934]]}},{"type":"Feature","properties":{"kind":"footway","name":""},"geometry":{"type":"LineString","coordinates":[[-117.83165,33.645995],[-117.831528,33.645934]]}},{"type":"Feature","properties":{"kind":"footway","name":""},"geometry":{"type":"LineString","coordinates":[[-117.849388,33.646572],[-117.849508,33.646436]]}},{"type":"Feature","properties":{"kind":"footway","name":""},"geometry":{"type":"LineString","coordinates":[[-117.849592,33.646443],[-117.849894,33.64645]]}},{"type":"Feature","properties":{"kind":"footway","name":""},"geometry":{"type":"LineString","coordinates":[[-117.849763,33.646455],[-117.84983,33.646323]]}},{"type":"Feature","properties":{"kind":"footway","name":""},"geometry":{"type":"LineString","coordinates":[[-117.830472,33.644618],[-117.830383,33.644593]]}},{"type":"Feature","properties":{"kind":"footway","name":""},"geometry":{"type":"LineString","coordinates":[[-117.832382,33.645443],[-117.832375,33.645137]]}},{"type":"Feature","properties":{"kind":"pedestrian","name":""},"geometry":{"type":"LineString","coordinates":[[-117.838827,33.645167],[-117.838741,33.64544],[-117.838784,33.6456],[-117.838654,33.645605],[-117.838662,33.645469],[-117.838574,33.645307],[-117.838657,33.645184],[-117.838827,33.645167]]}},{"type":"Feature","properties":{"kind":"pedestrian","name":""},"geometry":{"type":"LineString","coordinates":[[-117.846429,33.649406],[-117.846519,33.649237],[-117.845927,33.648939],[-117.845915,33.649165],[-117.846429,33.649406]]}},{"type":"Feature","properties":{"kind":"footway","name":""},"geometry":{"type":"LineString","coordinates":[[-117.846395,33.645869],[-117.846589,33.645995],[-117.846706,33.645957],[-117.846744,33.645865]]}},{"type":"Feature","properties":{"kind":"footway","name":""},"geometry":{"type":"LineString","coordinates":[[-117.846395,33.645869],[-117.846546,33.645732],[-117.846726,33.645799],[-117.846744,33.645865]]}},{"type":"Feature","properties":{"kind":"footway","name":""},"geometry":{"type":"LineString","coordinates":[[-117.846719,33.645865],[-117.846565,33.645867]]}},{"type":"Feature","properties":{"kind":"pedestrian","name":""},"geometry":{"type":"LineString","coordinates":[[-117.846433,33.645866],[-117.846519,33.645955],[-117.846652,33.64588],[-117.846535,33.645777],[-117.846433,33.645866]]}},{"type":"Feature","properties":{"kind":"footway","name":""},"geometry":{"type":"LineString","coordinates":[[-117.840941,33.646932],[-117.84082,33.647061],[-117.840754,33.647028],[-117.840593,33.647104]]}},{"type":"Feature","properties":{"kind":"footway","name":""},"geometry":{"type":"LineString","coordinates":[[-117.827402,33.647539],[-117.827446,33.647708]]}},{"type":"Feature","properties":{"kind":"footway","name":""},"geometry":{"type":"LineString","coordinates":[[-117.826341,33.646913],[-117.826476,33.646922]]}},{"type":"Feature","properties":{"kind":"footway","name":""},"geometry":{"type":"LineString","coordinates":[[-117.829918,33.644426],[-117.829812,33.644455]]}},{"type":"Feature","properties":{"kind":"service","name":""},"geometry":{"type":"LineString","coordinates":[[-117.844537,33.644964],[-117.844619,33.644804],[-117.844358,33.644863],[-117.844357,33.644975],[-117.844537,33.644964]]}},{"type":"Feature","properties":{"kind":"pedestrian","name":""},"geometry":{"type":"LineString","coordinates":[[-117.84513,33.644489],[-117.844981,33.644415],[-117.844877,33.644487],[-117.845003,33.644647],[-117.845131,33.644579],[-117.84513,33.644489]]}},{"type":"Feature","properties":{"kind":"pedestrian","name":""},"geometry":{"type":"LineString","coordinates":[[-117.845112,33.644804],[-117.845003,33.644647],[-117.845131,33.644579],[-117.845245,33.644744],[-117.845112,33.644804]]}},{"type":"Feature","properties":{"kind":"pedestrian","name":""},"geometry":{"type":"LineString","coordinates":[[-117.84455,33.644276],[-117.844715,33.644143],[-117.844644,33.644088],[-117.84447,33.644243],[-117.84455,33.644276]]}},{"type":"Feature","properties":{"kind":"path","name":""},"geometry":{"type":"LineString","coordinates":[[-117.848061,33.641421],[-117.848121,33.641141],[-117.846951,33.640334],[-117.846785,33.640299]]}},{"type":"Feature","properties":{"kind":"footway","name":""},"geometry":{"type":"LineString","coordinates":[[-117.842097,33.642013],[-117.84204,33.641922]]}},{"type":"Feature","properties":{"kind":"footway","name":""},"geometry":{"type":"LineString","coordinates":[[-117.843375,33.641869],[-117.842823,33.642099],[-117.842062,33.642245],[-117.841725,33.641613],[-117.841466,33.641301]]}},{"type":"Feature","properties":{"kind":"footway","name":""},"geometry":{"type":"LineString","coordinates":[[-117.84258,33.641564],[-117.842488,33.641577],[-117.842321,33.641454]]}},{"type":"Feature","properties":{"kind":"footway","name":""},"geometry":{"type":"LineString","coordinates":[[-117.842206,33.641259],[-117.842245,33.641186]]}},{"type":"Feature","properties":{"kind":"footway","name":""},"geometry":{"type":"LineString","coordinates":[[-117.840285,33.640686],[-117.840283,33.640706]]}},{"type":"Feature","properties":{"kind":"footway","name":""},"geometry":{"type":"LineString","coordinates":[[-117.840957,33.637602],[-117.841043,33.637629],[-117.841089,33.637739],[-117.840969,33.637836],[-117.840232,33.637891],[-117.838869,33.638126]]}},{"type":"Feature","properties":{"kind":"footway","name":""},"geometry":{"type":"LineString","coordinates":[[-117.838386,33.638079],[-117.838219,33.638008]]}},{"type":"Feature","properties":{"kind":"footway","name":""},"geometry":{"type":"LineString","coordinates":[[-117.839657,33.646936],[-117.839726,33.646921]]}},{"type":"Feature","properties":{"kind":"footway","name":""},"geometry":{"type":"LineString","coordinates":[[-117.835661,33.645773],[-117.835656,33.645502]]}},{"type":"Feature","properties":{"kind":"footway","name":""},"geometry":{"type":"LineString","coordinates":[[-117.832195,33.645137],[-117.832194,33.644845]]}},{"type":"Feature","properties":{"kind":"footway","name":""},"geometry":{"type":"LineString","coordinates":[[-117.832378,33.645277],[-117.831951,33.645288]]}},{"type":"Feature","properties":{"kind":"footway","name":""},"geometry":{"type":"LineString","coordinates":[[-117.83228,33.645474],[-117.831907,33.64548]]}},{"type":"Feature","properties":{"kind":"footway","name":""},"geometry":{"type":"LineString","coordinates":[[-117.832453,33.645687],[-117.832447,33.645441]]}},{"type":"Feature","properties":{"kind":"footway","name":""},"geometry":{"type":"LineString","coordinates":[[-117.832191,33.646369],[-117.832185,33.646113]]}},{"type":"Feature","properties":{"kind":"footway","name":""},"geometry":{"type":"LineString","coordinates":[[-117.832018,33.646635],[-117.831669,33.646643]]}},{"type":"Feature","properties":{"kind":"service","name":""},"geometry":{"type":"LineString","coordinates":[[-117.837923,33.649294],[-117.837827,33.649701]]}},{"type":"Feature","properties":{"kind":"footway","name":""},"geometry":{"type":"LineString","coordinates":[[-117.825058,33.647161],[-117.824452,33.646204],[-117.824167,33.645588]]}},{"type":"Feature","properties":{"kind":"footway","name":""},"geometry":{"type":"LineString","coordinates":[[-117.825147,33.647256],[-117.825058,33.647161]]}},{"type":"Feature","properties":{"kind":"footway","name":""},"geometry":{"type":"LineString","coordinates":[[-117.823678,33.643835],[-117.823251,33.64384]]}},{"type":"Feature","properties":{"kind":"footway","name":""},"geometry":{"type":"LineString","coordinates":[[-117.823673,33.643965],[-117.823252,33.643961]]}},{"type":"Feature","properties":{"kind":"footway","name":""},"geometry":{"type":"LineString","coordinates":[[-117.823252,33.643961],[-117.822521,33.643975]]}},{"type":"Feature","properties":{"kind":"service","name":""},"geometry":{"type":"LineString","coordinates":[[-117.84658,33.652029],[-117.846776,33.651974]]}},{"type":"Feature","properties":{"kind":"service","name":""},"geometry":{"type":"LineString","coordinates":[[-117.846625,33.651587],[-117.846776,33.651974]]}},{"type":"Feature","properties":{"kind":"service","name":""},"geometry":{"type":"LineString","coordinates":[[-117.841318,33.649431],[-117.841504,33.649542]]}}]}